Name,Condition,quantity,cost price each,Total Cost,selling price,total selling price,Search Text For Item,image search,image fetch,Image Link,Image,,Google image search
Dell G16 i7 13700HX 32 1TB 4060 Gaming Laptop Notebook,Brand New,4,12989,51956,33000,132000,Dell%20G16%20i7%2013700HX%2032%201TB%204060%20Gaming%20Laptop%20Notebook%20-%20Manufacturer%20Stock%20Image,https://images.search.yahoo.com/search/images?p=Dell%20G16%20i7%2013700HX%2032%201TB%204060%20Gaming%20Laptop%20Notebook%20-%20Manufacturer%20Stock%20Image,"{""tw"":""1000"",""th"":""1000"",""tc"":""0"",""rtc"":"""",""stc"":"""",""a"":""www.exclusivestores.gr"",""s"":""141.8KB"",""w"":""1000"",""h"":""1000"",""hq"":false,""o"":"""",""c"":"""",""p"":false,""g"":"""",""sm"":"""",""is"":"""",""icMeta"":[],""rurl"":""https:\/\/www.exclusivestores.gr\/dell\/dell_product_details\/244-94-DENSRG7630A\/DELL-Laptop-G16-7630-16\u0027\u0027-QHD-i7-13700HX-32GB-1TB-SSD-GeForce-RTX-4060-8GB-Win-11-1Y-PRM-NBD-Metallic-Nightshade"",""sigr"":""mbmynb6W8cLA"",""hturl"":"""",""ad"":false,""alt"":""DELL 
Laptop G16 7630 16\u0026#39;\u0026#39; QHD+\/i7-13700HX\/32GB\/1TB 
SSD\/GeForce RTX 4060 8GB\/Win 11\/1Y PRM NBD 
..."",""rtl"":0,""iurl"":""https:\/\/www.exclusivestores.gr\/dell\/images\/photos\/244-94-DENSRG7630A.jpg"",""sigi"":""SvcD.rYecPTN"",""ourl"":""https:\/\/www.exclusivestores.gr\/dell\/images\/photos\/244-94-DENSRG7630A.jpg"",""ith"":""https:\/\/tse3.mm.bing.net\/th?id=OIP.ylGhpO-jsgKUdlbfdEIk2gHaHa\u0026pid=Api\u0026P=0\u0026w=300\u0026h=300"",""rb"":"";_ylt=Awr9_TfuJwNmVDAHmMmJzbkF;_ylu=c2VjA3NyBHNsawNpbWcEb2lkA2Y3YTBiMDc3ZjE0YWQ3YjY1MDI0Mjk0N2Q3ZjcwMDRkBGdwb3MDMgRpdANiaW5n"",""rs"":0,""typ"":""""}",https://b.scdn.gr/images/sku_images/074720/74720104/20230419105737_b9b23feb.jpeg,,https://www.google.com/search?q=Dell%20G16%20i7%2013700HX%2032%201TB%204060%20Gaming%20Laptop%20Notebook%20-%20Manufacturer%20Stock%20Image&source=lnms&tbm=isch&sa=X&ved=2ahUKEwi_sfHlpeb8AhUvhP0HHVD6B6oQ_AUoAnoECAEQBA&biw=1920&bih=1009&dpr=1,https://www.google.com/search?q=Dell%20G16%20i7%2013700HX%2032%201TB%204060%20Gaming%20Laptop%20Notebook%20-%20Manufacturer%20Stock%20Image&source=lnms&tbm=isch&sa=X&ved=2ahUKEwi_sfHlpeb8AhUvhP0HHVD6B6oQ_AUoAnoECAEQBA&biw=1920&bih=1009&dpr=1
iPhone 15 128gb Blue,Brand New,4,78.15,312.6,16800,67200,iPhone%2015%20128gb%20Blue%20-%20Manufacturer%20Stock%20Image,https://images.search.yahoo.com/search/images?p=iPhone%2015%20128gb%20Blue%20-%20Manufacturer%20Stock%20Image,,https://www.incredible.co.za/media/catalog/product/cache/7ce9addd40d23ee411c2cc726ad5e7ed/i/p/iphone_15_blue_pdp_image_position_1__wwen_ecommerce_494f.png,,https://www.google.com/search?q=iPhone%2015%20128gb%20Blue%20-%20Manufacturer%20Stock%20Image&source=lnms&tbm=isch&sa=X&ved=2ahUKEwi_sfHlpeb8AhUvhP0HHVD6B6oQ_AUoAnoECAEQBA&biw=1920&bih=1009&dpr=1,https://www.google.com/search?q=iPhone%2015%20128gb%20Blue%20-%20Manufacturer%20Stock%20Image&source=lnms&tbm=isch&sa=X&ved=2ahUKEwi_sfHlpeb8AhUvhP0HHVD6B6oQ_AUoAnoECAEQBA&biw=1920&bih=1009&dpr=1
iPhone 15 128gb Black,Brand New,3,78.15,234.45,16800,50400,iPhone%2015%20128gb%20Black%20-%20Manufacturer%20Stock%20Image,https://images.search.yahoo.com/search/images?p=iPhone%2015%20128gb%20Black%20-%20Manufacturer%20Stock%20Image,"{""tw"":""750"",""th"":""750"",""tc"":""0"",""rtc"":"""",""stc"":"""",""a"":""www.epic.com.cy"",""s"":""33.3KB"",""w"":""750"",""h"":""750"",""hq"":false,""o"":"""",""c"":"""",""p"":false,""g"":"""",""sm"":"""",""is"":"""",""icMeta"":[],""rurl"":""https:\/\/www.epic.com.cy\/en\/i\/rjbRpqOvEGoL\/apple-iphone-15-128gb-black\/"",""sigr"":""DjYr5LbSPskb"",""hturl"":"""",""ad"":false,""alt"":""Apple 
iPhone 15 128GB 
Black"",""rtl"":0,""iurl"":""https:\/\/api.epic.com.cy\/cdn\/storage\/products\/iphone-15-pure-black-1-jpg-h4GNvVnFA.jpg"",""sigi"":""iI7_jW41u2As"",""ourl"":""https:\/\/api.epic.com.cy\/cdn\/storage\/products\/iphone-15-pure-black-1-jpg-h4GNvVnFA.jpg"",""ith"":""https:\/\/tse3.mm.bing.net\/th?id=OIP.GPXqpNSz56tLAIMK_ZumjgHaHa\u0026pid=Api\u0026P=0\u0026w=300\u0026h=300"",""rb"":"";_ylt=Awr9_TdsMQNmThkH.FiJzbkF;_ylu=c2VjA3NyBHNsawNpbWcEb2lkA2M0NGVlMDBkNDQzZWEzZjcyMDE0ZDVkNmQwMmIxNDA1BGdwb3MDMQRpdANiaW5n"",""rs"":0,""typ"":""""}",https://www.incredible.co.za/media/catalog/product/cache/7ce9addd40d23ee411c2cc726ad5e7ed/i/p/iphone_15_black_pdp_image_position_1__wwen_ecommerce_ea85.png,,https://www.google.com/search?q=iPhone%2015%20128gb%20Black%20-%20Manufacturer%20Stock%20Image&source=lnms&tbm=isch&sa=X&ved=2ahUKEwi_sfHlpeb8AhUvhP0HHVD6B6oQ_AUoAnoECAEQBA&biw=1920&bih=1009&dpr=1,https://www.google.com/search?q=iPhone%2015%20128gb%20Black%20-%20Manufacturer%20Stock%20Image&source=lnms&tbm=isch&sa=X&ved=2ahUKEwi_sfHlpeb8AhUvhP0HHVD6B6oQ_AUoAnoECAEQBA&biw=1920&bih=1009&dpr=1
iPhone 15 128gb Green,Brand New,2,78.15,156.3,16800,33600,iPhone%2015%20128gb%20Green%20-%20Manufacturer%20Stock%20Image,https://images.search.yahoo.com/search/images?p=iPhone%2015%20128gb%20Green%20-%20Manufacturer%20Stock%20Image,,https://www.incredible.co.za/media/catalog/product/cache/7ce9addd40d23ee411c2cc726ad5e7ed/i/p/iphone_15_green_primary_image_ecommerce_9b62.png,,https://www.google.com/search?q=iPhone%2015%20128gb%20Green%20-%20Manufacturer%20Stock%20Image&source=lnms&tbm=isch&sa=X&ved=2ahUKEwi_sfHlpeb8AhUvhP0HHVD6B6oQ_AUoAnoECAEQBA&biw=1920&bih=1009&dpr=1,https://www.google.com/search?q=iPhone%2015%20128gb%20Green%20-%20Manufacturer%20Stock%20Image&source=lnms&tbm=isch&sa=X&ved=2ahUKEwi_sfHlpeb8AhUvhP0HHVD6B6oQ_AUoAnoECAEQBA&biw=1920&bih=1009&dpr=1
iPhone 15 128gb Pink,Brand New,2,78.15,156.3,16800,33600,iPhone%2015%20128gb%20Pink%20-%20Manufacturer%20Stock%20Image,https://images.search.yahoo.com/search/images?p=iPhone%2015%20128gb%20Pink%20-%20Manufacturer%20Stock%20Image,"{""tw"":""970"",""th"":""546"",""tc"":""0"",""rtc"":"""",""stc"":"""",""a"":""www.whirlapps.com"",""s"":""32.9KB"",""w"":""970"",""h"":""546"",""hq"":false,""o"":"""",""c"":"""",""p"":false,""g"":"""",""sm"":"""",""is"":"""",""icMeta"":[],""rurl"":""https:\/\/www.whirlapps.com\/news\/iphone-15-red"",""sigr"":""PcJHFzud4KMq"",""hturl"":"""",""ad"":false,""alt"":""\u4f20\u8a00\u82f9\u679c\u7684\u65b0iPhone 
15\u4e13\u4e1a\u8272\u5f69\u91ce\u751f|\u521b\u610fBloq\u9a71\u52a8\u5668\u7684\u7c89\u4e1d 
- \u5fc5\u5a01 
\u897f\u6c49\u59c6\u8054"",""rtl"":0,""iurl"":""https:\/\/cdn.mos.cms.futurecdn.net\/d9KJpQxAt7Jbgb2h222rPL-970-80.jpg"",""sigi"":""4Jf.35x5MCig"",""ourl"":""https:\/\/cdn.mos.cms.futurecdn.net\/d9KJpQxAt7Jbgb2h222rPL-970-80.jpg"",""ith"":""https:\/\/tse2.mm.bing.net\/th?id=OIP.1job2Hxl1pTwy2umKCP3IwHaEK\u0026pid=Api\u0026P=0\u0026w=300\u0026h=300"",""rb"":"";_ylt=Awrjbo9sMQNmRxkXXTeJzbkF;_ylu=c2VjA3NyBHNsawNpbWcEb2lkA2JmNjYwZGQ4NDExODIwOTdmNzRiMzE3Zjk1NGQ1NGVkBGdwb3MDMgRpdANiaW5n"",""rs"":0,""typ"":""""}",https://www.incredible.co.za/media/catalog/product/cache/7ce9addd40d23ee411c2cc726ad5e7ed/i/p/iphone_15_pink_pdp_image_position_1__wwen_ecommerce_a63e.png,,https://www.google.com/search?q=iPhone%2015%20128gb%20Pink%20-%20Manufacturer%20Stock%20Image&source=lnms&tbm=isch&sa=X&ved=2ahUKEwi_sfHlpeb8AhUvhP0HHVD6B6oQ_AUoAnoECAEQBA&biw=1920&bih=1009&dpr=1,https://www.google.com/search?q=iPhone%2015%20128gb%20Pink%20-%20Manufacturer%20Stock%20Image&source=lnms&tbm=isch&sa=X&ved=2ahUKEwi_sfHlpeb8AhUvhP0HHVD6B6oQ_AUoAnoECAEQBA&biw=1920&bih=1009&dpr=1
Garmin Edge 1040 Cycling Computer,Brand New,1,2999.95,2999.95,10800,10800,Garmin%20Edge%201040%20Cycling%20Computer%20-%20Manufacturer%20Stock%20Image,https://images.search.yahoo.com/search/images?p=Garmin%20Edge%201040%20Cycling%20Computer%20-%20Manufacturer%20Stock%20Image,,https://startfitness.co.uk/cdn/shop/products/garmin-edge-1040-gps-cycling-computer-black-753759279684-37308762882256.jpg?v=1702923204&width=1946,,https://www.google.com/search?q=Garmin%20Edge%201040%20Cycling%20Computer%20-%20Manufacturer%20Stock%20Image&source=lnms&tbm=isch&sa=X&ved=2ahUKEwi_sfHlpeb8AhUvhP0HHVD6B6oQ_AUoAnoECAEQBA&biw=1920&bih=1009&dpr=1,https://www.google.com/search?q=Garmin%20Edge%201040%20Cycling%20Computer%20-%20Manufacturer%20Stock%20Image&source=lnms&tbm=isch&sa=X&ved=2ahUKEwi_sfHlpeb8AhUvhP0HHVD6B6oQ_AUoAnoECAEQBA&biw=1920&bih=1009&dpr=1
Playstation VR 2 (PS5),New Unsealed,1,9960,9960,10000,10000,Playstation%20VR%202%20%28PS5%29%20-%20Manufacturer%20Stock%20Image,https://images.search.yahoo.com/search/images?p=Playstation%20VR%202%20%28PS5%29%20-%20Manufacturer%20Stock%20Image,"{""tw"":""1920"",""th"":""1030"",""tc"":""0"",""rtc"":"""",""stc"":"""",""a"":""www.playstation.com"",""s"":""134.3KB"",""w"":""1920"",""h"":""1030"",""hq"":false,""o"":"""",""c"":"""",""p"":false,""g"":"""",""sm"":"""",""is"":"""",""icMeta"":[],""rurl"":""https:\/\/www.playstation.com\/en-us\/ps-vr2\/"",""sigr"":""pR0gxXSBvSEP"",""hturl"":"""",""ad"":false,""alt"":""PlayStation\u00aeVR2 
| The next generation of VR gaming on PS5 | PlayStation 
(US)"",""rtl"":0,""iurl"":""https:\/\/gmedia.playstation.com\/is\/image\/SIEPDC\/psvr2-headset-controllers-image-block-02-en-22feb22?$native$"",""sigi"":""FHtqHxZYB7mL"",""ourl"":""https:\/\/gmedia.playstation.com\/is\/image\/SIEPDC\/psvr2-headset-controllers-image-block-02-en-22feb22?$native$"",""ith"":""https:\/\/tse4.mm.bing.net\/th?id=OIP.p2eyZeLincyc1zgb1th88AHaD-\u0026pid=Api\u0026P=0\u0026w=300\u0026h=300"",""rb"":"";_ylt=Awrjff1tMQNmZGQZN2iJzbkF;_ylu=c2VjA3NyBHNsawNpbWcEb2lkA2RkN2M4NjJlYWY2N2NhMDUyMmQxYTZmY2VhZjU2YWIwBGdwb3MDMQRpdANiaW5n"",""rs"":0,""typ"":""""}",https://assetsio.gnwcdn.com/psvr2-headset-01.png?width=1200&height=1200&fit=bounds&quality=70&format=jpg&auto=webp,,https://www.google.com/search?q=Playstation%20VR%202%20%28PS5%29%20-%20Manufacturer%20Stock%20Image&source=lnms&tbm=isch&sa=X&ved=2ahUKEwi_sfHlpeb8AhUvhP0HHVD6B6oQ_AUoAnoECAEQBA&biw=1920&bih=1009&dpr=1,https://www.google.com/search?q=Playstation%20VR%202%20%28PS5%29%20-%20Manufacturer%20Stock%20Image&source=lnms&tbm=isch&sa=X&ved=2ahUKEwi_sfHlpeb8AhUvhP0HHVD6B6oQ_AUoAnoECAEQBA&biw=1920&bih=1009&dpr=1
Apple iPad Mini 6 Wi-Fi 256GB Starlight,Brand New,3,6309,18927,9500,28500,Apple%20iPad%20Mini%206%20Wi-Fi%20256GB%20Starlight%20-%20Manufacturer%20Stock%20Image,https://images.search.yahoo.com/search/images?p=Apple%20iPad%20Mini%206%20Wi-Fi%20256GB%20Starlight%20-%20Manufacturer%20Stock%20Image,"{""tw"":""1507"",""th"":""3088"",""tc"":""0"",""rtc"":"""",""stc"":"""",""a"":""www.bestbuy.com"",""s"":""727.8KB"",""w"":""1507"",""h"":""3088"",""hq"":false,""o"":"""",""c"":"""",""p"":false,""g"":"""",""sm"":"""",""is"":"""",""icMeta"":[],""rurl"":""https:\/\/www.bestbuy.com\/site\/apple-ipad-mini-latest-model-with-wi-fi-cellular-256gb-starlight-unlocked\/6340487.p"",""sigr"":""XLYk9pmoWlzD"",""hturl"":"""",""ad"":false,""alt"":""Apple 
iPad mini (Latest Model) with Wi-Fi + Cellular 256GB Starlight (Unlocked) 
MK8H3LL\/A - Best 
Buy"",""rtl"":0,""iurl"":""https:\/\/pisces.bbystatic.com\/image2\/BestBuy_US\/images\/products\/6340\/6340487cv11d.jpg"",""sigi"":""ooBwbvcjIHXH"",""ourl"":""https:\/\/pisces.bbystatic.com\/image2\/BestBuy_US\/images\/products\/6340\/6340487cv11d.jpg"",""ith"":""https:\/\/tse4.mm.bing.net\/th?id=OIP.6YIwwhABJGf4NQWgjIsSygHaPL\u0026pid=Api\u0026P=0\u0026w=300\u0026h=300"",""rb"":"";_ylt=AwrOo.NzMQNmnfYZdEOJzbkF;_ylu=c2VjA3NyBHNsawNpbWcEb2lkAzZjOTk3YjVhNTY5M2RhZGM1Njk1ODIzMjg1YmE5YmFmBGdwb3MDMQRpdANiaW5n"",""rs"":0,""typ"":""""}",https://pisces.bbystatic.com/image2/BestBuy_US/images/products/6340/6340487cv11d.jpg,,https://www.google.com/search?q=Apple%20iPad%20Mini%206%20Wi-Fi%20256GB%20Starlight%20-%20Manufacturer%20Stock%20Image&source=lnms&tbm=isch&sa=X&ved=2ahUKEwi_sfHlpeb8AhUvhP0HHVD6B6oQ_AUoAnoECAEQBA&biw=1920&bih=1009&dpr=1,https://www.google.com/search?q=Apple%20iPad%20Mini%206%20Wi-Fi%20256GB%20Starlight%20-%20Manufacturer%20Stock%20Image&source=lnms&tbm=isch&sa=X&ved=2ahUKEwi_sfHlpeb8AhUvhP0HHVD6B6oQ_AUoAnoECAEQBA&biw=1920&bih=1009&dpr=1
Apple iPad Mini 6 Wi-Fi + Cellular 64GB Purple,Brand New,2,7491.5,14983,9500,19000,Apple%20iPad%20Mini%206%20Wi-Fi%20%2B%20Cellular%2064GB%20Purple%20-%20Manufacturer%20Stock%20Image,https://images.search.yahoo.com/search/images?p=Apple%20iPad%20Mini%206%20Wi-Fi%20%2B%20Cellular%2064GB%20Purple%20-%20Manufacturer%20Stock%20Image,"{""tw"":""700"",""th"":""700"",""tc"":""0"",""rtc"":"""",""stc"":"""",""a"":""www.incredible.co.za"",""s"":""37.7KB"",""w"":""700"",""h"":""700"",""hq"":false,""o"":"""",""c"":"""",""p"":false,""g"":"""",""sm"":"""",""is"":"""",""icMeta"":[],""rurl"":""https:\/\/www.incredible.co.za\/apple-ipad-mini-6-wi-fi-64gb-purple"",""sigr"":""X5QlCfBN6Ruc"",""hturl"":"""",""ad"":false,""alt"":""Apple 
iPad Mini 6 Wi-Fi 64GB Purple - Incredible 
Connection"",""rtl"":0,""iurl"":""https:\/\/www.incredible.co.za\/media\/catalog\/product\/cache\/7ce9addd40d23ee411c2cc726ad5e7ed\/i\/p\/ipad_mini_cellular_purple_64gb_bd2d.jpg"",""sigi"":""CFoEgSSyYJdv"",""ourl"":""https:\/\/www.incredible.co.za\/media\/catalog\/product\/cache\/7ce9addd40d23ee411c2cc726ad5e7ed\/i\/p\/ipad_mini_cellular_purple_64gb_bd2d.jpg"",""ith"":""https:\/\/tse1.mm.bing.net\/th?id=OIP.EMUvN2ZIxv4_57RcLfiu1wHaHa\u0026pid=Api\u0026P=0\u0026w=300\u0026h=300"",""rb"":"";_ylt=AwrOo.NmMgNmp68ZY46JzbkF;_ylu=c2VjA3NyBHNsawNpbWcEb2lkAzI0M2ZjNTA3ZGI3NDA4YWU1YmE4ZTc2Y2E2ZTYyZmM1BGdwb3MDMQRpdANiaW5n"",""rs"":0,""typ"":""""}",https://www.incredible.co.za/media/catalog/product/cache/7ce9addd40d23ee411c2cc726ad5e7ed/i/p/ipad_mini_cellular_purple_64gb_bd2d.jpg,,https://www.google.com/search?q=Apple%20iPad%20Mini%206%20Wi-Fi%20%2B%20Cellular%2064GB%20Purple%20-%20Manufacturer%20Stock%20Image&source=lnms&tbm=isch&sa=X&ved=2ahUKEwi_sfHlpeb8AhUvhP0HHVD6B6oQ_AUoAnoECAEQBA&biw=1920&bih=1009&dpr=1,https://www.google.com/search?q=Apple%20iPad%20Mini%206%20Wi-Fi%20%2B%20Cellular%2064GB%20Purple%20-%20Manufacturer%20Stock%20Image&source=lnms&tbm=isch&sa=X&ved=2ahUKEwi_sfHlpeb8AhUvhP0HHVD6B6oQ_AUoAnoECAEQBA&biw=1920&bih=1009&dpr=1
Google Pixel 7a - Charcoal,Brand New,1,8167.56,8167.56,9500,9500,Google%20Pixel%207a%20-%20Charcoal%20-%20Manufacturer%20Stock%20Image,https://images.search.yahoo.com/search/images?p=Google%20Pixel%207a%20-%20Charcoal%20-%20Manufacturer%20Stock%20Image,"{""tw"":""700"",""th"":""700"",""tc"":""0"",""rtc"":"""",""stc"":"""",""a"":""www.mobiletrade.ee"",""s"":""319.8KB"",""w"":""700"",""h"":""700"",""hq"":false,""o"":"""",""c"":"""",""p"":false,""g"":"""",""sm"":"""",""is"":"""",""icMeta"":[],""rurl"":""https:\/\/www.mobiletrade.ee\/et\/a\/google-pixel-7a-128gb-charcoal"",""sigr"":""VOrCZ_qQ6aOw"",""hturl"":"""",""ad"":false,""alt"":""Google 
Pixel 7a 128GB @ Mobile 
Trade"",""rtl"":0,""iurl"":""https:\/\/www.mobiletrade.ee\/media\/mobiletrade\/.product-image\/large\/product\/pictures\/Google%20Pixel%207a%20(Charcoal).png"",""sigi"":""bSuCd0IaDemN"",""ourl"":""https:\/\/www.mobiletrade.ee\/media\/mobiletrade\/.product-image\/large\/product\/pictures\/Google%20Pixel%207a%20(Charcoal).png"",""ith"":""https:\/\/tse2.mm.bing.net\/th?id=OIP.77QD93VGCBB_9KUnPgTuAwHaHa\u0026pid=Api\u0026P=0\u0026w=300\u0026h=300"",""rb"":"";_ylt=AwrOo.NuMQNmVm8Z6rSJzbkF;_ylu=c2VjA3NyBHNsawNpbWcEb2lkAzA0ZjBkMmJjYWY2YWU0Yjk3MDllODdmZDFkMjc3ZWYzBGdwb3MDMwRpdANiaW5n"",""rs"":0,""typ"":""""}",https://cdn.movertix.com/media/catalog/product/cache/image/1200x/g/o/google-pixel-7a-5g-charcoal-128gb.jpg,,https://www.google.com/search?q=Google%20Pixel%207a%20-%20Charcoal%20-%20Manufacturer%20Stock%20Image&source=lnms&tbm=isch&sa=X&ved=2ahUKEwi_sfHlpeb8AhUvhP0HHVD6B6oQ_AUoAnoECAEQBA&biw=1920&bih=1009&dpr=1,https://www.google.com/search?q=Google%20Pixel%207a%20-%20Charcoal%20-%20Manufacturer%20Stock%20Image&source=lnms&tbm=isch&sa=X&ved=2ahUKEwi_sfHlpeb8AhUvhP0HHVD6B6oQ_AUoAnoECAEQBA&biw=1920&bih=1009&dpr=1
PlayStation 5 - Glacier White (Digital Edition) PS5,Brand New,1,8250,8250,9250,9250,PlayStation%205%20-%20Glacier%20White%20%28Digital%20Edition%29%20PS5%20-%20Manufacturer%20Stock%20Image,https://images.search.yahoo.com/search/images?p=PlayStation%205%20-%20Glacier%20White%20%28Digital%20Edition%29%20PS5%20-%20Manufacturer%20Stock%20Image,"{""tw"":""709"",""th"":""615"",""tc"":""0"",""rtc"":"""",""stc"":"""",""a"":""www.pcwarehouse.co.za"",""s"":""125.5KB"",""w"":""709"",""h"":""615"",""hq"":false,""o"":"""",""c"":"""",""p"":false,""g"":"""",""sm"":"""",""is"":"""",""icMeta"":[],""rurl"":""https:\/\/www.pcwarehouse.co.za\/product\/playstation-5-ps5-glacier-white\/"",""sigr"":""YbnrmtdarHa_"",""hturl"":"""",""ad"":false,""alt"":""PlayStation 
5 (PS5) \u2013 Glacier White \u2013 
PCWarehouse"",""rtl"":0,""iurl"":""https:\/\/cptpcw.s3.af-south-1.amazonaws.com\/wp-content\/uploads\/2020\/12\/08110248\/Playstation5_PS5.png"",""sigi"":""8hBFLEeuZ89l"",""ourl"":""https:\/\/cptpcw.s3.af-south-1.amazonaws.com\/wp-content\/uploads\/2020\/12\/08110248\/Playstation5_PS5.png"",""ith"":""https:\/\/tse4.mm.bing.net\/th?id=OIP.aaRskvAwq5WuJYFj3hTicAHaGb\u0026pid=Api\u0026P=0\u0026w=300\u0026h=300"",""rb"":"";_ylt=AwrOo.PCJwNmCR4ZJmmJzbkF;_ylu=c2VjA3NyBHNsawNpbWcEb2lkA2VhZTg1MzgxZWJkOGI0ZGM4ZDdlZDc5M2VhNTI5MTc5BGdwb3MDMgRpdANiaW5n"",""rs"":0,""typ"":""""}",https://www.pwnedgames.co.za/images/stories/virtuemart/product/playstation_5_digital_edition_console_white_ps5-2.png,,https://www.google.com/search?q=PlayStation%205%20-%20Glacier%20White%20%28Digital%20Edition%29%20PS5%20-%20Manufacturer%20Stock%20Image&source=lnms&tbm=isch&sa=X&ved=2ahUKEwi_sfHlpeb8AhUvhP0HHVD6B6oQ_AUoAnoECAEQBA&biw=1920&bih=1009&dpr=1,
Lenovo IdeaPad 5G Q8X05 Kryo 495 8GB 512GB 14 Laptop Notebook - Silver,Brand New,1,6499,6499,9000,9000,Lenovo%20IdeaPad%205G%20Q8X05%20Kryo%20495%208GB%20512GB%2014%20Laptop%20Notebook%20-%20Silver%20-%20Manufacturer%20Stock%20Image,https://images.search.yahoo.com/search/images?p=Lenovo%20IdeaPad%205G%20Q8X05%20Kryo%20495%208GB%20512GB%2014%20Laptop%20Notebook%20-%20Silver%20-%20Manufacturer%20Stock%20Image,"{""tw"":""1500"",""th"":""1500"",""tc"":""0"",""rtc"":"""",""stc"":"""",""a"":""www.buyitdirect.ie"",""s"":""172.1KB"",""w"":""1500"",""h"":""1500"",""hq"":false,""o"":"""",""c"":"""",""p"":false,""g"":"""",""sm"":"""",""is"":"""",""icMeta"":[],""rurl"":""https:\/\/www.buyitdirect.ie\/p\/lenovo-ideapad-5g-snapdragon-8cx-kryo-495-8gb-512gb-ssd-qualcomm-adreno-680-14-inch-windows-11-home-laptop-82kf000kuk"",""sigr"":""xOCn9ETzocJ7"",""hturl"":"""",""ad"":false,""alt"":""Lenovo 
IdeaPad 5G Snapdragon 8cx Kryo 495 8GB 512GB SSD 14 Inch Windows 11 Home 
Laptop 
..."",""rtl"":0,""iurl"":""https:\/\/www.buyitdirect.ie\/Images\/82KF000KUK_4_Supersize.jpg?v=4"",""sigi"":""ua2vCAivjX6c"",""ourl"":""https:\/\/www.buyitdirect.ie\/Images\/82KF000KUK_4_Supersize.jpg?v=4"",""ith"":""https:\/\/tse1.mm.bing.net\/th?id=OIP.5_YSvTiIubi41ZvDyjLoNAHaHa\u0026pid=Api\u0026P=0\u0026w=300\u0026h=300"",""rb"":"";_ylt=AwrOo.PjCANmLzAX_wCJzbkF;_ylu=c2VjA3NyBHNsawNpbWcEb2lkAzdmNjEwMmM3YmY2OGUyZjkwOTc0ZDVmZDUzZDIxNmIyBGdwb3MDMgRpdANiaW5n"",""rs"":0,""typ"":""""}",https://www.buyitdirect.ie/Images/81XE000RUK_1_Supersize.jpg?v=3,,https://www.google.com/search?q=Lenovo%20IdeaPad%205G%20Q8X05%20Kryo%20495%208GB%20512GB%2014%20Laptop%20Notebook%20-%20Silver%20-%20Manufacturer%20Stock%20Image&source=lnms&tbm=isch&sa=X&ved=2ahUKEwi_sfHlpeb8AhUvhP0HHVD6B6oQ_AUoAnoECAEQBA&biw=1920&bih=1009&dpr=1,https://www.google.com/search?q=Lenovo%20IdeaPad%205G%20Q8X05%20Kryo%20495%208GB%20512GB%2014%20Laptop%20Notebook%20-%20Silver%20-%20Manufacturer%20Stock%20Image&source=lnms&tbm=isch&sa=X&ved=2ahUKEwi_sfHlpeb8AhUvhP0HHVD6B6oQ_AUoAnoECAEQBA&biw=1920&bih=1009&dpr=1
AEG 900 mm 5-Burner Gas/Electric Stove,Brand New,4,1299,5196,8850,35400,AEG%20900%20mm%205-Burner%20Gas%2FElectric%20Stove%20-%20Manufacturer%20Stock%20Image,https://images.search.yahoo.com/search/images?p=AEG%20900%20mm%205-Burner%20Gas%2FElectric%20Stove%20-%20Manufacturer%20Stock%20Image,"{""tw"":""694"",""th"":""636"",""tc"":""0"",""rtc"":"""",""stc"":"""",""a"":""www.makro.co.za"",""s"":""49.8KB"",""w"":""694"",""h"":""636"",""hq"":false,""o"":"""",""c"":"""",""p"":false,""g"":"""",""sm"":"""",""is"":"""",""icMeta"":[],""rurl"":""https:\/\/www.makro.co.za\/appliances\/stoves-ovens\/stoves\/gas-stoves\/aeg-900-mm-5-burner-gas-electric-stove-\/p\/000000000000350973_EA"",""sigr"":""czV2gvAnMmIK"",""hturl"":"""",""ad"":false,""alt"":""AEG 
900 mm 5-Burner Gas\/Electric Stove | Gas Stoves | Gas Stoves | Stoves | 
Stoves \u0026 Ovens 
..."",""rtl"":0,""iurl"":""https:\/\/www.makro.co.za\/sys-master\/images\/hf3\/h69\/9374225268766\/silo-MIN_350973_EAC_large"",""sigi"":""0lMZRplT1ERk"",""ourl"":""https:\/\/www.makro.co.za\/sys-master\/images\/hf3\/h69\/9374225268766\/silo-MIN_350973_EAC_large"",""ith"":""https:\/\/tse3.mm.bing.net\/th?id=OIP.QMVa7h_jWyti5j1oPcqmhQHaGy\u0026pid=Api\u0026P=0\u0026w=300\u0026h=300"",""rb"":"";_ylt=Awrjbo9zMQNm_dEZTxqJzbkF;_ylu=c2VjA3NyBHNsawNpbWcEb2lkA2IxNDRmNjk0MTZhMDA2M2E5MWEwOTYwMjNlOWZhYTRiBGdwb3MDMgRpdANiaW5n"",""rs"":0,""typ"":""""}",https://www.houseandhome.co.za/media/catalog/product/cache/e8f115d9d0be6ececabb65b8c44bcadb/3/2/329537_1.jpg,,https://www.google.com/search?q=AEG%20900%20mm%205-Burner%20Gas%2FElectric%20Stove%20-%20Manufacturer%20Stock%20Image&source=lnms&tbm=isch&sa=X&ved=2ahUKEwi_sfHlpeb8AhUvhP0HHVD6B6oQ_AUoAnoECAEQBA&biw=1920&bih=1009&dpr=1,https://www.google.com/search?q=AEG%20900%20mm%205-Burner%20Gas%2FElectric%20Stove%20-%20Manufacturer%20Stock%20Image&source=lnms&tbm=isch&sa=X&ved=2ahUKEwi_sfHlpeb8AhUvhP0HHVD6B6oQ_AUoAnoECAEQBA&biw=1920&bih=1009&dpr=1
Huawei Matebook D14 Core i5 8GB 512GB SSD + Bluetooth Mouse + Backpack,Brand New,1,7500,7500,8500,8500,Huawei%20Matebook%20D14%20Core%20i5%208GB%20512GB%20SSD%20%2B%20Bluetooth%20Mouse%20%2B%20Backpack%20-%20Manufacturer%20Stock%20Image,https://images.search.yahoo.com/search/images?p=Huawei%20Matebook%20D14%20Core%20i5%208GB%20512GB%20SSD%20%2B%20Bluetooth%20Mouse%20%2B%20Backpack%20-%20Manufacturer%20Stock%20Image,"{""tw"":""1000"",""th"":""887"",""tc"":""0"",""rtc"":"""",""stc"":"""",""a"":""www.pricehistory.co.uk"",""s"":""78.2KB"",""w"":""1000"",""h"":""887"",""hq"":false,""o"":"""",""c"":"""",""p"":false,""g"":"""",""sm"":"""",""is"":"""",""icMeta"":[],""rurl"":""https:\/\/www.pricehistory.co.uk\/currys\/10205034\/huawei-matebook-d-14-laptop-amd-ryzen-5-512-gb-ssd-space-grey-grey"",""sigr"":""YLJZFRFpkDI7"",""hturl"":"""",""ad"":false,""alt"":""HUAWEI 
MateBook D 14 Laptop - AMD Ryzen 5, 512 GB SSD, Space Grey, Grey (10205034) 
| Currys 
..."",""rtl"":0,""iurl"":""https:\/\/brain-images-ssl.cdn.dixons.com\/4\/3\/10205034\/u_10205034.jpg"",""sigi"":""FLXrKgWUIMLk"",""ourl"":""https:\/\/brain-images-ssl.cdn.dixons.com\/4\/3\/10205034\/u_10205034.jpg"",""ith"":""https:\/\/tse3.mm.bing.net\/th?id=OIP.yJ0BxRMlEM64SVfkv8eoZAHaGk\u0026pid=Api\u0026P=0\u0026w=300\u0026h=300"",""rb"":"";_ylt=Awrjff3nCANmTygV7meJzbkF;_ylu=c2VjA3NyBHNsawNpbWcEb2lkA2IxNGZjNGY4YjNjMzdlOGFmZjlmMjNjMGZiYjMyY2ZmBGdwb3MDMQRpdANiaW5n"",""rs"":0,""typ"":""""}",https://tejarra-media.s3.amazonaws.com/91292/conversions/30062329bb-medium.jpg,,https://www.google.com/search?q=Huawei%20Matebook%20D14%20Core%20i5%208GB%20512GB%20SSD%20%2B%20Bluetooth%20Mouse%20%2B%20Backpack%20-%20Manufacturer%20Stock%20Image&source=lnms&tbm=isch&sa=X&ved=2ahUKEwi_sfHlpeb8AhUvhP0HHVD6B6oQ_AUoAnoECAEQBA&biw=1920&bih=1009&dpr=1,https://www.google.com/search?q=Huawei%20Matebook%20D14%20Core%20i5%208GB%20512GB%20SSD%20%2B%20Bluetooth%20Mouse%20%2B%20Backpack%20-%20Manufacturer%20Stock%20Image&source=lnms&tbm=isch&sa=X&ved=2ahUKEwi_sfHlpeb8AhUvhP0HHVD6B6oQ_AUoAnoECAEQBA&biw=1920&bih=1009&dpr=1
XIAOMI 12 5G 256GB (Dual SIM) - Grey,Brand New,1,7500,7500,8500,8500,XIAOMI%2012%205G%20256GB%20%28Dual%20SIM%29%20-%20Grey%20-%20Manufacturer%20Stock%20Image,https://images.search.yahoo.com/search/images?p=XIAOMI%2012%205G%20256GB%20%28Dual%20SIM%29%20-%20Grey%20-%20Manufacturer%20Stock%20Image,Loading...,https://atacadogames.com/imagem/xiaomi/celular-xiaomi-12-pro-5g-256gb-12gb-ram-dual-sim-tela-6-73-cameras-50mp-50mp-50mp-e-32mp-azul-global2022lacre-pequeno/2/146301.jpg?pfdrid_c=true,,https://www.google.com/search?q=XIAOMI%2012%205G%20256GB%20%28Dual%20SIM%29%20-%20Grey%20-%20Manufacturer%20Stock%20Image&source=lnms&tbm=isch&sa=X&ved=2ahUKEwi_sfHlpeb8AhUvhP0HHVD6B6oQ_AUoAnoECAEQBA&biw=1920&bih=1009&dpr=1,
ASUS E1504FA Vivobook GO Ryzen 5 7520U 8GB 512GB SSD 15.6 OLED Notebook,Brand New,1,6999,6999,7900,7900,ASUS%20E1504FA%20Vivobook%20GO%20Ryzen%205%207520U%208GB%20512GB%20SSD%2015.6%20OLED%20Notebook%20-%20Manufacturer%20Stock%20Image,https://images.search.yahoo.com/search/images?p=ASUS%20E1504FA%20Vivobook%20GO%20Ryzen%205%207520U%208GB%20512GB%20SSD%2015.6%20OLED%20Notebook%20-%20Manufacturer%20Stock%20Image,"{""tw"":""800"",""th"":""800"",""tc"":""0"",""rtc"":"""",""stc"":"""",""a"":""www.pccomponentes.pt"",""s"":""30.8KB"",""w"":""800"",""h"":""800"",""hq"":false,""o"":"""",""c"":"""",""p"":false,""g"":"""",""sm"":"""",""is"":"""",""icMeta"":[],""rurl"":""https:\/\/www.pccomponentes.pt\/asus-vivobook-go-e1504fa-amd-ryzen-5-7520u-16gb-512gb-ssd-156-pt"",""sigr"":""LREGwxU4DP4Z"",""hturl"":"""",""ad"":false,""alt"":""ASUS 
Vivobook Go E1504FA AMD Ryzen 5 7520U\/16GB\/512GB SSD\/15.6\u0026quot; 
(PT) | 
PcComponentes.pt"",""rtl"":0,""iurl"":""https:\/\/img.pccomponentes.com\/articles\/1072\/10725641\/4605-asus-vivobook-go-e1504fa-amd-ryzen-5-7520u-16gb-512gb-ssd-156-pt-foto.jpg"",""sigi"":""N9c7Sbks3gxK"",""ourl"":""https:\/\/img.pccomponentes.com\/articles\/1072\/10725641\/4605-asus-vivobook-go-e1504fa-amd-ryzen-5-7520u-16gb-512gb-ssd-156-pt-foto.jpg"",""ith"":""https:\/\/tse3.mm.bing.net\/th?id=OIP.jBoRRNJbqOgdP0HlDB645wHaHa\u0026pid=Api\u0026P=0\u0026w=300\u0026h=300"",""rb"":"";_ylt=Awrjff3lCANmnJ4WgS.JzbkF;_ylu=c2VjA3NyBHNsawNpbWcEb2lkAzVkOTMxMDlhYTgyY2ViNjQ1OTJjOWVkMGZjNzUxZmE5BGdwb3MDMgRpdANiaW5n"",""rs"":0,""typ"":""""}",https://img.pccomponentes.com/articles/1072/10725641/4605-asus-vivobook-go-e1504fa-amd-ryzen-5-7520u-16gb-512gb-ssd-156-pt-foto.jpg,,https://www.google.com/search?q=ASUS%20E1504FA%20Vivobook%20GO%20Ryzen%205%207520U%208GB%20512GB%20SSD%2015.6%20OLED%20Notebook%20-%20Manufacturer%20Stock%20Image&source=lnms&tbm=isch&sa=X&ved=2ahUKEwi_sfHlpeb8AhUvhP0HHVD6B6oQ_AUoAnoECAEQBA&biw=1920&bih=1009&dpr=1,https://www.google.com/search?q=ASUS%20E1504FA%20Vivobook%20GO%20Ryzen%205%207520U%208GB%20512GB%20SSD%2015.6%20OLED%20Notebook%20-%20Manufacturer%20Stock%20Image&source=lnms&tbm=isch&sa=X&ved=2ahUKEwi_sfHlpeb8AhUvhP0HHVD6B6oQ_AUoAnoECAEQBA&biw=1920&bih=1009&dpr=1
XIAOMI 12T 5G 256GB (Dual SIM) - Black,Brand New,2,6199,12398,7900,15800,XIAOMI%2012T%205G%20256GB%20%28Dual%20SIM%29%20-%20Black%20-%20Manufacturer%20Stock%20Image,https://images.search.yahoo.com/search/images?p=XIAOMI%2012T%205G%20256GB%20%28Dual%20SIM%29%20-%20Black%20-%20Manufacturer%20Stock%20Image,"{""tw"":""1000"",""th"":""1000"",""tc"":""0"",""rtc"":"""",""stc"":"""",""a"":""www.cyberport.de"",""s"":""100.1KB"",""w"":""1000"",""h"":""1000"",""hq"":false,""o"":"""",""c"":"""",""p"":false,""g"":"""",""sm"":"""",""is"":"""",""icMeta"":[],""rurl"":""https:\/\/www.cyberport.de\/smartphone-und-foto\/smartphones\/xiaomi\/pdp\/a426-08v\/xiaomi-12t-5g-8-256gb-dual-sim-smartphone-black-eu.html"",""sigr"":""n9.MUen8OiO3"",""hturl"":"""",""ad"":false,""alt"":""Xiaomi 
12T 5G 8\/256GB Dual-SIM Smartphone black EU ++ 
Cyberport"",""rtl"":0,""iurl"":""https:\/\/im.cyberport.de\/is\/image\/cyberport\/221017130401200501900027Z?$Zoom_1000$"",""sigi"":""B_PN450EhLGf"",""ourl"":""https:\/\/im.cyberport.de\/is\/image\/cyberport\/221017130401200501900027Z?$Zoom_1000$"",""ith"":""https:\/\/tse3.mm.bing.net\/th?id=OIP.jQjVuJdVWIDCLCg5Jm6zDQHaHa\u0026pid=Api\u0026P=0\u0026w=300\u0026h=300"",""rb"":"";_ylt=Awrjff26MQNmzSEZMbiJzbkF;_ylu=c2VjA3NyBHNsawNpbWcEb2lkAzkyNGQ1OTRkZmIwMjk1MDQwNWM2YTA1MDEyMWI5YjQ4BGdwb3MDMgRpdANiaW5n"",""rs"":0,""typ"":""""}",https://www.connecteddevices.co.za/cdn/shop/products/xiaomi_12t_negro_01_l_d42c257b-3dcb-4588-8d1c-7d8f83d522e3_798x798.jpg?v=1667998220,,https://www.google.com/search?q=XIAOMI%2012T%205G%20256GB%20%28Dual%20SIM%29%20-%20Black%20-%20Manufacturer%20Stock%20Image&source=lnms&tbm=isch&sa=X&ved=2ahUKEwi_sfHlpeb8AhUvhP0HHVD6B6oQ_AUoAnoECAEQBA&biw=1920&bih=1009&dpr=1,
EcoVolt 1000W 1000Wh LifePo4 Portable Solar Power Station,Brand New,1,6058,6058,7000,7000,EcoVolt%201000W%201000Wh%20LifePo4%20Portable%20Solar%20Power%20Station%20-%20Manufacturer%20Stock%20Image,https://images.search.yahoo.com/search/images?p=EcoVolt%201000W%201000Wh%20LifePo4%20Portable%20Solar%20Power%20Station%20-%20Manufacturer%20Stock%20Image,"{""tw"":""1000"",""th"":""1000"",""tc"":""0"",""rtc"":"""",""stc"":"""",""a"":""earond.com"",""s"":""334.0KB"",""w"":""1000"",""h"":""1000"",""hq"":false,""o"":"""",""c"":"""",""p"":false,""g"":"""",""sm"":"""",""is"":"""",""icMeta"":[],""rurl"":""https:\/\/earond.com\/p\/solar-energy-system-1000w-1000wh-portable-power-station-with-lifepo4-battery-off-grid-rechargeable-ups-outdoor\/"",""sigr"":""FNnNvsc38_w5"",""hturl"":"""",""ad"":false,""alt"":""Solar 
energy system 1000W 1000Wh Portable Power Station with LifePO4 battery Off 
Grid 
..."",""rtl"":0,""iurl"":""https:\/\/earond.com\/wp-content\/uploads\/2022\/04\/Solar-energy-system-1000W-1000Wh-Portable-Power-Station-with-LifePO4-battery-Off-Grid-Rechargeable-ups-Outdoor.jpg"",""sigi"":""lc_6YRL7iJnJ"",""ourl"":""https:\/\/earond.com\/wp-content\/uploads\/2022\/04\/Solar-energy-system-1000W-1000Wh-Portable-Power-Station-with-LifePO4-battery-Off-Grid-Rechargeable-ups-Outdoor.jpg"",""ith"":""https:\/\/tse3.mm.bing.net\/th?id=OIP.Eer_BmYeHCu4kgowJaq0ygHaHa\u0026pid=Api\u0026P=0\u0026w=300\u0026h=300"",""rb"":"";_ylt=AwrOo.PDJwNmfrAYrqeJzbkF;_ylu=c2VjA3NyBHNsawNpbWcEb2lkAzg5OTEyM2M4MzllMjAyYTAxNjA4YWQzZmQ1NTcyNmEyBGdwb3MDMgRpdANiaW5n"",""rs"":0,""typ"":""""}","https://odo-cdn.imgix.net/catalog/product/169/417/1694174745.3758.jpeg?auto=compress,format&w=800&h=800&bg=fff&fit=fill",,https://www.google.com/search?q=EcoVolt%201000W%201000Wh%20LifePo4%20Portable%20Solar%20Power%20Station%20-%20Manufacturer%20Stock%20Image&source=lnms&tbm=isch&sa=X&ved=2ahUKEwi_sfHlpeb8AhUvhP0HHVD6B6oQ_AUoAnoECAEQBA&biw=1920&bih=1009&dpr=1,https://www.google.com/search?q=EcoVolt%201000W%201000Wh%20LifePo4%20Portable%20Solar%20Power%20Station%20-%20Manufacturer%20Stock%20Image&source=lnms&tbm=isch&sa=X&ved=2ahUKEwi_sfHlpeb8AhUvhP0HHVD6B6oQ_AUoAnoECAEQBA&biw=1920&bih=1009&dpr=1
Nintendo Switch OLED Model - White,New Unsealed,0,6221,0,6850,0,Nintendo%20Switch%20OLED%20Model%20-%20White%20-%20Manufacturer%20Stock%20Image,https://images.search.yahoo.com/search/images?p=Nintendo%20Switch%20OLED%20Model%20-%20White%20-%20Manufacturer%20Stock%20Image,"{""tw"":""768"",""th"":""453"",""tc"":""0"",""rtc"":"""",""stc"":"""",""a"":""nexushub.co.za"",""s"":""66.9KB"",""w"":""768"",""h"":""453"",""hq"":false,""o"":"""",""c"":"""",""p"":false,""g"":"""",""sm"":"""",""is"":"""",""icMeta"":[],""rurl"":""https:\/\/nexushub.co.za\/product\/nintendo-switch-oled-white-pid263255.html"",""sigr"":""D6uVI9yYO7U8"",""hturl"":"""",""ad"":false,""alt"":""Nintendo 
Switch OLED - White | Nintendo Hardware | For Sale Online at Nexus 
Retail"",""rtl"":0,""iurl"":""https:\/\/assets.nintendo.com\/image\/upload\/c_pad,f_auto,q_auto,w_768\/ncom\/en_US\/switch\/site-design-update\/photo01?v=2021092417"",""sigi"":""KToKMy2e2dKX"",""ourl"":""https:\/\/assets.nintendo.com\/image\/upload\/c_pad,f_auto,q_auto,w_768\/ncom\/en_US\/switch\/site-design-update\/photo01?v=2021092417"",""ith"":""https:\/\/tse3.mm.bing.net\/th?id=OIP.aSUmeD2e6aUMQcMizKv7XAHaEX\u0026pid=Api\u0026P=0\u0026w=300\u0026h=300"",""rb"":"";_ylt=Awr93rxxMQNmUkMI7hSJzbkF;_ylu=c2VjA3NyBHNsawNpbWcEb2lkAzY5NThhNzJjN2YxOTQ4MTAwMmVmMjFlMTA4YTMyODc0BGdwb3MDMQRpdANiaW5n"",""rs"":0,""typ"":""""}",https://thegoodguys.sirv.com/products/50076891/50076891_779638.PNG?profile=social,,https://www.google.com/search?q=Nintendo%20Switch%20OLED%20Model%20-%20White%20-%20Manufacturer%20Stock%20Image&source=lnms&tbm=isch&sa=X&ved=2ahUKEwi_sfHlpeb8AhUvhP0HHVD6B6oQ_AUoAnoECAEQBA&biw=1920&bih=1009&dpr=1,https://www.google.com/search?q=Nintendo%20Switch%20OLED%20Model%20-%20White%20-%20Manufacturer%20Stock%20Image&source=lnms&tbm=isch&sa=X&ved=2ahUKEwi_sfHlpeb8AhUvhP0HHVD6B6oQ_AUoAnoECAEQBA&biw=1920&bih=1009&dpr=1
XIAOMI 12 Lite 5G 256GB (Dual SIM) - Black,Brand New,2,4299,8598,6500,13000,XIAOMI%2012%20Lite%205G%20256GB%20%28Dual%20SIM%29%20-%20Black%20-%20Manufacturer%20Stock%20Image,https://images.search.yahoo.com/search/images?p=XIAOMI%2012%20Lite%205G%20256GB%20%28Dual%20SIM%29%20-%20Black%20-%20Manufacturer%20Stock%20Image,"{""tw"":""1000"",""th"":""1000"",""tc"":""0"",""rtc"":"""",""stc"":"""",""a"":""uae.sharafdg.com"",""s"":""61.9KB"",""w"":""1000"",""h"":""1000"",""hq"":false,""o"":"""",""c"":"""",""p"":false,""g"":"""",""sm"":"""",""is"":"""",""icMeta"":[],""rurl"":""https:\/\/uae.sharafdg.com\/product\/xiaomi-12-lite-256gb-black-5g-dual-sim-smartphone\/?promo=2572361?dg=false"",""sigr"":""xVcK1mb77W9r"",""hturl"":"""",""ad"":false,""alt"":""Buy 
Xiaomi 12 Lite 256GB Black 5G Dual Sim Smartphone Online in UAE | Sharaf 
DG"",""rtl"":0,""iurl"":""https:\/\/cdn.sharafdg.com\/cdn-cgi\/image\/width=600,height=600,fit=pad\/assets\/7\/e\/3\/2\/7e32ac3ce7e2edf6160fa8f788c2dcca588941da_S200773328_1.jpg"",""sigi"":""kyJcJlYu6lyY"",""ourl"":""https:\/\/cdn.sharafdg.com\/cdn-cgi\/image\/width=600,height=600,fit=pad\/assets\/7\/e\/3\/2\/7e32ac3ce7e2edf6160fa8f788c2dcca588941da_S200773328_1.jpg"",""ith"":""https:\/\/tse3.mm.bing.net\/th?id=OIP.OlVEkYxQu0M44UNcte0LkAHaHa\u0026pid=Api\u0026P=0\u0026w=300\u0026h=300"",""rb"":"";_ylt=AwrOo.NIMgNmpuIXKiuJzbkF;_ylu=c2VjA3NyBHNsawNpbWcEb2lkAzdhNTcwMjc3MGEyNzBiOTk4ZWEwZmIxNDc2YjJjZGM2BGdwb3MDMQRpdANiaW5n"",""rs"":0,""typ"":""""}",https://infinityza.co.za/wp-content/uploads/2022/08/xiaomi-12-lite-5g-8gb-128gb-dual-sim-negro-1.jpg,,https://www.google.com/search?q=XIAOMI%2012%20Lite%205G%20256GB%20%28Dual%20SIM%29%20-%20Black%20-%20Manufacturer%20Stock%20Image&source=lnms&tbm=isch&sa=X&ved=2ahUKEwi_sfHlpeb8AhUvhP0HHVD6B6oQ_AUoAnoECAEQBA&biw=1920&bih=1009&dpr=1,
Dyson V8 Absolute Cordless Vacuum,Brand New,1,5399.4,5399.4,5900,5900,Dyson%20V8%20Absolute%20Cordless%20Vacuum%20-%20Manufacturer%20Stock%20Image,https://images.search.yahoo.com/search/images?p=Dyson%20V8%20Absolute%20Cordless%20Vacuum%20-%20Manufacturer%20Stock%20Image,"{""tw"":""1440"",""th"":""1920"",""tc"":""0"",""rtc"":"""",""stc"":"""",""a"":""www.johnlewis.com"",""s"":""230.0KB"",""w"":""1440"",""h"":""1920"",""hq"":false,""o"":"""",""c"":"""",""p"":false,""g"":"""",""sm"":"""",""is"":"""",""icMeta"":[],""rurl"":""https:\/\/www.johnlewis.com\/dyson-v8-absolute-cordless-vacuum-cleaner\/p2684022"",""sigr"":""gN01XUGJp.3O"",""hturl"":"""",""ad"":false,""alt"":""Dyson 
V8 Absolute Cordless Vacuum Cleaner at John Lewis \u0026 
Partners"",""rtl"":0,""iurl"":""https:\/\/johnlewis.scene7.com\/is\/image\/JohnLewis\/236036092alt3?$rsp-pdp-port-1440$"",""sigi"":""Krna_x0YHPkf"",""ourl"":""https:\/\/johnlewis.scene7.com\/is\/image\/JohnLewis\/236036092alt3?$rsp-pdp-port-1440$"",""ith"":""https:\/\/tse4.mm.bing.net\/th?id=OIP.O2sLYXNmh6B6ncCf0czHnwHaJ4\u0026pid=Api\u0026P=0\u0026w=300\u0026h=300"",""rb"":"";_ylt=Awrjff1wMQNmwiIX7jOJzbkF;_ylu=c2VjA3NyBHNsawNpbWcEb2lkAzE3OTAxNDgyZDc2Yjg4YmY3NGY3MjJiZmE0YTA0YmYyBGdwb3MDNQRpdANiaW5n"",""rs"":0,""typ"":""""}","https://dyson-h.assetsadobe2.com/is/image/content/dam/dyson/leap-petite-global/markets/korea/products/floorcare/sticks/v8/v8-absolute/V8-absolute-gallery-image-1.jpg?u0026cropPathE=desktopu0026fit=stretch,1u0026fmt=pjpegu0026wid=1920",,https://www.google.com/search?q=Dyson%20V8%20Absolute%20Cordless%20Vacuum%20-%20Manufacturer%20Stock%20Image&source=lnms&tbm=isch&sa=X&ved=2ahUKEwi_sfHlpeb8AhUvhP0HHVD6B6oQ_AUoAnoECAEQBA&biw=1920&bih=1009&dpr=1,https://www.google.com/search?q=Dyson%20V8%20Absolute%20Cordless%20Vacuum%20-%20Manufacturer%20Stock%20Image&source=lnms&tbm=isch&sa=X&ved=2ahUKEwi_sfHlpeb8AhUvhP0HHVD6B6oQ_AUoAnoECAEQBA&biw=1920&bih=1009&dpr=1
"Apple iPad 9 10.2"" Wi-Fi 64GB - Silver",New Unsealed,1,4641,4641,5900,5900,Apple%20iPad%209%2010.2%22%20Wi-Fi%2064GB%20-%20Silver%20-%20Manufacturer%20Stock%20Image,https://images.search.yahoo.com/search/images?p=Apple%20iPad%209%2010.2%22%20Wi-Fi%2064GB%20-%20Silver%20-%20Manufacturer%20Stock%20Image,Loading...,https://pisces.bbystatic.com/image2/BestBuy_US/images/products/4901/4901811cv11d.jpg,,https://www.google.com/search?q=Apple%20iPad%209%2010.2%22%20Wi-Fi%2064GB%20-%20Silver%20-%20Manufacturer%20Stock%20Image&source=lnms&tbm=isch&sa=X&ved=2ahUKEwi_sfHlpeb8AhUvhP0HHVD6B6oQ_AUoAnoECAEQBA&biw=1920&bih=1009&dpr=1,
Jamo S805HCS Home Cinema Black,Brand New,1,3959,3959,5900,5900,Jamo%20S805HCS%20Home%20Cinema%20Black%20-%20Manufacturer%20Stock%20Image,https://images.search.yahoo.com/search/images?p=Jamo%20S805HCS%20Home%20Cinema%20Black%20-%20Manufacturer%20Stock%20Image,"{""tw"":""700"",""th"":""700"",""tc"":""0"",""rtc"":"""",""stc"":"""",""a"":""www.stax.co.za"",""s"":""20.0KB"",""w"":""700"",""h"":""700"",""hq"":false,""o"":"""",""c"":"""",""p"":false,""g"":"""",""sm"":"""",""is"":"""",""icMeta"":[],""rurl"":""https:\/\/www.stax.co.za\/product\/jamo-s805hcs-home-cinema\/"",""sigr"":""WW33t.j.32PO"",""hturl"":"""",""ad"":false,""alt"":""Jamo 
S805HCS Home Cinema (Demo\/Display) - 
Stax"",""rtl"":0,""iurl"":""https:\/\/www.stax.co.za\/wp-content\/uploads\/2022\/09\/jamo_s_805_hcs_black_0999.jpg"",""sigi"":""R_dX4zHR1Pz8"",""ourl"":""https:\/\/www.stax.co.za\/wp-content\/uploads\/2022\/09\/jamo_s_805_hcs_black_0999.jpg"",""ith"":""https:\/\/tse4.mm.bing.net\/th?id=OIP.2Tb4yyT0Nlhzo1NKqH8PVgHaHa\u0026pid=Api\u0026P=0\u0026w=300\u0026h=300"",""rb"":"";_ylt=Awr9_TdvMQNmINAIfgOJzbkF;_ylu=c2VjA3NyBHNsawNpbWcEb2lkA2E3YzA4MzMzOWRiMmE5NTk1ZTdhNWYxOTljNTRhZDUzBGdwb3MDMgRpdANiaW5n"",""rs"":0,""typ"":""""}",https://www.stax.co.za/wp-content/uploads/2022/09/jamo_s_805_hcs_black_0999.jpg,,https://www.google.com/search?q=Jamo%20S805HCS%20Home%20Cinema%20Black%20-%20Manufacturer%20Stock%20Image&source=lnms&tbm=isch&sa=X&ved=2ahUKEwi_sfHlpeb8AhUvhP0HHVD6B6oQ_AUoAnoECAEQBA&biw=1920&bih=1009&dpr=1,https://www.google.com/search?q=Jamo%20S805HCS%20Home%20Cinema%20Black%20-%20Manufacturer%20Stock%20Image&source=lnms&tbm=isch&sa=X&ved=2ahUKEwi_sfHlpeb8AhUvhP0HHVD6B6oQ_AUoAnoECAEQBA&biw=1920&bih=1009&dpr=1
Edifier S351DB-BLA 2.1 Active Speaker System Black,New Unsealed,1,2899,2899,5900,5900,Edifier%20S351DB-BLA%202.1%20Active%20Speaker%20System%20Black%20-%20Manufacturer%20Stock%20Image,https://images.search.yahoo.com/search/images?p=Edifier%20S351DB-BLA%202.1%20Active%20Speaker%20System%20Black%20-%20Manufacturer%20Stock%20Image,,https://www.edifier.online/cdn/shop/products/S351DB-1_900x.jpg?v=1604402729,,https://www.google.com/search?q=Edifier%20S351DB-BLA%202.1%20Active%20Speaker%20System%20Black%20-%20Manufacturer%20Stock%20Image&source=lnms&tbm=isch&sa=X&ved=2ahUKEwi_sfHlpeb8AhUvhP0HHVD6B6oQ_AUoAnoECAEQBA&biw=1920&bih=1009&dpr=1,https://www.google.com/search?q=Edifier%20S351DB-BLA%202.1%20Active%20Speaker%20System%20Black%20-%20Manufacturer%20Stock%20Image&source=lnms&tbm=isch&sa=X&ved=2ahUKEwi_sfHlpeb8AhUvhP0HHVD6B6oQ_AUoAnoECAEQBA&biw=1920&bih=1009&dpr=1
Dyson Corrale HS03 Copper,Brand New,1,1899,1899,5900,5900,Dyson%20Corrale%20HS03%20Copper%20-%20Manufacturer%20Stock%20Image,https://images.search.yahoo.com/search/images?p=Dyson%20Corrale%20HS03%20Copper%20-%20Manufacturer%20Stock%20Image,"{""tw"":""1193"",""th"":""2000"",""tc"":""0"",""rtc"":"""",""stc"":"""",""a"":""makeup.uk"",""s"":""634.2KB"",""w"":""1193"",""h"":""2000"",""hq"":false,""o"":"""",""c"":"""",""p"":false,""g"":"""",""sm"":"""",""is"":"""",""icMeta"":[],""rurl"":""https:\/\/makeup.uk\/product\/603686\/"",""sigr"":""zSRjIcElOpA8"",""hturl"":"""",""ad"":false,""alt"":""Dyson 
- Hair Straightener \u0026quot;Corrale HS03\u0026quot;, fuchsia | 
Makeup.uk"",""rtl"":0,""iurl"":""https:\/\/i.makeup.uk\/a\/ad\/adn8nor9pz1e.jpg"",""sigi"":""DJpfcql.Rfus"",""ourl"":""https:\/\/i.makeup.uk\/a\/ad\/adn8nor9pz1e.jpg"",""ith"":""https:\/\/tse2.mm.bing.net\/th?id=OIP.5HB7FFVmKW3upwUC8Ys1fgHaMa\u0026pid=Api\u0026P=0\u0026w=300\u0026h=300"",""rb"":"";_ylt=Awrjbo9tMQNmTcEZ_yWJzbkF;_ylu=c2VjA3NyBHNsawNpbWcEb2lkA2VkZmY3ZjUyZDdkMDRmMGZjZTZkYjA2NTVlOTM2YjMzBGdwb3MDMQRpdANiaW5n"",""rs"":0,""typ"":""""}",https://www.static-src.com/wcsstore/Indraprastha/images/catalog/full//97/MTA-53870801/dyson_dyson_corrale_-_hair_straightener_hs03_-bright_copper-bright_nickel-_-_catokan_rambut_full01_7056jbm.jpg,,https://www.google.com/search?q=Dyson%20Corrale%20HS03%20Copper%20-%20Manufacturer%20Stock%20Image&source=lnms&tbm=isch&sa=X&ved=2ahUKEwi_sfHlpeb8AhUvhP0HHVD6B6oQ_AUoAnoECAEQBA&biw=1920&bih=1009&dpr=1,https://www.google.com/search?q=Dyson%20Corrale%20HS03%20Copper%20-%20Manufacturer%20Stock%20Image&source=lnms&tbm=isch&sa=X&ved=2ahUKEwi_sfHlpeb8AhUvhP0HHVD6B6oQ_AUoAnoECAEQBA&biw=1920&bih=1009&dpr=1
Edifier S350DB-BRO 2.1 Active Speaker,Brand New,1,3239,3239,5800,5800,Edifier%20S350DB-BRO%202.1%20Active%20Speaker%20-%20Manufacturer%20Stock%20Image,https://images.search.yahoo.com/search/images?p=Edifier%20S350DB-BRO%202.1%20Active%20Speaker%20-%20Manufacturer%20Stock%20Image,"{""tw"":""2048"",""th"":""1365"",""tc"":""0"",""rtc"":"""",""stc"":"""",""a"":""www.edifier.online"",""s"":""164.1KB"",""w"":""2048"",""h"":""1365"",""hq"":false,""o"":"""",""c"":"""",""p"":false,""g"":"""",""sm"":"""",""is"":"""",""icMeta"":[],""rurl"":""https:\/\/www.edifier.online\/products\/edifier-s350db-2-1-active-bluetooth-multimedia-speaker-system-brown"",""sigr"":""nb.7AlnDyX6I"",""hturl"":"""",""ad"":false,""alt"":""Edifier 
S350DB 2.1 Active Bluetooth Multimedia Speaker System - Brown \u2013 
edifier.online"",""rtl"":0,""iurl"":""https:\/\/cdn.shopify.com\/s\/files\/1\/0342\/4731\/1496\/products\/S350D-1_2048x2048.jpg?v=1604402600"",""sigi"":""c1j9Ui5tNTas"",""ourl"":""https:\/\/cdn.shopify.com\/s\/files\/1\/0342\/4731\/1496\/products\/S350D-1_2048x2048.jpg?v=1604402600"",""ith"":""https:\/\/tse4.mm.bing.net\/th?id=OIP.q4FCwY58BVEpaEezPfIWvwHaE7\u0026pid=Api\u0026P=0\u0026w=300\u0026h=300"",""rb"":"";_ylt=Awr9.4dxMQNm6w0aRxKJzbkF;_ylu=c2VjA3NyBHNsawNpbWcEb2lkAzRhYTNlMjBmMWE5NGUxMzkzN2MwMmY0NmVmMjE1NGU5BGdwb3MDMQRpdANiaW5n"",""rs"":0,""typ"":""""}",https://cdn.shopify.com/s/files/1/0342/4731/1496/products/S350D-1_2048x2048.jpg?v=1604402600,,https://www.google.com/search?q=Edifier%20S350DB-BRO%202.1%20Active%20Speaker%20-%20Manufacturer%20Stock%20Image&source=lnms&tbm=isch&sa=X&ved=2ahUKEwi_sfHlpeb8AhUvhP0HHVD6B6oQ_AUoAnoECAEQBA&biw=1920&bih=1009&dpr=1,https://www.google.com/search?q=Edifier%20S350DB-BRO%202.1%20Active%20Speaker%20-%20Manufacturer%20Stock%20Image&source=lnms&tbm=isch&sa=X&ved=2ahUKEwi_sfHlpeb8AhUvhP0HHVD6B6oQ_AUoAnoECAEQBA&biw=1920&bih=1009&dpr=1
Smeg Retro Stand Mixer With Bundle Gift Box Set Black,Brand New,3,1399,4197,4900,14700,Smeg%20Retro%20Stand%20Mixer%20With%20Bundle%20Gift%20Box%20Set%20Black%20-%20Manufacturer%20Stock%20Image,https://images.search.yahoo.com/search/images?p=Smeg%20Retro%20Stand%20Mixer%20With%20Bundle%20Gift%20Box%20Set%20Black%20-%20Manufacturer%20Stock%20Image,"{""tw"":""1440"",""th"":""2016"",""tc"":""0"",""rtc"":"""",""stc"":"""",""a"":""www.bergdorfgoodman.com"",""s"":""50.8KB"",""w"":""1440"",""h"":""2016"",""hq"":false,""o"":"""",""c"":"""",""p"":false,""g"":"""",""sm"":"""",""is"":"""",""icMeta"":[],""rurl"":""https:\/\/www.bergdorfgoodman.com\/p\/smeg-retro-stand-mixer-black-prod181330056"",""sigr"":""cOWYISu6dw4J"",""hturl"":"""",""ad"":false,""alt"":""Smeg 
Retro Stand Mixer, Black - Bergdorf 
Goodman"",""rtl"":0,""iurl"":""https:\/\/media.bergdorfgoodman.com\/f_auto,q_auto:low,ar_5:7,c_fill,dpr_2.0,w_720\/01\/bg_4322960_100107_m"",""sigi"":""qXqKMDb23zRL"",""ourl"":""https:\/\/media.bergdorfgoodman.com\/f_auto,q_auto:low,ar_5:7,c_fill,dpr_2.0,w_720\/01\/bg_4322960_100107_m"",""ith"":""https:\/\/tse1.mm.bing.net\/th?id=OIP.v20HPmri15KpAMXjfBYRegHaKX\u0026pid=Api\u0026P=0\u0026w=300\u0026h=300"",""rb"":"";_ylt=Awr9_Tc5KANm_2wHWJqJzbkF;_ylu=c2VjA3NyBHNsawNpbWcEb2lkAzlkYzcwOWI5NTUyOWYwYjQ5Njc0NDZiMzRkYzdlMGE3BGdwb3MDMQRpdANiaW5n"",""rs"":0,""typ"":""""}",https://www.mhcworld.co.za/cdn/shop/products/smeg-stand-mixer-smeg-stand-mixer-black-smf23blsa-29093126013017_700x_crop_center.jpg,,https://www.google.com/search?q=Smeg%20Retro%20Stand%20Mixer%20With%20Bundle%20Gift%20Box%20Set%20Black%20-%20Manufacturer%20Stock%20Image&source=lnms&tbm=isch&sa=X&ved=2ahUKEwi_sfHlpeb8AhUvhP0HHVD6B6oQ_AUoAnoECAEQBA&biw=1920&bih=1009&dpr=1,https://www.google.com/search?q=Smeg%20Retro%20Stand%20Mixer%20With%20Bundle%20Gift%20Box%20Set%20Black%20-%20Manufacturer%20Stock%20Image&source=lnms&tbm=isch&sa=X&ved=2ahUKEwi_sfHlpeb8AhUvhP0HHVD6B6oQ_AUoAnoECAEQBA&biw=1920&bih=1009&dpr=1
Garmin Vivoactive 5 - Slate Aluminium Bezel with Black Case and Silicone Band,Brand New,2,1495,2990,4550,9100,Garmin%20Vivoactive%205%20-%20Slate%20Aluminium%20Bezel%20with%20Black%20Case%20and%20Silicone%20Band%20-%20Manufacturer%20Stock%20Image,https://images.search.yahoo.com/search/images?p=Garmin%20Vivoactive%205%20-%20Slate%20Aluminium%20Bezel%20with%20Black%20Case%20and%20Silicone%20Band%20-%20Manufacturer%20Stock%20Image,"{""tw"":""856"",""th"":""1040"",""tc"":""0"",""rtc"":"""",""stc"":"""",""a"":""www.ebay.com"",""s"":""676.5KB"",""w"":""856"",""h"":""1040"",""hq"":false,""o"":"""",""c"":"""",""p"":false,""g"":"""",""sm"":"""",""is"":"""",""icMeta"":[],""rurl"":""https:\/\/www.ebay.com\/itm\/166498207456"",""sigr"":""VsLF6n.nDn8_"",""hturl"":"""",""ad"":false,""alt"":""Garmin 
v\u00edvoactive 5 Slate Aluminum Bezel with Black Case \u0026 Silicone Band 
| 
eBay"",""rtl"":0,""iurl"":""https:\/\/i.ebayimg.com\/images\/g\/VagAAOSwWdhlegDv\/s-l1600.png"",""sigi"":""6np0wZEdaQ8F"",""ourl"":""https:\/\/i.ebayimg.com\/images\/g\/VagAAOSwWdhlegDv\/s-l1600.png"",""ith"":""https:\/\/tse4.mm.bing.net\/th?id=OIP.vmPUDl5ROxxwbDLwTL742wHaI_\u0026pid=Api\u0026P=0\u0026w=300\u0026h=300"",""rb"":"";_ylt=Awrjbo_pCANmkJ0W5TSJzbkF;_ylu=c2VjA3NyBHNsawNpbWcEb2lkAzkzZmZlMzMxZDA4ZjVhOTI3MzljNjZmMzY5ZjdiMzNhBGdwb3MDMQRpdANiaW5n"",""rs"":0,""typ"":""""}",https://www.dateks.lv/images/pic/2400/2400/580/665.jpg,,https://www.google.com/search?q=Garmin%20Vivoactive%205%20-%20Slate%20Aluminium%20Bezel%20with%20Black%20Case%20and%20Silicone%20Band%20-%20Manufacturer%20Stock%20Image&source=lnms&tbm=isch&sa=X&ved=2ahUKEwi_sfHlpeb8AhUvhP0HHVD6B6oQ_AUoAnoECAEQBA&biw=1920&bih=1009&dpr=1,https://www.google.com/search?q=Garmin%20Vivoactive%205%20-%20Slate%20Aluminium%20Bezel%20with%20Black%20Case%20and%20Silicone%20Band%20-%20Manufacturer%20Stock%20Image&source=lnms&tbm=isch&sa=X&ved=2ahUKEwi_sfHlpeb8AhUvhP0HHVD6B6oQ_AUoAnoECAEQBA&biw=1920&bih=1009&dpr=1
AMD Ryzen 5800x CPU,Brand New,1,2999,2999,4500,4500,AMD%20Ryzen%205800x%20CPU%20-%20Manufacturer%20Stock%20Image,https://images.search.yahoo.com/search/images?p=AMD%20Ryzen%205800x%20CPU%20-%20Manufacturer%20Stock%20Image,"{""tw"":""1200"",""th"":""900"",""tc"":""0"",""rtc"":"""",""stc"":"""",""a"":""www.forbes.com"",""s"":""98.9KB"",""w"":""1200"",""h"":""900"",""hq"":false,""o"":"""",""c"":"""",""p"":false,""g"":"""",""sm"":"""",""is"":"""",""icMeta"":[],""rurl"":""https:\/\/www.forbes.com\/sites\/antonyleather\/2020\/11\/05\/amd-ryzen-7-5800x-review-new-eight-core-processor-smashes-it-out-the-park\/?sh=5828da602748"",""sigr"":""pdArjc5iO8UV"",""hturl"":"""",""ad"":false,""alt"":""AMD 
Ryzen 7 5800X Review: New Eight-Core Processor Smashes It Out The 
Park"",""rtl"":0,""iurl"":""https:\/\/imageio.forbes.com\/specials-images\/imageserve\/5fa3c646bdbeae1374ba01fa\/0x0.jpg?format=jpg\u0026width=1200"",""sigi"":""RLk9Q.O7vf52"",""ourl"":""https:\/\/imageio.forbes.com\/specials-images\/imageserve\/5fa3c646bdbeae1374ba01fa\/0x0.jpg?format=jpg\u0026width=1200"",""ith"":""https:\/\/tse2.mm.bing.net\/th?id=OIP.80I_AAH1k-qf1sq6ojHdsgHaFj\u0026pid=Api\u0026P=0\u0026w=300\u0026h=300"",""rb"":"";_ylt=Awr9_TdsMQNm9ngI5FGJzbkF;_ylu=c2VjA3NyBHNsawNpbWcEb2lkAzNjODcyZDE1NmYxY2I3YTdiYjZhMWRiMDlhNTY1NGRjBGdwb3MDMgRpdANiaW5n"",""rs"":0,""typ"":""""}",https://images.stockx.com/images/AMD-Ryzen-7-5800X-Unlocked-Desktop-Processor-100-100000063WOF.jpg?fit=clipu0026bg=FFFFFFu0026auto=compressu0026q=90u0026dpr=2u0026trim=coloru0026updated_at=1612211331u0026fm=jpgu0026ixlib=react-9.1.1u0026w=1075,,https://www.google.com/search?q=AMD%20Ryzen%205800x%20CPU%20-%20Manufacturer%20Stock%20Image&source=lnms&tbm=isch&sa=X&ved=2ahUKEwi_sfHlpeb8AhUvhP0HHVD6B6oQ_AUoAnoECAEQBA&biw=1920&bih=1009&dpr=1,https://www.google.com/search?q=AMD%20Ryzen%205800x%20CPU%20-%20Manufacturer%20Stock%20Image&source=lnms&tbm=isch&sa=X&ved=2ahUKEwi_sfHlpeb8AhUvhP0HHVD6B6oQ_AUoAnoECAEQBA&biw=1920&bih=1009&dpr=1
Asus Laptop X515MA Celeron 4GB 256GB 15.6 Notebook - Slate Grey,Brand New,1,3949,3949,3950,3950,Asus%20Laptop%20X515MA%20Celeron%204GB%20256GB%2015.6%20Notebook%20-%20Slate%20Grey%20-%20Manufacturer%20Stock%20Image,https://images.search.yahoo.com/search/images?p=Asus%20Laptop%20X515MA%20Celeron%204GB%20256GB%2015.6%20Notebook%20-%20Slate%20Grey%20-%20Manufacturer%20Stock%20Image,"{""tw"":""1200"",""th"":""1200"",""tc"":""0"",""rtc"":"""",""stc"":"""",""a"":""netpc.uy"",""s"":""169.7KB"",""w"":""1200"",""h"":""1200"",""hq"":false,""o"":"""",""c"":"""",""p"":false,""g"":"""",""sm"":"""",""is"":"""",""icMeta"":[],""rurl"":""https:\/\/netpc.uy\/tienda\/notebook-asus-x515-15-6-fhd-ips-celeron-n4020-128gb-ssd-4gb\/"",""sigr"":""vGWtOt04NTz8"",""hturl"":"""",""ad"":false,""alt"":""Notebook 
ASUS X515MA 15.6\u0026quot; FHD IPS Celeron N4020 128GB SSD 4GB \u2014 
NETPC"",""rtl"":0,""iurl"":""https:\/\/netpc.uy\/wp-content\/uploads\/2021\/12\/1-146.png"",""sigi"":""qcfR1_eD.ZJN"",""ourl"":""https:\/\/netpc.uy\/wp-content\/uploads\/2021\/12\/1-146.png"",""ith"":""https:\/\/tse4.mm.bing.net\/th?id=OIP.Drz_6lFUmClqs0JtK3lc-wHaHa\u0026pid=Api\u0026P=0\u0026w=300\u0026h=300"",""rb"":"";_ylt=Awr9.4csCANm84cW546JzbkF;_ylu=c2VjA3NyBHNsawNpbWcEb2lkA2Y1ZThkN2E3NDk0MzY1MDE1NjJhZGFhY2I3YjI2OGQxBGdwb3MDMgRpdANiaW5n"",""rs"":0,""typ"":""""}",https://www.wootware.co.za/media/catalog/product/cache/1/image/9df78eab33525d08d6e5fb8d27136e95/a/s/asus_x515ma_5__2_1.jpg,,https://www.google.com/search?q=Asus%20Laptop%20X515MA%20Celeron%204GB%20256GB%2015.6%20Notebook%20-%20Slate%20Grey%20-%20Manufacturer%20Stock%20Image&source=lnms&tbm=isch&sa=X&ved=2ahUKEwi_sfHlpeb8AhUvhP0HHVD6B6oQ_AUoAnoECAEQBA&biw=1920&bih=1009&dpr=1,https://www.google.com/search?q=Asus%20Laptop%20X515MA%20Celeron%204GB%20256GB%2015.6%20Notebook%20-%20Slate%20Grey%20-%20Manufacturer%20Stock%20Image&source=lnms&tbm=isch&sa=X&ved=2ahUKEwi_sfHlpeb8AhUvhP0HHVD6B6oQ_AUoAnoECAEQBA&biw=1920&bih=1009&dpr=1
Sony x8500 Soundbar,Brand New,1,799,799,3900,3900,Sony%20x8500%20Soundbar%20-%20Manufacturer%20Stock%20Image,https://images.search.yahoo.com/search/images?p=Sony%20x8500%20Soundbar%20-%20Manufacturer%20Stock%20Image,"{""tw"":""474"",""th"":""295"",""tc"":""0"",""rtc"":"""",""stc"":"""",""a"":""www.homecinemachoice.com"",""s"":""44.0KB"",""w"":""474"",""h"":""295"",""hq"":false,""o"":"""",""c"":"""",""p"":false,""g"":"""",""sm"":"""",""is"":"""",""icMeta"":[],""rurl"":""https:\/\/www.homecinemachoice.com\/content\/sony-ht-x8500-soundbar"",""sigr"":""Et.Ii8k8uHKO"",""hturl"":"""",""ad"":false,""alt"":""Sony 
HT-X8500 soundbar review | Home Cinema 
Choice"",""rtl"":0,""iurl"":""https:\/\/www.homecinemachoice.com\/images\/720sonybar.promo_.jpg"",""sigi"":""VYhHY.xbViHR"",""ourl"":""https:\/\/www.homecinemachoice.com\/images\/720sonybar.promo_.jpg"",""ith"":""https:\/\/tse3.mm.bing.net\/th?id=OIP.sid4FVU4tydNnBUUZqtp4gAAAA\u0026pid=Api\u0026P=0\u0026w=300\u0026h=300"",""rb"":"";_ylt=Awr93rxrMQNmwD0IHBmJzbkF;_ylu=c2VjA3NyBHNsawNpbWcEb2lkAzM2ZWVlMDMzMmJjMWM3ZjQyODY2NzkwMDhmNmRkY2ZlBGdwb3MDMwRpdANiaW5n"",""rs"":0,""typ"":""""}",https://www.homecinemachoice.com/images/720sonybar.promo_.jpg,,https://www.google.com/search?q=Sony%20x8500%20Soundbar%20-%20Manufacturer%20Stock%20Image&source=lnms&tbm=isch&sa=X&ved=2ahUKEwi_sfHlpeb8AhUvhP0HHVD6B6oQ_AUoAnoECAEQBA&biw=1920&bih=1009&dpr=1,https://www.google.com/search?q=Sony%20x8500%20Soundbar%20-%20Manufacturer%20Stock%20Image&source=lnms&tbm=isch&sa=X&ved=2ahUKEwi_sfHlpeb8AhUvhP0HHVD6B6oQ_AUoAnoECAEQBA&biw=1920&bih=1009&dpr=1
HP 255 G8 AMD 3020e 4GB 1TB 15.6 Notebook Laptop ,New Unsealed,1,2000,2000,3750,3750,HP%20255%20G8%20AMD%203020e%204GB%201TB%2015.6%20Notebook%20Laptop%20%20-%20Manufacturer%20Stock%20Image,https://images.search.yahoo.com/search/images?p=HP%20255%20G8%20AMD%203020e%204GB%201TB%2015.6%20Notebook%20Laptop%20%20-%20Manufacturer%20Stock%20Image,"{""tw"":1000,""th"":200,""ad"":true,""typ"":""ad""}",https://www.rigeneratech.it/6281-large_default/notebook-pc-portatile-hp-255-g8-156-hd-amd-a4-3020e-ram-4gb-ddr4-ssd-256gb-webcam-hdmi.jpg,,https://www.google.com/search?q=HP%20255%20G8%20AMD%203020e%204GB%201TB%2015.6%20Notebook%20Laptop%20%20-%20Manufacturer%20Stock%20Image&source=lnms&tbm=isch&sa=X&ved=2ahUKEwi_sfHlpeb8AhUvhP0HHVD6B6oQ_AUoAnoECAEQBA&biw=1920&bih=1009&dpr=1,
Asus e410m,Brand New,1,999.8,999.8,3500,3500,Asus%20e410m%20-%20Manufacturer%20Stock%20Image,https://images.search.yahoo.com/search/images?p=Asus%20e410m%20-%20Manufacturer%20Stock%20Image,"{""tw"":""2000"",""th"":""2000"",""tc"":""0"",""rtc"":"""",""stc"":"""",""a"":""www.mybest.my"",""s"":""1442.4KB"",""w"":""2000"",""h"":""2000"",""hq"":false,""o"":"""",""c"":"""",""p"":false,""g"":"""",""sm"":"""",""is"":"""",""icMeta"":[],""rurl"":""https:\/\/www.mybest.my\/laptops\/asus-vivobook-go-14-e410m-abv1915ws-blue-laptop-celeron-n4020-uhd-graphics-4gb-ram-256gb-ssd-14-hd-windows-11-pre-installed-microsoft-office-home-student-2021"",""sigr"":""_Y_rdxhcw2lh"",""hturl"":"""",""ad"":false,""alt"":""ASUS 
14 E410M-ABV1915WS BLUE LAPTOP (CELERON N4020\/ UHD GRAPHICS\/ 4GB RAM\/ 
256GB SSD\/ 14\u0026quot; HD 
..."",""rtl"":0,""iurl"":""https:\/\/mybest.my\/image\/mybest\/image\/cache\/data\/all_product_images\/product-4927\/download%20(3)-2400x2400.png"",""sigi"":""ZBknned3_AJ."",""ourl"":""https:\/\/mybest.my\/image\/mybest\/image\/cache\/data\/all_product_images\/product-4927\/download%20(3)-2400x2400.png"",""ith"":""https:\/\/tse2.mm.bing.net\/th?id=OIP.9olYXEkFTDpaagmg5m7K6wHaHa\u0026pid=Api\u0026P=0\u0026w=300\u0026h=300"",""rb"":"";_ylt=Awrjbo_R2gJmIkESGy2JzbkF;_ylu=c2VjA3NyBHNsawNpbWcEb2lkAzhhYTRhNzY2ZmQzZTA2MTBlNjI0NDkwNjI4YTRhOTBjBGdwb3MDMQRpdANiaW5n"",""rs"":0,""typ"":""""}",https://www.store.pcimage.com.my/image/shoppcimage/image/cache/data/all_product_images/product-11731/m5OtStnW1644398644-850x850.jpg,,https://www.google.com/search?q=Asus%20e410m%20-%20Manufacturer%20Stock%20Image&source=lnms&tbm=isch&sa=X&ved=2ahUKEwi_sfHlpeb8AhUvhP0HHVD6B6oQ_AUoAnoECAEQBA&biw=1920&bih=1009&dpr=1,https://www.google.com/search?q=Asus%20e410m%20-%20Manufacturer%20Stock%20Image&source=lnms&tbm=isch&sa=X&ved=2ahUKEwi_sfHlpeb8AhUvhP0HHVD6B6oQ_AUoAnoECAEQBA&biw=1920&bih=1009&dpr=1
Xiaomi Mi Robot Vacuum Mop 2 Lite White,Brand New,1,919,919,3500,3500,Xiaomi%20Mi%20Robot%20Vacuum%20Mop%202%20Lite%20White%20-%20Manufacturer%20Stock%20Image,https://images.search.yahoo.com/search/images?p=Xiaomi%20Mi%20Robot%20Vacuum%20Mop%202%20Lite%20White%20-%20Manufacturer%20Stock%20Image,Loading...,https://cdn.webshopapp.com/shops/210536/files/409837514/image.jpg,,https://www.google.com/search?q=Xiaomi%20Mi%20Robot%20Vacuum%20Mop%202%20Lite%20White%20-%20Manufacturer%20Stock%20Image&source=lnms&tbm=isch&sa=X&ved=2ahUKEwi_sfHlpeb8AhUvhP0HHVD6B6oQ_AUoAnoECAEQBA&biw=1920&bih=1009&dpr=1,https://www.google.com/search?q=Xiaomi%20Mi%20Robot%20Vacuum%20Mop%202%20Lite%20White%20-%20Manufacturer%20Stock%20Image&source=lnms&tbm=isch&sa=X&ved=2ahUKEwi_sfHlpeb8AhUvhP0HHVD6B6oQ_AUoAnoECAEQBA&biw=1920&bih=1009&dpr=1
Instant Pot Duo Crisp + Air Fryer (8 Litre),New Unsealed,1,1650,1650,3400,3400,Instant%20Pot%20Duo%20Crisp%20%2B%20Air%20Fryer%20%288%20Litre%29%20-%20Manufacturer%20Stock%20Image,https://images.search.yahoo.com/search/images?p=Instant%20Pot%20Duo%20Crisp%20%2B%20Air%20Fryer%20%288%20Litre%29%20-%20Manufacturer%20Stock%20Image,"{""tw"":""960"",""th"":""960"",""tc"":""0"",""rtc"":"""",""stc"":"""",""a"":""schematicfixfeierabend.z19.web.core.wind..."",""s"":""62.6KB"",""w"":""960"",""h"":""960"",""hq"":false,""o"":"""",""c"":"""",""p"":false,""g"":"""",""sm"":"""",""is"":"""",""icMeta"":[],""rurl"":""https:\/\/schematicfixfeierabend.z19.web.core.windows.net\/insta-pot-duo-crisp-air-fryer.html"",""sigr"":""0tKrDPXq6KZ8"",""hturl"":"""",""ad"":false,""alt"":""Insta 
Pot Duo Crisp + Air 
Fryer"",""rtl"":0,""iurl"":""https:\/\/i5.walmartimages.com\/asr\/16502412-20b1-4e69-bc9b-ebea5d0b635c.a06dbf7eb6d5175d4f44291440121209.jpeg?odnWidth=1000\u0026odnHeight=1000\u0026odnBg=ffffff"",""sigi"":""m9Exf0hojgiY"",""ourl"":""https:\/\/i5.walmartimages.com\/asr\/16502412-20b1-4e69-bc9b-ebea5d0b635c.a06dbf7eb6d5175d4f44291440121209.jpeg?odnWidth=1000\u0026odnHeight=1000\u0026odnBg=ffffff"",""ith"":""https:\/\/tse1.mm.bing.net\/th?id=OIP.YkTc_06IOo1rQ40fCCtMOQHaHa\u0026pid=Api\u0026P=0\u0026w=300\u0026h=300"",""rb"":"";_ylt=Awr9.4ebMgNmoLcZiG6JzbkF;_ylu=c2VjA3NyBHNsawNpbWcEb2lkA2VkOGI3MjQ5MWRiYmU3NGUzM2U1OTc0OTM4ZDVlM2Q4BGdwb3MDMgRpdANiaW5n"",""rs"":0,""typ"":""""}",https://m.media-amazon.com/images/I/61KuP8MRIAL.jpg,,https://www.google.com/search?q=Instant%20Pot%20Duo%20Crisp%20%2B%20Air%20Fryer%20%288%20Litre%29%20-%20Manufacturer%20Stock%20Image&source=lnms&tbm=isch&sa=X&ved=2ahUKEwi_sfHlpeb8AhUvhP0HHVD6B6oQ_AUoAnoECAEQBA&biw=1920&bih=1009&dpr=1,https://www.google.com/search?q=Instant%20Pot%20Duo%20Crisp%20%2B%20Air%20Fryer%20%288%20Litre%29%20-%20Manufacturer%20Stock%20Image&source=lnms&tbm=isch&sa=X&ved=2ahUKEwi_sfHlpeb8AhUvhP0HHVD6B6oQ_AUoAnoECAEQBA&biw=1920&bih=1009&dpr=1
LG - 56L Microwave Black Neochef - MS5696HIT,New Unsealed,2,1650,3300,3200,6400,LG%20-%2056L%20Microwave%20Black%20Neochef%20-%20MS5696HIT%20-%20Manufacturer%20Stock%20Image,https://images.search.yahoo.com/search/images?p=LG%20-%2056L%20Microwave%20Black%20Neochef%20-%20MS5696HIT%20-%20Manufacturer%20Stock%20Image,"{""tw"":""768"",""th"":""768"",""tc"":""0"",""rtc"":"""",""stc"":"""",""a"":""www.bargainsonline.co.za"",""s"":""159.6KB"",""w"":""768"",""h"":""768"",""hq"":false,""o"":"""",""c"":"""",""p"":false,""g"":"""",""sm"":"""",""is"":"""",""icMeta"":[],""rurl"":""https:\/\/www.bargainsonline.co.za\/product\/lg-56l-black-neochef-solo-microwave-oven-with-smart-inverter\/"",""sigr"":""lqgCe3idi5j3"",""hturl"":"""",""ad"":false,""alt"":""LG 
56L Black NeoChef Solo Microwave Oven with Smart Inverter - Nationwide 
Delivery"",""rtl"":0,""iurl"":""https:\/\/www.bargainsonline.co.za\/wp-content\/uploads\/2021\/06\/MS5696HIT.BBDQSAF-1-1-768x768.png"",""sigi"":""lrpoNfm6Mi5B"",""ourl"":""https:\/\/www.bargainsonline.co.za\/wp-content\/uploads\/2021\/06\/MS5696HIT.BBDQSAF-1-1-768x768.png"",""ith"":""https:\/\/tse2.mm.bing.net\/th?id=OIP.rhuSOMweybimwVf9Hcm5DwHaHa\u0026pid=Api\u0026P=0\u0026w=300\u0026h=300"",""rb"":"";_ylt=Awr9_Te9MQNmrgcIybmJzbkF;_ylu=c2VjA3NyBHNsawNpbWcEb2lkAzg2ZGQ2NjdmMDA0ZGI2YmRhZDc2ZWU2Y2U5NDI0Y2Q2BGdwb3MDMwRpdANiaW5n"",""rs"":0,""typ"":""""}",https://www.hirschs.co.za/media/catalog/product/cache/ecd0042a7fcab2c6166cfd2b782faa97/6/7/67780_2.jpg,,https://www.google.com/search?q=LG%20-%2056L%20Microwave%20Black%20Neochef%20-%20MS5696HIT%20-%20Manufacturer%20Stock%20Image&source=lnms&tbm=isch&sa=X&ved=2ahUKEwi_sfHlpeb8AhUvhP0HHVD6B6oQ_AUoAnoECAEQBA&biw=1920&bih=1009&dpr=1,https://www.google.com/search?q=LG%20-%2056L%20Microwave%20Black%20Neochef%20-%20MS5696HIT%20-%20Manufacturer%20Stock%20Image&source=lnms&tbm=isch&sa=X&ved=2ahUKEwi_sfHlpeb8AhUvhP0HHVD6B6oQ_AUoAnoECAEQBA&biw=1920&bih=1009&dpr=1
Samsung Galaxy A24 - LTE - Light Green,New Unsealed,1,2450,2450,3200,3200,Samsung%20Galaxy%20A24%20-%20LTE%20-%20Light%20Green%20-%20Manufacturer%20Stock%20Image,https://images.search.yahoo.com/search/images?p=Samsung%20Galaxy%20A24%20-%20LTE%20-%20Light%20Green%20-%20Manufacturer%20Stock%20Image,,https://www.everyshop.co.za/media/catalog/product/cache/3aaf7ef652111a7c23335511164c8ac8/s/m/sma245_galaxya24lte_lightgreen_frontandbackdecal_215587_ecommerce_de94.png,,https://www.google.com/search?q=Samsung%20Galaxy%20A24%20-%20LTE%20-%20Light%20Green%20-%20Manufacturer%20Stock%20Image&source=lnms&tbm=isch&sa=X&ved=2ahUKEwi_sfHlpeb8AhUvhP0HHVD6B6oQ_AUoAnoECAEQBA&biw=1920&bih=1009&dpr=1,https://www.google.com/search?q=Samsung%20Galaxy%20A24%20-%20LTE%20-%20Light%20Green%20-%20Manufacturer%20Stock%20Image&source=lnms&tbm=isch&sa=X&ved=2ahUKEwi_sfHlpeb8AhUvhP0HHVD6B6oQ_AUoAnoECAEQBA&biw=1920&bih=1009&dpr=1
Dyson Corrale HS03 Copper,Brand New,1,1850,1850,2900,2900,Dyson%20Corrale%20HS03%20Copper%20-%20Manufacturer%20Stock%20Image,https://images.search.yahoo.com/search/images?p=Dyson%20Corrale%20HS03%20Copper%20-%20Manufacturer%20Stock%20Image,"{""tw"":""474"",""th"":""711"",""tc"":""0"",""rtc"":"""",""stc"":"""",""a"":""www.dyson.cn"",""s"":""478.5KB"",""w"":""474"",""h"":""711"",""hq"":false,""o"":"""",""c"":"""",""p"":false,""g"":"""",""sm"":"""",""is"":"""",""icMeta"":[],""rurl"":""https:\/\/www.dyson.cn\/323067-01-dyson-straightener-hs03-purple-black.html"",""sigr"":""FcVZ8duTNh70"",""hturl"":"""",""ad"":false,""alt"":""Dyson 
Corrale\u2122 HS03 \u7f8e\u53d1\u76f4\u53d1\u5668 
\uff08\u9ed1\u7d2b\u8272\uff09"",""rtl"":0,""iurl"":""https:\/\/www-img.dyson.cn\/catalog\/product\/3\/2\/323006-01.png"",""sigi"":""JugICGdy24y0"",""ourl"":""https:\/\/www-img.dyson.cn\/catalog\/product\/3\/2\/323006-01.png"",""ith"":""https:\/\/tse3.mm.bing.net\/th?id=OIP.uCwC-tbomEC8ziQxI1bTzgAAAA\u0026pid=Api\u0026P=0\u0026w=300\u0026h=300"",""rb"":"";_ylt=Awrjbo9tMQNmTcEZBCaJzbkF;_ylu=c2VjA3NyBHNsawNpbWcEb2lkAzg5YTI5NGY5YmUxNTQxYTM0N2E0OTBmYWIzYTk4NDk1BGdwb3MDNwRpdANiaW5n"",""rs"":0,""typ"":""""}",https://www.shoppingexpress.com.au/assets/full/DECO-M5-3pck.jpg?20200109013106,,https://www.google.com/search?q=Dyson%20Corrale%20HS03%20Copper%20-%20Manufacturer%20Stock%20Image&source=lnms&tbm=isch&sa=X&ved=2ahUKEwi_sfHlpeb8AhUvhP0HHVD6B6oQ_AUoAnoECAEQBA&biw=1920&bih=1009&dpr=1,https://www.google.com/search?q=Dyson%20Corrale%20HS03%20Copper%20-%20Manufacturer%20Stock%20Image&source=lnms&tbm=isch&sa=X&ved=2ahUKEwi_sfHlpeb8AhUvhP0HHVD6B6oQ_AUoAnoECAEQBA&biw=1920&bih=1009&dpr=1
Philips 5000 Series XXL Connected Air Fryer HD9285/90,Brand New,3,999,2997,2600,7800,Philips%205000%20Series%20XXL%20Connected%20Air%20Fryer%20HD9285%2F90%20-%20Manufacturer%20Stock%20Image,https://images.search.yahoo.com/search/images?p=Philips%205000%20Series%20XXL%20Connected%20Air%20Fryer%20HD9285%2F90%20-%20Manufacturer%20Stock%20Image,"{""tw"":""2000"",""th"":""2000"",""tc"":""0"",""rtc"":"""",""stc"":"""",""a"":""www.binglee.com.au"",""s"":""279.3KB"",""w"":""2000"",""h"":""2000"",""hq"":false,""o"":"""",""c"":"""",""p"":false,""g"":"""",""sm"":"""",""is"":"""",""icMeta"":[],""rurl"":""https:\/\/www.binglee.com.au\/products\/5000-series-airfryer-xxl-hd928590"",""sigr"":""0ULFG78.Gtfh"",""hturl"":"""",""ad"":false,""alt"":""Philips 
5000 Series XXL Connected Airfryer HD928590 - Buy Online with Afterpay 
\u0026 ZipPay - Bing 
Lee"",""rtl"":0,""iurl"":""https:\/\/media.binglee.com.au\/e\/a\/d\/1\/ead1f8cea6a5d361a6b8a43c17749800d78875a8_Philips_HD9285_90_Airfryer_Hero_3.jpg"",""sigi"":""cLr3zZHeXzlW"",""ourl"":""https:\/\/media.binglee.com.au\/e\/a\/d\/1\/ead1f8cea6a5d361a6b8a43c17749800d78875a8_Philips_HD9285_90_Airfryer_Hero_3.jpg"",""ith"":""https:\/\/tse4.mm.bing.net\/th?id=OIP.V7ujsJzGJabIuBpYO-1SrQHaHa\u0026pid=Api\u0026P=0\u0026w=300\u0026h=300"",""rb"":"";_ylt=AwrOo.PBJwNmbj4YFhyJzbkF;_ylu=c2VjA3NyBHNsawNpbWcEb2lkAzM0OTI1YTQwNTE4ZTZkZTc4NTkyNjA3ZGI2YzE1MmVlBGdwb3MDNARpdANiaW5n"",""rs"":0,""typ"":""""}",https://www.retravision.com.au/img/paths/images/products/c92a190f6960809f445436273389ec54-trimmed-minh_848.jpg/2a863d380743c1e7c59e96967493c8c5.jpg,,https://www.google.com/search?q=Philips%205000%20Series%20XXL%20Connected%20Air%20Fryer%20HD9285%2F90%20-%20Manufacturer%20Stock%20Image&source=lnms&tbm=isch&sa=X&ved=2ahUKEwi_sfHlpeb8AhUvhP0HHVD6B6oQ_AUoAnoECAEQBA&biw=1920&bih=1009&dpr=1,https://www.google.com/search?q=Philips%205000%20Series%20XXL%20Connected%20Air%20Fryer%20HD9285%2F90%20-%20Manufacturer%20Stock%20Image&source=lnms&tbm=isch&sa=X&ved=2ahUKEwi_sfHlpeb8AhUvhP0HHVD6B6oQ_AUoAnoECAEQBA&biw=1920&bih=1009&dpr=1
XBOX ELITE SERIES 2 WIRELESS CONTROLLER,Brand New,2,799,1598,2600,5200,XBOX%20ELITE%20SERIES%202%20WIRELESS%20CONTROLLER%20-%20Manufacturer%20Stock%20Image,https://images.search.yahoo.com/search/images?p=XBOX%20ELITE%20SERIES%202%20WIRELESS%20CONTROLLER%20-%20Manufacturer%20Stock%20Image,"{""tw"":""2500"",""th"":""2500"",""tc"":""0"",""rtc"":"""",""stc"":"""",""a"":""www.bhphotovideo.com"",""s"":""427.4KB"",""w"":""2500"",""h"":""2500"",""hq"":false,""o"":"""",""c"":"""",""p"":false,""g"":"""",""sm"":"""",""is"":"""",""icMeta"":[],""rurl"":""https:\/\/www.bhphotovideo.com\/c\/product\/1517471-REG\/microsoft_fst_00003_xbox_one_elite_series.html"",""sigr"":""k2_kcXm0l6BV"",""hturl"":"""",""ad"":false,""alt"":""Microsoft 
Xbox One Elite Series 2 Wireless Controller 
FST-00001"",""rtl"":0,""iurl"":""https:\/\/www.bhphotovideo.com\/images\/images2500x2500\/microsoft_fst_00003_xbox_one_elite_series_1517471.jpg"",""sigi"":""urXMs9CvArMs"",""ourl"":""https:\/\/www.bhphotovideo.com\/images\/images2500x2500\/microsoft_fst_00003_xbox_one_elite_series_1517471.jpg"",""ith"":""https:\/\/tse1.mm.bing.net\/th?id=OIP.IQleb5ocMV9-PMjADD_aDgHaHa\u0026pid=Api\u0026P=0\u0026w=300\u0026h=300"",""rb"":"";_ylt=Awr9_TdzMQNm4zAIXpiJzbkF;_ylu=c2VjA3NyBHNsawNpbWcEb2lkAzA3MDdjYjdlZTQ4ZDcwNDY3Zjk3MzgyM2ZhNGQ2NTYxBGdwb3MDMQRpdANiaW5n"",""rs"":0,""typ"":""""}",https://www.bhphotovideo.com/images/images2500x2500/microsoft_fst_00003_xbox_one_elite_series_1517471.jpg,,https://www.google.com/search?q=XBOX%20ELITE%20SERIES%202%20WIRELESS%20CONTROLLER%20-%20Manufacturer%20Stock%20Image&source=lnms&tbm=isch&sa=X&ved=2ahUKEwi_sfHlpeb8AhUvhP0HHVD6B6oQ_AUoAnoECAEQBA&biw=1920&bih=1009&dpr=1,https://www.google.com/search?q=XBOX%20ELITE%20SERIES%202%20WIRELESS%20CONTROLLER%20-%20Manufacturer%20Stock%20Image&source=lnms&tbm=isch&sa=X&ved=2ahUKEwi_sfHlpeb8AhUvhP0HHVD6B6oQ_AUoAnoECAEQBA&biw=1920&bih=1009&dpr=1
@Home NIMA CORNER SEAT - Right and Left Facing Available,Brand New,5,695,3475,2500,12500,%40Home%20NIMA%20CORNER%20SEAT%20-%20Right%20and%20Left%20Facing%20Available%20-%20Manufacturer%20Stock%20Image,https://images.search.yahoo.com/search/images?p=%40Home%20NIMA%20CORNER%20SEAT%20-%20Right%20and%20Left%20Facing%20Available%20-%20Manufacturer%20Stock%20Image,,https://i.ibb.co/sQY2m7Q/photo-2024-03-02-14-58-34.jpg,,https://www.google.com/search?q=%40Home%20NIMA%20CORNER%20SEAT%20-%20Right%20and%20Left%20Facing%20Available%20-%20Manufacturer%20Stock%20Image&source=lnms&tbm=isch&sa=X&ved=2ahUKEwi_sfHlpeb8AhUvhP0HHVD6B6oQ_AUoAnoECAEQBA&biw=1920&bih=1009&dpr=1,https://www.google.com/search?q=%40Home%20NIMA%20CORNER%20SEAT%20-%20Right%20and%20Left%20Facing%20Available%20-%20Manufacturer%20Stock%20Image&source=lnms&tbm=isch&sa=X&ved=2ahUKEwi_sfHlpeb8AhUvhP0HHVD6B6oQ_AUoAnoECAEQBA&biw=1920&bih=1009&dpr=1
Fibit Versa 3 - Black,Brand New,2,1699,3398,2500,5000,Fibit%20Versa%203%20-%20Black%20-%20Manufacturer%20Stock%20Image,https://images.search.yahoo.com/search/images?p=Fibit%20Versa%203%20-%20Black%20-%20Manufacturer%20Stock%20Image,"{""tw"":""600"",""th"":""532"",""tc"":""0"",""rtc"":"""",""stc"":"""",""a"":""www.currys.ie"",""s"":""22.5KB"",""w"":""600"",""h"":""532"",""hq"":false,""o"":"""",""c"":"""",""p"":false,""g"":"""",""sm"":"""",""is"":"""",""icMeta"":[],""rurl"":""https:\/\/www.currys.ie\/products\/fitbit-versa-3-smart-watch-with-alexa-and-google-assistant-black-10213604.html"",""sigr"":""nCmXLDRUoGX3"",""hturl"":"""",""ad"":false,""alt"":""Buy 
FITBIT Versa 3 Smart Watch with Alexa \u0026 Google Assistant - Black | 
CurrysIE"",""rtl"":0,""iurl"":""https:\/\/media.currys.biz\/i\/currysprod\/M10213604_black?$l-large$\u0026fmt=auto"",""sigi"":""ees0q26rLaKA"",""ourl"":""https:\/\/media.currys.biz\/i\/currysprod\/M10213604_black?$l-large$\u0026fmt=auto"",""ith"":""https:\/\/tse2.mm.bing.net\/th?id=OIP.nIdNmO4wwBmnekFFAcS6LwHaGk\u0026pid=Api\u0026P=0\u0026w=300\u0026h=300"",""rb"":"";_ylt=Awrjff1sMQNmzSEZFLSJzbkF;_ylu=c2VjA3NyBHNsawNpbWcEb2lkA2EyMjQzMjUzNDIzNzdiYTMxZWUxNzlkZmU1YTkyNDA1BGdwb3MDMQRpdANiaW5n"",""rs"":0,""typ"":""""}",https://scale.coolshop-cdn.com/product-media.coolshop-cdn.com/2364YS/a0164255a7104fe59219a375c4b11290.jpg/f/fitbit-versa-3-smart-watch-black.jpg,,https://www.google.com/search?q=Fibit%20Versa%203%20-%20Black%20-%20Manufacturer%20Stock%20Image&source=lnms&tbm=isch&sa=X&ved=2ahUKEwi_sfHlpeb8AhUvhP0HHVD6B6oQ_AUoAnoECAEQBA&biw=1920&bih=1009&dpr=1,https://www.google.com/search?q=Fibit%20Versa%203%20-%20Black%20-%20Manufacturer%20Stock%20Image&source=lnms&tbm=isch&sa=X&ved=2ahUKEwi_sfHlpeb8AhUvhP0HHVD6B6oQ_AUoAnoECAEQBA&biw=1920&bih=1009&dpr=1
Seagull Altitude 12 ft Trampoline With Safety Net (366cm),Brand New,4,759,3036,2500,10000,Seagull%20Altitude%2012%20ft%20Trampoline%20With%20Safety%20Net%20%28366cm%29%20-%20Manufacturer%20Stock%20Image,https://images.search.yahoo.com/search/images?p=Seagull%20Altitude%2012%20ft%20Trampoline%20With%20Safety%20Net%20%28366cm%29%20-%20Manufacturer%20Stock%20Image,"{""tw"":""1080"",""th"":""1080"",""tc"":""0"",""rtc"":"""",""stc"":"""",""a"":""www.onedayonly.co.za"",""s"":""1415.1KB"",""w"":""1080"",""h"":""1080"",""hq"":false,""o"":"""",""c"":"""",""p"":false,""g"":"""",""sm"":"""",""is"":"""",""icMeta"":[],""rurl"":""https:\/\/www.onedayonly.co.za\/products\/altitude-12-366cm-trampoline-set-20221012"",""sigr"":""2.ahy5ZG3wjF"",""hturl"":"""",""ad"":false,""alt"":""24% 
off on Altitude 12\u0026#39; - 366cm - Trampoline Set | 
OneDayOnly"",""rtl"":0,""iurl"":""https:\/\/odo-cdn.imgix.net\/catalog\/product\/166\/557\/1665579848.108.jpeg"",""sigi"":""kHavds3S5d23"",""ourl"":""https:\/\/odo-cdn.imgix.net\/catalog\/product\/166\/557\/1665579848.108.jpeg"",""ith"":""https:\/\/tse2.mm.bing.net\/th?id=OIP._1K720rXe6NAalytCurLZgHaHa\u0026pid=Api\u0026P=0\u0026w=300\u0026h=300"",""rb"":"";_ylt=Awr9_TfSBwNmhZEFRhOJzbkF;_ylu=c2VjA3NyBHNsawNpbWcEb2lkAzgyMDMyYWQ0OTU0YWZmZDNkNDIzNDExNmE2NjlmNWYzBGdwb3MDMgRpdANiaW5n"",""rs"":0,""typ"":""""}",https://media.loot.co.za/images/x400/2799156657219179215.jpg,,https://www.google.com/search?q=Seagull%20Altitude%2012%20ft%20Trampoline%20With%20Safety%20Net%20%28366cm%29%20-%20Manufacturer%20Stock%20Image&source=lnms&tbm=isch&sa=X&ved=2ahUKEwi_sfHlpeb8AhUvhP0HHVD6B6oQ_AUoAnoECAEQBA&biw=1920&bih=1009&dpr=1,https://www.google.com/search?q=Seagull%20Altitude%2012%20ft%20Trampoline%20With%20Safety%20Net%20%28366cm%29%20-%20Manufacturer%20Stock%20Image&source=lnms&tbm=isch&sa=X&ved=2ahUKEwi_sfHlpeb8AhUvhP0HHVD6B6oQ_AUoAnoECAEQBA&biw=1920&bih=1009&dpr=1
Karcher Cordless Stick Vacuum VC5,Brand New,1,1369,1369,2500,2500,Karcher%20Cordless%20Stick%20Vacuum%20VC5%20-%20Manufacturer%20Stock%20Image,https://images.search.yahoo.com/search/images?p=Karcher%20Cordless%20Stick%20Vacuum%20VC5%20-%20Manufacturer%20Stock%20Image,"{""tw"":""700"",""th"":""700"",""tc"":""0"",""rtc"":"""",""stc"":"""",""a"":""www.incredible.co.za"",""s"":""20.5KB"",""w"":""700"",""h"":""700"",""hq"":false,""o"":"""",""c"":"""",""p"":false,""g"":"""",""sm"":"""",""is"":"""",""icMeta"":[],""rurl"":""https:\/\/www.incredible.co.za\/karcher-cordless-stick-vacuum-vc5"",""sigr"":""zTzM_QI_FZW8"",""hturl"":"""",""ad"":false,""alt"":""Karcher 
Cordless Stick Vacuum VC5 - Incredible 
Connection"",""rtl"":0,""iurl"":""https:\/\/www.incredible.co.za\/media\/catalog\/product\/cache\/7ce9addd40d23ee411c2cc726ad5e7ed\/v\/c\/vc5_cordless_8ba9.jpg"",""sigi"":""6b6Z5eG3FbaB"",""ourl"":""https:\/\/www.incredible.co.za\/media\/catalog\/product\/cache\/7ce9addd40d23ee411c2cc726ad5e7ed\/v\/c\/vc5_cordless_8ba9.jpg"",""ith"":""https:\/\/tse1.mm.bing.net\/th?id=OIP.CaUQTlG4LCbZE-rNbKqlOQHaHa\u0026pid=Api\u0026P=0\u0026w=300\u0026h=300"",""rb"":"";_ylt=Awrjff1wMQNmJtQYa9WJzbkF;_ylu=c2VjA3NyBHNsawNpbWcEb2lkA2FmNGE5Yzc2NGVlNDNkOGQxODljYzM0Njc4NjNmNjNjBGdwb3MDMgRpdANiaW5n"",""rs"":0,""typ"":""""}",https://www.incredible.co.za/media/catalog/product/cache/7ce9addd40d23ee411c2cc726ad5e7ed/v/c/vc5_cordless_8ba9.jpg,,https://www.google.com/search?q=Karcher%20Cordless%20Stick%20Vacuum%20VC5%20-%20Manufacturer%20Stock%20Image&source=lnms&tbm=isch&sa=X&ved=2ahUKEwi_sfHlpeb8AhUvhP0HHVD6B6oQ_AUoAnoECAEQBA&biw=1920&bih=1009&dpr=1,https://www.google.com/search?q=Karcher%20Cordless%20Stick%20Vacuum%20VC5%20-%20Manufacturer%20Stock%20Image&source=lnms&tbm=isch&sa=X&ved=2ahUKEwi_sfHlpeb8AhUvhP0HHVD6B6oQ_AUoAnoECAEQBA&biw=1920&bih=1009&dpr=1
Smeg 50's Retro Style Filter Coffee Machine Glossy Pastel Blue,New Unsealed,1,1350,1350,2500,2500,Smeg%2050%27s%20Retro%20Style%20Filter%20Coffee%20Machine%20Glossy%20Pastel%20Blue%20-%20Manufacturer%20Stock%20Image,https://images.search.yahoo.com/search/images?p=Smeg%2050%27s%20Retro%20Style%20Filter%20Coffee%20Machine%20Glossy%20Pastel%20Blue%20-%20Manufacturer%20Stock%20Image,"{""tw"":""1000"",""th"":""1000"",""tc"":""0"",""rtc"":"""",""stc"":"""",""a"":""theluxurycloset.com"",""s"":""45.2KB"",""w"":""1000"",""h"":""1000"",""hq"":false,""o"":"""",""c"":"""",""p"":false,""g"":"""",""sm"":"""",""is"":"""",""icMeta"":[],""rurl"":""https:\/\/theluxurycloset.com\/men\/smeg-50s-retro-style-aesthetic-drip-filter-coffee-machine-pastel-blue-available-for-uae-customers-only-p302130"",""sigr"":""IWLC8dgKcElm"",""hturl"":"""",""ad"":false,""alt"":""Smeg 
50\u0026#39;S Retro Style Aesthetic Drip Filter Coffee Machine, Pastel Blue 
(Available for UAE 
..."",""rtl"":0,""iurl"":""https:\/\/cdn.theluxurycloset.com\/uploads\/products\/full\/luxury-unisex-smeg-new-appliances-p302130-005.jpg"",""sigi"":"".TbAyLQ8WkNZ"",""ourl"":""https:\/\/cdn.theluxurycloset.com\/uploads\/products\/full\/luxury-unisex-smeg-new-appliances-p302130-005.jpg"",""ith"":""https:\/\/tse1.mm.bing.net\/th?id=OIP.kdSkbkX4Z-3e25NvQFXZ2wHaHa\u0026pid=Api\u0026P=0\u0026w=300\u0026h=300"",""rb"":"";_ylt=AwrOo.MrCANmEAgXTxmJzbkF;_ylu=c2VjA3NyBHNsawNpbWcEb2lkAzBiZWI0MTFiZDcwZTYxZDJkMGZhNGVlNGEzMDAzMmViBGdwb3MDMwRpdANiaW5n"",""rs"":0,""typ"":""""}",https://m.media-amazon.com/images/I/61Z-xQi2VKL.jpg,,https://www.google.com/search?q=Smeg%2050%27s%20Retro%20Style%20Filter%20Coffee%20Machine%20Glossy%20Pastel%20Blue%20-%20Manufacturer%20Stock%20Image&source=lnms&tbm=isch&sa=X&ved=2ahUKEwi_sfHlpeb8AhUvhP0HHVD6B6oQ_AUoAnoECAEQBA&biw=1920&bih=1009&dpr=1,https://www.google.com/search?q=Smeg%2050%27s%20Retro%20Style%20Filter%20Coffee%20Machine%20Glossy%20Pastel%20Blue%20-%20Manufacturer%20Stock%20Image&source=lnms&tbm=isch&sa=X&ved=2ahUKEwi_sfHlpeb8AhUvhP0HHVD6B6oQ_AUoAnoECAEQBA&biw=1920&bih=1009&dpr=1
Mecer Fundi 2 in 1 Convertible Intel Celeron | 64GB eMMC Storage,New Unsealed,1,1199,1199,2500,2500,Mecer%20Fundi%202%20in%201%20Convertible%20Intel%20Celeron%20%7C%2064GB%20eMMC%20Storage%20-%20Manufacturer%20Stock%20Image,https://images.search.yahoo.com/search/images?p=Mecer%20Fundi%202%20in%201%20Convertible%20Intel%20Celeron%20%7C%2064GB%20eMMC%20Storage%20-%20Manufacturer%20Stock%20Image,"{""tw"":""768"",""th"":""768"",""tc"":""0"",""rtc"":"""",""stc"":"""",""a"":""www.firstshop.co.za"",""s"":""26.6KB"",""w"":""768"",""h"":""768"",""hq"":false,""o"":"""",""c"":"""",""p"":false,""g"":"""",""sm"":"""",""is"":"""",""icMeta"":[],""rurl"":""https:\/\/www.firstshop.co.za\/products\/mecer-fundi-11-6-inch-hd-2-in-1-laptop-intel-celeron-n3350-64gb-emmc-4gb-ram-win-10-pro-ya11q1-167150"",""sigr"":""6EwTkcfEdTQv"",""hturl"":"""",""ad"":false,""alt"":""Mecer 
Fundi 11.6-inch HD 2-in-1 Laptop - Intel Celeron N3350 64GB 
eMMC"",""rtl"":0,""iurl"":""https:\/\/cdn.shopify.com\/s\/files\/1\/0457\/5893\/9300\/products\/ya11q1-2-in-1-laptops-42675092881572_800x.jpg?v=1679915658"",""sigi"":""BhNljTo2iEni"",""ourl"":""https:\/\/cdn.shopify.com\/s\/files\/1\/0457\/5893\/9300\/products\/ya11q1-2-in-1-laptops-42675092881572_800x.jpg?v=1679915658"",""ith"":""https:\/\/tse2.mm.bing.net\/th?id=OIP.LpnAmWkuO5OH0mX3s2m2vQHaHa\u0026pid=Api\u0026P=0\u0026w=300\u0026h=300"",""rb"":"";_ylt=Awr9.4dNCANm2vsW8yuJzbkF;_ylu=c2VjA3NyBHNsawNpbWcEb2lkAzI4ZTViNWZmMWY1M2JlOTFmYjM0ZGI2OTE0ODI3NjkxBGdwb3MDMgRpdANiaW5n"",""rs"":0,""typ"":""""}",https://nivo.co.za/gallery/00/07/93/00079326_00467623.jpg,,https://www.google.com/search?q=Mecer%20Fundi%202%20in%201%20Convertible%20Intel%20Celeron%20%7C%2064GB%20eMMC%20Storage%20-%20Manufacturer%20Stock%20Image&source=lnms&tbm=isch&sa=X&ved=2ahUKEwi_sfHlpeb8AhUvhP0HHVD6B6oQ_AUoAnoECAEQBA&biw=1920&bih=1009&dpr=1,https://www.smartprice.co.za/product-images/huge/305084-Mecer-Fundi-YA13Q20-2-in-1-Notebook.jpg
Chicco Polly Compact Easy-Clean Highchair (Taupe),Brand New,1,63,63,2450,2450,Chicco%20Polly%20Compact%20Easy-Clean%20Highchair%20%28Taupe%29%20-%20Manufacturer%20Stock%20Image,https://images.search.yahoo.com/search/images?p=Chicco%20Polly%20Compact%20Easy-Clean%20Highchair%20%28Taupe%29%20-%20Manufacturer%20Stock%20Image,"{""tw"":""400"",""th"":""400"",""tc"":""0"",""rtc"":"""",""stc"":"""",""a"":""www.target.com"",""s"":""17.2KB"",""w"":""400"",""h"":""400"",""hq"":false,""o"":"""",""c"":"""",""p"":false,""g"":"""",""sm"":"""",""is"":"""",""icMeta"":[],""rurl"":""https:\/\/www.target.com\/p\/chicco-polly-compact-fold-easy-clean-high-chair-taupe\/-\/A-80166164"",""sigr"":""xjfd_MT_d3Vd"",""hturl"":"""",""ad"":false,""alt"":""Chicco 
Polly Compact Fold Easy-clean High Chair - Taupe : 
Target"",""rtl"":0,""iurl"":""https:\/\/target.scene7.com\/is\/image\/Target\/GUEST_c0773063-488d-4735-93a4-cdf4a14e3ed7"",""sigi"":""_tyk_OacefCk"",""ourl"":""https:\/\/target.scene7.com\/is\/image\/Target\/GUEST_c0773063-488d-4735-93a4-cdf4a14e3ed7"",""ith"":""https:\/\/tse4.mm.bing.net\/th?id=OIP.grSDvK5PU9P4eugBztZeRQAAAA\u0026pid=Api\u0026P=0\u0026w=300\u0026h=300"",""rb"":"";_ylt=Awr9_TdJMgNmftUI.AeJzbkF;_ylu=c2VjA3NyBHNsawNpbWcEb2lkAzZkODgwMzEzNjg2YjA3OTZiN2ZiY2UxMGQzZGMxYWE0BGdwb3MDMQRpdANiaW5n"",""rs"":0,""typ"":""""}",https://target.scene7.com/is/image/Target/GUEST_c0773063-488d-4735-93a4-cdf4a14e3ed7,,https://www.google.com/search?q=Chicco%20Polly%20Compact%20Easy-Clean%20Highchair%20%28Taupe%29%20-%20Manufacturer%20Stock%20Image&source=lnms&tbm=isch&sa=X&ved=2ahUKEwi_sfHlpeb8AhUvhP0HHVD6B6oQ_AUoAnoECAEQBA&biw=1920&bih=1009&dpr=1,https://www.google.com/search?q=Chicco%20Polly%20Compact%20Easy-Clean%20Highchair%20%28Taupe%29%20-%20Manufacturer%20Stock%20Image&source=lnms&tbm=isch&sa=X&ved=2ahUKEwi_sfHlpeb8AhUvhP0HHVD6B6oQ_AUoAnoECAEQBA&biw=1920&bih=1009&dpr=1
Logitech G PRO X Gaming Headset Black,Brand New,1,799,799,2350,2350,Logitech%20G%20PRO%20X%20Gaming%20Headset%20Black%20-%20Manufacturer%20Stock%20Image,https://images.search.yahoo.com/search/images?p=Logitech%20G%20PRO%20X%20Gaming%20Headset%20Black%20-%20Manufacturer%20Stock%20Image,"{""tw"":""2083"",""th"":""2083"",""tc"":""0"",""rtc"":"""",""stc"":"""",""a"":""www.itcity.in.th"",""s"":""698.7KB"",""w"":""2083"",""h"":""2083"",""hq"":false,""o"":"""",""c"":"""",""p"":false,""g"":"""",""sm"":"""",""is"":"""",""icMeta"":[],""rurl"":""https:\/\/www.itcity.in.th\/product\/LOGITECH-GAMING-HEADSET-G-PRO-X-BLACK_PRD202203000438"",""sigr"":""5Ygo39Pg68Ju"",""hturl"":"""",""ad"":false,""alt"":""LOGITECH 
GAMING HEADSET G PRO X 
BLACK"",""rtl"":0,""iurl"":""https:\/\/res.cloudinary.com\/itcity-production\/image\/upload\/v1648026471\/product\/product-master\/smuhg8mscblgjr5sgr8f.jpg"",""sigi"":""nDi4bZwsPXt2"",""ourl"":""https:\/\/res.cloudinary.com\/itcity-production\/image\/upload\/v1648026471\/product\/product-master\/smuhg8mscblgjr5sgr8f.jpg"",""ith"":""https:\/\/tse2.mm.bing.net\/th?id=OIP.dLY9ZJIvy3zaFmRW5azxvAHaHa\u0026pid=Api\u0026P=0\u0026w=300\u0026h=300"",""rb"":"";_ylt=Awr9.4dyMQNmFPIZijCJzbkF;_ylu=c2VjA3NyBHNsawNpbWcEb2lkA2EyOGQ5NmI2NzZjMTU0N2ZkYjQ5NDJmOGIyYjBjMTkxBGdwb3MDMgRpdANiaW5n"",""rs"":0,""typ"":""""}",https://res.cloudinary.com/itcity-production/image/upload/v1648026471/product/product-master/smuhg8mscblgjr5sgr8f.jpg,,https://www.google.com/search?q=Logitech%20G%20PRO%20X%20Gaming%20Headset%20Black%20-%20Manufacturer%20Stock%20Image&source=lnms&tbm=isch&sa=X&ved=2ahUKEwi_sfHlpeb8AhUvhP0HHVD6B6oQ_AUoAnoECAEQBA&biw=1920&bih=1009&dpr=1,https://www.google.com/search?q=Logitech%20G%20PRO%20X%20Gaming%20Headset%20Black%20-%20Manufacturer%20Stock%20Image&source=lnms&tbm=isch&sa=X&ved=2ahUKEwi_sfHlpeb8AhUvhP0HHVD6B6oQ_AUoAnoECAEQBA&biw=1920&bih=1009&dpr=1
RCT MEGAPOWER MP-PBS80AC 288WH Power Backup,Brand New,1,649,649,2300,2300,RCT%20MEGAPOWER%20MP-PBS80AC%20288WH%20Power%20Backup%20-%20Manufacturer%20Stock%20Image,https://images.search.yahoo.com/search/images?p=RCT%20MEGAPOWER%20MP-PBS80AC%20288WH%20Power%20Backup%20-%20Manufacturer%20Stock%20Image,"{""tw"":""800"",""th"":""865"",""tc"":""0"",""rtc"":"""",""stc"":"""",""a"":""computerking.co.za"",""s"":""30.4KB"",""w"":""800"",""h"":""865"",""hq"":false,""o"":"""",""c"":"""",""p"":false,""g"":"""",""sm"":"""",""is"":"""",""icMeta"":[],""rurl"":""https:\/\/computerking.co.za\/product\/rct-megapower-80000mah-ac-power-bank\/"",""sigr"":""JjbFySsm6iB_"",""hturl"":"""",""ad"":false,""alt"":""RCT 
MEGAPOWER 80000mAh AC Power Bank - Computer 
King"",""rtl"":0,""iurl"":""https:\/\/computerking.co.za\/wp-content\/uploads\/2023\/05\/mp-pbs80ac-2.jpg"",""sigi"":""N.5paklKTX9K"",""ourl"":""https:\/\/computerking.co.za\/wp-content\/uploads\/2023\/05\/mp-pbs80ac-2.jpg"",""ith"":""https:\/\/tse2.mm.bing.net\/th?id=OIP.Wet9qKqA9W4FzGC4SxCtvQHaIA\u0026pid=Api\u0026P=0\u0026w=300\u0026h=300"",""rb"":"";_ylt=AwrOo.N0MQNmoiIaCxuJzbkF;_ylu=c2VjA3NyBHNsawNpbWcEb2lkAzdkYTZlZTc0OTJmM2E2YTQxYTI1YmU3MmFjOWFhMTk3BGdwb3MDMgRpdANiaW5n"",""rs"":0,""typ"":""""}",https://www.tecafrica.co.za/cdn/shop/products/RCTPowerBankFront1.png?v=1669035438,,https://www.google.com/search?q=RCT%20MEGAPOWER%20MP-PBS80AC%20288WH%20Power%20Backup%20-%20Manufacturer%20Stock%20Image&source=lnms&tbm=isch&sa=X&ved=2ahUKEwi_sfHlpeb8AhUvhP0HHVD6B6oQ_AUoAnoECAEQBA&biw=1920&bih=1009&dpr=1,https://www.google.com/search?q=RCT%20MEGAPOWER%20MP-PBS80AC%20288WH%20Power%20Backup%20-%20Manufacturer%20Stock%20Image&source=lnms&tbm=isch&sa=X&ved=2ahUKEwi_sfHlpeb8AhUvhP0HHVD6B6oQ_AUoAnoECAEQBA&biw=1920&bih=1009&dpr=1
Anker Soundcore Q45 Black,New Unsealed,1,1919,1919,2250,2250,Anker%20Soundcore%20Q45%20Black%20-%20Manufacturer%20Stock%20Image,https://images.search.yahoo.com/search/images?p=Anker%20Soundcore%20Q45%20Black%20-%20Manufacturer%20Stock%20Image,"{""tw"":""474"",""th"":""597"",""tc"":""0"",""rtc"":"""",""stc"":"""",""a"":""www.bestbuy.com"",""s"":""429.6KB"",""w"":""474"",""h"":""597"",""hq"":false,""o"":"""",""c"":"""",""p"":false,""g"":"""",""sm"":"""",""is"":"""",""icMeta"":[],""rurl"":""https:\/\/www.bestbuy.com\/site\/soundcore-by-anker-space-q45-true-wireless-noise-cancelling-over-the-ear-headphones-black\/6514486.p"",""sigr"":""DpGDwrNrIzjy"",""hturl"":"""",""ad"":false,""alt"":""Soundcore 
by Anker Space Q45 True Wireless Noise Cancelling Over-the-Ear Headphones 
Black 
..."",""rtl"":0,""iurl"":""https:\/\/pisces.bbystatic.com\/image2\/BestBuy_US\/images\/products\/6514\/6514486cv11d.jpg"",""sigi"":""SwzVI_N7O5eg"",""ourl"":""https:\/\/pisces.bbystatic.com\/image2\/BestBuy_US\/images\/products\/6514\/6514486cv11d.jpg"",""ith"":""https:\/\/tse3.mm.bing.net\/th?id=OIP.mlQHbBWOqSYIDv2yQqkA-wHaJV\u0026pid=Api\u0026P=0\u0026w=300\u0026h=300"",""rb"":"";_ylt=Awrjbo9tMQNmWNEZEReJzbkF;_ylu=c2VjA3NyBHNsawNpbWcEb2lkAzdlNjAzNmEwZjgzZmRiMWJiMGZiMDAxYzgwNDhjOTQxBGdwb3MDMgRpdANiaW5n"",""rs"":0,""typ"":""""}",https://pisces.bbystatic.com/image2/BestBuy_US/images/products/6514/6514486cv11d.jpg,,https://www.google.com/search?q=Anker%20Soundcore%20Q45%20Black%20-%20Manufacturer%20Stock%20Image&source=lnms&tbm=isch&sa=X&ved=2ahUKEwi_sfHlpeb8AhUvhP0HHVD6B6oQ_AUoAnoECAEQBA&biw=1920&bih=1009&dpr=1,https://www.google.com/search?q=Anker%20Soundcore%20Q45%20Black%20-%20Manufacturer%20Stock%20Image&source=lnms&tbm=isch&sa=X&ved=2ahUKEwi_sfHlpeb8AhUvhP0HHVD6B6oQ_AUoAnoECAEQBA&biw=1920&bih=1009&dpr=1
Anker Space Q45 Headphones - White,Brand New,1,1799.4,1799.4,2250,2250,Anker%20Space%20Q45%20Headphones%20-%20White%20-%20Manufacturer%20Stock%20Image,https://images.search.yahoo.com/search/images?p=Anker%20Space%20Q45%20Headphones%20-%20White%20-%20Manufacturer%20Stock%20Image,"{""tw"":""954"",""th"":""1181"",""tc"":""0"",""rtc"":"""",""stc"":"""",""a"":""www.amazon.ca"",""s"":""56.8KB"",""w"":""954"",""h"":""1181"",""hq"":false,""o"":"""",""c"":"""",""p"":false,""g"":"""",""sm"":"""",""is"":"""",""icMeta"":[],""rurl"":""https:\/\/www.amazon.ca\/soundcore-Cancelling-Headphones-Comfortable-Bluetooth\/dp\/B0BJ682ZKT"",""sigr"":""Z_T_N54gR1VD"",""hturl"":"""",""ad"":false,""alt"":""soundcore 
by Anker Space Q45 Adaptive Active Noise Cancelling Headphones, Reduce 
Noise by Up to 
..."",""rtl"":0,""iurl"":""https:\/\/m.media-amazon.com\/images\/I\/51wDcyBoD3L._AC_SL1500_.jpg"",""sigi"":""06HiXhCNwV.8"",""ourl"":""https:\/\/m.media-amazon.com\/images\/I\/51wDcyBoD3L._AC_SL1500_.jpg"",""ith"":""https:\/\/tse1.mm.bing.net\/th?id=OIP.pJXjKrU7K0fBnm2J16ye1AHaJK\u0026pid=Api\u0026P=0\u0026w=300\u0026h=300"",""rb"":"";_ylt=Awrjbo9xMQNmwC4ZhJmJzbkF;_ylu=c2VjA3NyBHNsawNpbWcEb2lkAzI4NjliNDAyNTU1MjVkMTgyYzIwYjJhNGU2OTE2YmVkBGdwb3MDMgRpdANiaW5n"",""rs"":0,""typ"":""""}",https://amerikasepetim.com/uploads/products/z4opiteihgeragcsynzd-soundcore-by-anker-space-q45-adaptive-active-noise-cancelling-headphones-beyaz.jpg,,https://www.google.com/search?q=Anker%20Space%20Q45%20Headphones%20-%20White%20-%20Manufacturer%20Stock%20Image&source=lnms&tbm=isch&sa=X&ved=2ahUKEwi_sfHlpeb8AhUvhP0HHVD6B6oQ_AUoAnoECAEQBA&biw=1920&bih=1009&dpr=1,https://www.google.com/search?q=Anker%20Space%20Q45%20Headphones%20-%20White%20-%20Manufacturer%20Stock%20Image&source=lnms&tbm=isch&sa=X&ved=2ahUKEwi_sfHlpeb8AhUvhP0HHVD6B6oQ_AUoAnoECAEQBA&biw=1920&bih=1009&dpr=1
DEFY - Twin Tub Washing Machine - 9kg - White,New Unsealed,1,925,925,2200,2200,DEFY%20-%20Twin%20Tub%20Washing%20Machine%20-%209kg%20-%20White%20-%20Manufacturer%20Stock%20Image,https://images.search.yahoo.com/search/images?p=DEFY%20-%20Twin%20Tub%20Washing%20Machine%20-%209kg%20-%20White%20-%20Manufacturer%20Stock%20Image,Loading...,https://applianceworld.co.za/wp-content/uploads/2022/10/Defy-9-kg-Twin-Tub-Washing-Machine-DTT169.jpg,,https://www.google.com/search?q=DEFY%20-%20Twin%20Tub%20Washing%20Machine%20-%209kg%20-%20White%20-%20Manufacturer%20Stock%20Image&source=lnms&tbm=isch&sa=X&ved=2ahUKEwi_sfHlpeb8AhUvhP0HHVD6B6oQ_AUoAnoECAEQBA&biw=1920&bih=1009&dpr=1,
Canon MF3010 3-in-1 Laser Printer,New Unsealed,1,1000,1000,2150,2150,Canon%20MF3010%203-in-1%20Laser%20Printer%20-%20Manufacturer%20Stock%20Image,https://images.search.yahoo.com/search/images?p=Canon%20MF3010%203-in-1%20Laser%20Printer%20-%20Manufacturer%20Stock%20Image,"{""tw"":""800"",""th"":""800"",""tc"":""0"",""rtc"":"""",""stc"":"""",""a"":""taipeicomputer.jo"",""s"":""69.6KB"",""w"":""800"",""h"":""800"",""hq"":false,""o"":"""",""c"":"""",""p"":false,""g"":"""",""sm"":"""",""is"":"""",""icMeta"":[],""rurl"":""https:\/\/taipeicomputer.jo\/canon-i-sensys-mf3010-multifunction-laser-printer"",""sigr"":""rI98ul4Aecgb"",""hturl"":"""",""ad"":false,""alt"":""Canon 
i-SENSYS MF3010 Multifunction Laser Printer | Taipei For Computers - 
Jordan"",""rtl"":0,""iurl"":""https:\/\/taipeicomputer.jo\/image\/cache\/catalog\/Products\/Printer_scanner\/i-sensys-mf3010_1-800x800.jpg"",""sigi"":""5LTJHUv.aow."",""ourl"":""https:\/\/taipeicomputer.jo\/image\/cache\/catalog\/Products\/Printer_scanner\/i-sensys-mf3010_1-800x800.jpg"",""ith"":""https:\/\/tse4.mm.bing.net\/th?id=OIP.HOc1o_CMqNzZjFr0qM_HUgHaHa\u0026pid=Api\u0026P=0\u0026w=300\u0026h=300"",""rb"":"";_ylt=Awr9_TdwMQNmnZIHHCKJzbkF;_ylu=c2VjA3NyBHNsawNpbWcEb2lkAzgzZDY0NTUyODRkNDU1M2E0NjViMWFjMzc2OTBlYjcwBGdwb3MDMgRpdANiaW5n"",""rs"":0,""typ"":""""}",http://technomediatrade.com/wp-content/uploads/2022/10/white-718TrMFvnL._SL1500.jpg,,https://www.google.com/search?q=Canon%20MF3010%203-in-1%20Laser%20Printer%20-%20Manufacturer%20Stock%20Image&source=lnms&tbm=isch&sa=X&ved=2ahUKEwi_sfHlpeb8AhUvhP0HHVD6B6oQ_AUoAnoECAEQBA&biw=1920&bih=1009&dpr=1,https://www.google.com/search?q=Canon%20MF3010%203-in-1%20Laser%20Printer%20-%20Manufacturer%20Stock%20Image&source=lnms&tbm=isch&sa=X&ved=2ahUKEwi_sfHlpeb8AhUvhP0HHVD6B6oQ_AUoAnoECAEQBA&biw=1920&bih=1009&dpr=1
Karcher High Pressure Cleaner K3 - Black/Yellow,New Unsealed,1,1338,1338,2100,2100,Karcher%20High%20Pressure%20Cleaner%20K3%20-%20Black%2FYellow%20-%20Manufacturer%20Stock%20Image,https://images.search.yahoo.com/search/images?p=Karcher%20High%20Pressure%20Cleaner%20K3%20-%20Black%2FYellow%20-%20Manufacturer%20Stock%20Image,,"https://m.media-amazon.com/images/I/71TAsqilo9L._AC_UF1000,1000_QL80_.jpg",,https://www.google.com/search?q=Karcher%20High%20Pressure%20Cleaner%20K3%20-%20Black%2FYellow%20-%20Manufacturer%20Stock%20Image&source=lnms&tbm=isch&sa=X&ved=2ahUKEwi_sfHlpeb8AhUvhP0HHVD6B6oQ_AUoAnoECAEQBA&biw=1920&bih=1009&dpr=1,https://www.google.com/search?q=Karcher%20High%20Pressure%20Cleaner%20K3%20-%20Black%2FYellow%20-%20Manufacturer%20Stock%20Image&source=lnms&tbm=isch&sa=X&ved=2ahUKEwi_sfHlpeb8AhUvhP0HHVD6B6oQ_AUoAnoECAEQBA&biw=1920&bih=1009&dpr=1
Nespresso Vertuo Pop Coffee Machine - Liquorice Black,Brand New,3,986,2958,1900,5700,Nespresso%20Vertuo%20Pop%20Coffee%20Machine%20-%20Liquorice%20Black%20-%20Manufacturer%20Stock%20Image,https://images.search.yahoo.com/search/images?p=Nespresso%20Vertuo%20Pop%20Coffee%20Machine%20-%20Liquorice%20Black%20-%20Manufacturer%20Stock%20Image,"{""tw"":""1300"",""th"":""1300"",""tc"":""0"",""rtc"":"""",""stc"":"""",""a"":""www.magimix.co.uk"",""s"":""110.7KB"",""w"":""1300"",""h"":""1300"",""hq"":false,""o"":"""",""c"":"""",""p"":false,""g"":"""",""sm"":"""",""is"":"""",""icMeta"":[],""rurl"":""https:\/\/www.magimix.co.uk\/nespresso\/206-vertuo-pop.html"",""sigr"":""lFGfNFWW8sCA"",""hturl"":"""",""ad"":false,""alt"":""Nespresso 
Coffee Machines - Vertuo Pop - Smart Connectivity - 
Black"",""rtl"":0,""iurl"":""https:\/\/www.magimix.co.uk\/4389-big_image\/vertuo-pop.jpg"",""sigi"":""Pqw6i4vqG5SG"",""ourl"":""https:\/\/www.magimix.co.uk\/4389-big_image\/vertuo-pop.jpg"",""ith"":""https:\/\/tse4.mm.bing.net\/th?id=OIP.jRdf71lmb3rGrTpB9tn1sAHaHa\u0026pid=Api\u0026P=0\u0026w=300\u0026h=300"",""rb"":"";_ylt=Awrjbo92JwNm9E4YWr6JzbkF;_ylu=c2VjA3NyBHNsawNpbWcEb2lkA2E4MWI0MDgzNThhM2FlODhkZmY1MTNiNDIwOTE0N2EwBGdwb3MDMgRpdANiaW5n"",""rs"":0,""typ"":""""}",https://www.magimix.co.uk/4389-big_image/vertuo-pop.jpg,,https://www.google.com/search?q=Nespresso%20Vertuo%20Pop%20Coffee%20Machine%20-%20Liquorice%20Black%20-%20Manufacturer%20Stock%20Image&source=lnms&tbm=isch&sa=X&ved=2ahUKEwi_sfHlpeb8AhUvhP0HHVD6B6oQ_AUoAnoECAEQBA&biw=1920&bih=1009&dpr=1,https://www.google.com/search?q=Nespresso%20Vertuo%20Pop%20Coffee%20Machine%20-%20Liquorice%20Black%20-%20Manufacturer%20Stock%20Image&source=lnms&tbm=isch&sa=X&ved=2ahUKEwi_sfHlpeb8AhUvhP0HHVD6B6oQ_AUoAnoECAEQBA&biw=1920&bih=1009&dpr=1
Smeg Retro 2 Slice Toaster Black,Brand New,5,529,2645,1900,9500,Smeg%20Retro%202%20Slice%20Toaster%20Black%20-%20Manufacturer%20Stock%20Image,https://images.search.yahoo.com/search/images?p=Smeg%20Retro%202%20Slice%20Toaster%20Black%20-%20Manufacturer%20Stock%20Image,"{""tw"":""1000"",""th"":""1000"",""tc"":""0"",""rtc"":"""",""stc"":"""",""a"":""www.petersofkensington.com.au"",""s"":""60.8KB"",""w"":""1000"",""h"":""1000"",""hq"":false,""o"":"""",""c"":"""",""p"":false,""g"":"""",""sm"":"""",""is"":"""",""icMeta"":[],""rurl"":""https:\/\/www.petersofkensington.com.au\/Public\/Smeg-50s-Retro-Two-Slice-Toaster-TSF01-Black.aspx"",""sigr"":""AnaSdQ7GVcKw"",""hturl"":"""",""ad"":false,""alt"":""Smeg 
- 50\u0026#39;s Retro Two-Slice Toaster TSF01 Black | Peter\u0026#39;s of 
Kensington"",""rtl"":0,""iurl"":""https:\/\/static.petersofkensington.com.au\/images\/ProductImages\/689022-Zoom.jpg"",""sigi"":""hkIqZl6CKgsY"",""ourl"":""https:\/\/static.petersofkensington.com.au\/images\/ProductImages\/689022-Zoom.jpg"",""ith"":""https:\/\/tse1.mm.bing.net\/th?id=OIP.Emgd5Xjfg4pLcYDZEEmj3QHaHa\u0026pid=Api\u0026P=0\u0026w=300\u0026h=300"",""rb"":"";_ylt=Awr93rxwMQNmAKgGf2iJzbkF;_ylu=c2VjA3NyBHNsawNpbWcEb2lkAzFjZmRmZmQ2YmI3MWVmMjA0NjE2YzRkNWEwOTY3MGEzBGdwb3MDMgRpdANiaW5n"",""rs"":0,""typ"":""""}",https://www.adamsandjarrett.com/wp-content/uploads/2020/12/Smeg-TSF01BLUK-Retro-2-Slice-Toaster-Black-Controls.jpg,,https://www.google.com/search?q=Smeg%20Retro%202%20Slice%20Toaster%20Black%20-%20Manufacturer%20Stock%20Image&source=lnms&tbm=isch&sa=X&ved=2ahUKEwi_sfHlpeb8AhUvhP0HHVD6B6oQ_AUoAnoECAEQBA&biw=1920&bih=1009&dpr=1,https://www.google.com/search?q=Smeg%20Retro%202%20Slice%20Toaster%20Black%20-%20Manufacturer%20Stock%20Image&source=lnms&tbm=isch&sa=X&ved=2ahUKEwi_sfHlpeb8AhUvhP0HHVD6B6oQ_AUoAnoECAEQBA&biw=1920&bih=1009&dpr=1
"Mecer MyLife CA11Q5 Celeron J3355 4GB DDR4 128GB eMMC 11.6"" Notebook PC - Silver",New Unsealed,1,1039,1039,1900,1900,Mecer%20MyLife%20CA11Q5%20Celeron%20J3355%204GB%20DDR4%20128GB%20eMMC%2011.6%22%20Notebook%20PC%20-%20Silver%20-%20Manufacturer%20Stock%20Image,https://images.search.yahoo.com/search/images?p=Mecer%20MyLife%20CA11Q5%20Celeron%20J3355%204GB%20DDR4%20128GB%20eMMC%2011.6%22%20Notebook%20PC%20-%20Silver%20-%20Manufacturer%20Stock%20Image,"{""tw"":""570"",""th"":""507"",""tc"":""0"",""rtc"":"""",""stc"":"""",""a"":""nivo.co.za"",""s"":""40.9KB"",""w"":""570"",""h"":""507"",""hq"":false,""o"":"""",""c"":"""",""p"":false,""g"":"""",""sm"":"""",""is"":"""",""icMeta"":[],""rurl"":""https:\/\/nivo.co.za\/mecer-mylife-ca11q5-celeron-j3355-4gb-ddr4-128gb-emmc-11-6-notebook-pc-silver\/p74544"",""sigr"":""qnqEtVVvAWkX"",""hturl"":"""",""ad"":false,""alt"":""MyLife 
CA11Q5 Celeron J3355 4GB DDR4 128GB eMMC 11.6\u0026quot; Notebook PC - 
Silver | 
nivo.co.za"",""rtl"":0,""iurl"":""https:\/\/nivo.co.za\/gallery\/00\/07\/45\/00449979_large-570.jpg"",""sigi"":""wI7FtbhUYPyc"",""ourl"":""https:\/\/nivo.co.za\/gallery\/00\/07\/45\/00449979_large-570.jpg"",""ith"":""https:\/\/tse3.mm.bing.net\/th?id=OIP.jKs8JAJfCRTcza6SeV7KkQHaGl\u0026pid=Api\u0026P=0\u0026w=300\u0026h=300"",""rb"":"";_ylt=Awr9.4f1CANmIw4XzDCJzbkF;_ylu=c2VjA3NyBHNsawNpbWcEb2lkA2FhZjNhOGUyNDhiMzU1YzQ0MTBkNDA0MThlNjdiZmQ3BGdwb3MDMQRpdANiaW5n"",""rs"":0,""typ"":""""}",https://nivo.co.za/gallery/00/07/45/00074544_00449979.jpg,,https://www.google.com/search?q=Mecer%20MyLife%20CA11Q5%20Celeron%20J3355%204GB%20DDR4%20128GB%20eMMC%2011.6%22%20Notebook%20PC%20-%20Silver%20-%20Manufacturer%20Stock%20Image&source=lnms&tbm=isch&sa=X&ved=2ahUKEwi_sfHlpeb8AhUvhP0HHVD6B6oQ_AUoAnoECAEQBA&biw=1920&bih=1009&dpr=1,https://www.google.com/search?q=Mecer%20MyLife%20CA11Q5%20Celeron%20J3355%204GB%20DDR4%20128GB%20eMMC%2011.6%22%20Notebook%20PC%20-%20Silver%20-%20Manufacturer%20Stock%20Image&source=lnms&tbm=isch&sa=X&ved=2ahUKEwi_sfHlpeb8AhUvhP0HHVD6B6oQ_AUoAnoECAEQBA&biw=1920&bih=1009&dpr=1
Smeg Retro Electric Kettle Black 1.7L,Brand New,0,799,0,1900,0,Smeg%20Retro%20Electric%20Kettle%20Black%201.7L%20-%20Manufacturer%20Stock%20Image,https://images.search.yahoo.com/search/images?p=Smeg%20Retro%20Electric%20Kettle%20Black%201.7L%20-%20Manufacturer%20Stock%20Image,,https://www.hirschs.co.za/media/catalog/product/cache/5650c527889287cec4d241f33ee3fa4b/6/2/62056.jpg,,https://www.google.com/search?q=Smeg%20Retro%20Electric%20Kettle%20Black%201.7L%20-%20Manufacturer%20Stock%20Image&source=lnms&tbm=isch&sa=X&ved=2ahUKEwi_sfHlpeb8AhUvhP0HHVD6B6oQ_AUoAnoECAEQBA&biw=1920&bih=1009&dpr=1,https://www.google.com/search?q=Smeg%20Retro%20Electric%20Kettle%20Black%201.7L%20-%20Manufacturer%20Stock%20Image&source=lnms&tbm=isch&sa=X&ved=2ahUKEwi_sfHlpeb8AhUvhP0HHVD6B6oQ_AUoAnoECAEQBA&biw=1920&bih=1009&dpr=1
Smeg Retro Electric Kettle Red 1.7L,Brand New,0,799,0,1900,0,Smeg%20Retro%20Electric%20Kettle%20Red%201.7L%20-%20Manufacturer%20Stock%20Image,https://images.search.yahoo.com/search/images?p=Smeg%20Retro%20Electric%20Kettle%20Red%201.7L%20-%20Manufacturer%20Stock%20Image,"{""tw"":""833"",""th"":""1024"",""tc"":""0"",""rtc"":"""",""stc"":"""",""a"":""forsaleincanada.ca"",""s"":""68.1KB"",""w"":""833"",""h"":""1024"",""hq"":false,""o"":"""",""c"":"""",""p"":false,""g"":"""",""sm"":"""",""is"":"""",""icMeta"":[],""rurl"":""http:\/\/forsaleincanada.ca\/product\/smeg-1-7-liter-kettle-red\/"",""sigr"":""gKwTaMxR53ov"",""hturl"":"""",""ad"":false,""alt"":""Smeg 
1.7-Liter Kettle-Red \u2013 For Sale in 
Canada"",""rtl"":0,""iurl"":""http:\/\/forsaleincanada.ca\/wp-content\/uploads\/2018\/04\/Smeg-1.7-Liter-Kettle-Red-1-833x1024.jpg"",""sigi"":""0Tz59dGjcCjj"",""ourl"":""http:\/\/forsaleincanada.ca\/wp-content\/uploads\/2018\/04\/Smeg-1.7-Liter-Kettle-Red-1-833x1024.jpg"",""ith"":""https:\/\/tse4.mm.bing.net\/th?id=OIP.F5vT9STvek8o0WnuKzioegHaJG\u0026pid=Api\u0026P=0\u0026w=300\u0026h=300"",""rb"":"";_ylt=Awr9.4dxMQNm_w0arBqJzbkF;_ylu=c2VjA3NyBHNsawNpbWcEb2lkAzdlZjdhN2Y3OTk4ODllMzQ0YWY2MjgxODUxMWZjMTNiBGdwb3MDMgRpdANiaW5n"",""rs"":0,""typ"":""""}",http://forsaleincanada.ca/wp-content/uploads/2018/04/Smeg-1.7-Liter-Kettle-Red-1-833x1024.jpg,,https://www.google.com/search?q=Smeg%20Retro%20Electric%20Kettle%20Red%201.7L%20-%20Manufacturer%20Stock%20Image&source=lnms&tbm=isch&sa=X&ved=2ahUKEwi_sfHlpeb8AhUvhP0HHVD6B6oQ_AUoAnoECAEQBA&biw=1920&bih=1009&dpr=1,https://www.google.com/search?q=Smeg%20Retro%20Electric%20Kettle%20Red%201.7L%20-%20Manufacturer%20Stock%20Image&source=lnms&tbm=isch&sa=X&ved=2ahUKEwi_sfHlpeb8AhUvhP0HHVD6B6oQ_AUoAnoECAEQBA&biw=1920&bih=1009&dpr=1
Smeg Retro 2 Slice Toaster Red,Brand New,0,529,0,1900,0,Smeg%20Retro%202%20Slice%20Toaster%20Red%20-%20Manufacturer%20Stock%20Image,https://images.search.yahoo.com/search/images?p=Smeg%20Retro%202%20Slice%20Toaster%20Red%20-%20Manufacturer%20Stock%20Image,"{""tw"":""920"",""th"":""920"",""tc"":""0"",""rtc"":"""",""stc"":"""",""a"":""www.crateandbarrel.ca"",""s"":""58.5KB"",""w"":""920"",""h"":""920"",""hq"":false,""o"":"""",""c"":"""",""p"":false,""g"":"""",""sm"":"""",""is"":"""",""icMeta"":[],""rurl"":""https:\/\/www.crateandbarrel.ca\/smeg-red-2-slice-retro-toaster\/s660131"",""sigr"":""TGnjhniZtMqC"",""hturl"":"""",""ad"":false,""alt"":""Smeg 
Red 2-Slice Retro Toaster | Crate \u0026 Barrel 
Canada"",""rtl"":0,""iurl"":""https:\/\/cb.scene7.com\/is\/image\/Crate\/Smeg2SliceToasterRedSHF16\/$web_pdp_main_carousel_med$\/220913133611\/smeg-red-2-slice-retro-toaster.jpg"",""sigi"":""pHzUMUZUULTr"",""ourl"":""https:\/\/cb.scene7.com\/is\/image\/Crate\/Smeg2SliceToasterRedSHF16\/$web_pdp_main_carousel_med$\/220913133611\/smeg-red-2-slice-retro-toaster.jpg"",""ith"":""https:\/\/tse1.mm.bing.net\/th?id=OIP.uyo5pWrXa4jpp13cX7_wawHaHa\u0026pid=Api\u0026P=0\u0026w=300\u0026h=300"",""rb"":"";_ylt=Awrjff1wMQNmwSYZ3I.JzbkF;_ylu=c2VjA3NyBHNsawNpbWcEb2lkA2EzZTcwMDBhODlhNTY3MDIwMzQzMDM1Mjg4OTg4NTBjBGdwb3MDMQRpdANiaW5n"",""rs"":0,""typ"":""""}",https://cb.scene7.com/is/image/Crate/Smeg2SliceToasterRedSHF16/$web_pdp_main_carousel_med$/220913133611/smeg-red-2-slice-retro-toaster.jpg,,https://www.google.com/search?q=Smeg%20Retro%202%20Slice%20Toaster%20Red%20-%20Manufacturer%20Stock%20Image&source=lnms&tbm=isch&sa=X&ved=2ahUKEwi_sfHlpeb8AhUvhP0HHVD6B6oQ_AUoAnoECAEQBA&biw=1920&bih=1009&dpr=1,https://www.google.com/search?q=Smeg%20Retro%202%20Slice%20Toaster%20Red%20-%20Manufacturer%20Stock%20Image&source=lnms&tbm=isch&sa=X&ved=2ahUKEwi_sfHlpeb8AhUvhP0HHVD6B6oQ_AUoAnoECAEQBA&biw=1920&bih=1009&dpr=1
Karcher - SC2 Easy fix Steam Cleaner,New Unsealed,2,554,1108,1800,3600,Karcher%20-%20SC2%20Easy%20fix%20Steam%20Cleaner%20-%20Manufacturer%20Stock%20Image,https://images.search.yahoo.com/search/images?p=Karcher%20-%20SC2%20Easy%20fix%20Steam%20Cleaner%20-%20Manufacturer%20Stock%20Image,"{""tw"":""1260"",""th"":""1260"",""tc"":""0"",""rtc"":"""",""stc"":"""",""a"":""www.karcher-center-trafalgar.co.uk"",""s"":""85.8KB"",""w"":""1260"",""h"":""1260"",""hq"":false,""o"":"""",""c"":"""",""p"":false,""g"":"""",""sm"":"""",""is"":"""",""icMeta"":[],""rurl"":""https:\/\/www.karcher-center-trafalgar.co.uk\/karcher-sc2-easyfix-dry-steam-cleaner"",""sigr"":""axTodcNlL0vL"",""hturl"":"""",""ad"":false,""alt"":""Karcher 
SC2 EasyFix Dry Steam Cleaner | Karcher Center 
Trafalgar"",""rtl"":0,""iurl"":""https:\/\/s1.kaercher-media.com\/image\/pim\/1512050_det_1502x502_1.jpg?bp=lg"",""sigi"":""pjBJuKTad_WC"",""ourl"":""https:\/\/s1.kaercher-media.com\/image\/pim\/1512050_det_1502x502_1.jpg?bp=lg"",""ith"":""https:\/\/tse1.mm.bing.net\/th?id=OIP.ri_XPTZZrBObiOfQN9m21gHaHa\u0026pid=Api\u0026P=0\u0026w=300\u0026h=300"",""rb"":"";_ylt=Awrjbo9yMQNm2IEYMiCJzbkF;_ylu=c2VjA3NyBHNsawNpbWcEb2lkAzI3MWI1MDUyMmNhMDEwZDAxZGEwMjk3MWZiYjQ3ZGJjBGdwb3MDMgRpdANiaW5n"",""rs"":0,""typ"":""""}",https://s1.kaercher-media.com/image/pim/1512050_det_1502x502_1.jpg?bp=lg,,https://www.google.com/search?q=Karcher%20-%20SC2%20Easy%20fix%20Steam%20Cleaner%20-%20Manufacturer%20Stock%20Image&source=lnms&tbm=isch&sa=X&ved=2ahUKEwi_sfHlpeb8AhUvhP0HHVD6B6oQ_AUoAnoECAEQBA&biw=1920&bih=1009&dpr=1,https://www.google.com/search?q=Karcher%20-%20SC2%20Easy%20fix%20Steam%20Cleaner%20-%20Manufacturer%20Stock%20Image&source=lnms&tbm=isch&sa=X&ved=2ahUKEwi_sfHlpeb8AhUvhP0HHVD6B6oQ_AUoAnoECAEQBA&biw=1920&bih=1009&dpr=1
Thrustmaster Ferrari 458 Spider Wheel - Xbox Series,Brand New,1,0,0,1800,1800,Thrustmaster%20Ferrari%20458%20Spider%20Wheel%20-%20Xbox%20Series%20-%20Manufacturer%20Stock%20Image,https://images.search.yahoo.com/search/images?p=Thrustmaster%20Ferrari%20458%20Spider%20Wheel%20-%20Xbox%20Series%20-%20Manufacturer%20Stock%20Image,"{""tw"":""1280"",""th"":""960"",""tc"":""0"",""rtc"":"""",""stc"":"""",""a"":""www.newegg.com"",""s"":""105.8KB"",""w"":""1280"",""h"":""960"",""hq"":false,""o"":"""",""c"":"""",""p"":false,""g"":"""",""sm"":"""",""is"":"""",""icMeta"":[],""rurl"":""https:\/\/www.newegg.com\/thrustmaster-4460105-racing-wheel\/p\/2NG-000R-00001R"",""sigr"":""nBMTqDFByz9Z"",""hturl"":"""",""ad"":false,""alt"":""Open 
Box: Thrustmaster Ferrari 458 Spider Racing Wheel - (Xbox Series X|S, One) 
- 
Newegg.com"",""rtl"":0,""iurl"":""https:\/\/c1.neweggimages.com\/ProductImageCompressAll1280\/2NG-000R-00001-V01.jpg"",""sigi"":""r3GJaxSJBwJ1"",""ourl"":""https:\/\/c1.neweggimages.com\/ProductImageCompressAll1280\/2NG-000R-00001-V01.jpg"",""ith"":""https:\/\/tse2.mm.bing.net\/th?id=OIP.ajGEhARlrfjyT7qLqCmkRQHaFj\u0026pid=Api\u0026P=0\u0026w=300\u0026h=300"",""rb"":"";_ylt=AwrOo.OdMgNm._cZ9kuJzbkF;_ylu=c2VjA3NyBHNsawNpbWcEb2lkA2RjYTU4ODg2ZjVhYjJhMTkzMzIyN2U2OTNkMGQ1Y2RhBGdwb3MDMgRpdANiaW5n"",""rs"":0,""typ"":""""}",https://www.evetech.co.za/repository/ProductImagesV1/thrustmaster-ferrari-458-spider-racing-wheel-0001.webp,,https://www.google.com/search?q=Thrustmaster%20Ferrari%20458%20Spider%20Wheel%20-%20Xbox%20Series%20-%20Manufacturer%20Stock%20Image&source=lnms&tbm=isch&sa=X&ved=2ahUKEwi_sfHlpeb8AhUvhP0HHVD6B6oQ_AUoAnoECAEQBA&biw=1920&bih=1009&dpr=1,https://www.google.com/search?q=Thrustmaster%20Ferrari%20458%20Spider%20Wheel%20-%20Xbox%20Series%20-%20Manufacturer%20Stock%20Image&source=lnms&tbm=isch&sa=X&ved=2ahUKEwi_sfHlpeb8AhUvhP0HHVD6B6oQ_AUoAnoECAEQBA&biw=1920&bih=1009&dpr=1
Logitech®G Pro Mechanical Gaming Keyboard,Brand New,2,799,1598,1750,3500,Logitech%C2%AEG%20Pro%20Mechanical%20Gaming%20Keyboard%20-%20Manufacturer%20Stock%20Image,https://images.search.yahoo.com/search/images?p=Logitech%C2%AEG%20Pro%20Mechanical%20Gaming%20Keyboard%20-%20Manufacturer%20Stock%20Image,Loading...,https://assets1.ignimgs.com/2017/05/23/logitechgpro-1280-1495575876625_160w.jpg?width=1280,,https://www.google.com/search?q=Logitech%C2%AEG%20Pro%20Mechanical%20Gaming%20Keyboard%20-%20Manufacturer%20Stock%20Image&source=lnms&tbm=isch&sa=X&ved=2ahUKEwi_sfHlpeb8AhUvhP0HHVD6B6oQ_AUoAnoECAEQBA&biw=1920&bih=1009&dpr=1,https://www.google.com/search?q=Logitech%C2%AEG%20Pro%20Mechanical%20Gaming%20Keyboard%20-%20Manufacturer%20Stock%20Image&source=lnms&tbm=isch&sa=X&ved=2ahUKEwi_sfHlpeb8AhUvhP0HHVD6B6oQ_AUoAnoECAEQBA&biw=1920&bih=1009&dpr=1
Philips 7000 Series Wet & Dry Electric Shaver with SkinIQ Black,Brand New,2,289,578,1700,3400,Philips%207000%20Series%20Wet%20%26%20Dry%20Electric%20Shaver%20with%20SkinIQ%20Black%20-%20Manufacturer%20Stock%20Image,https://images.search.yahoo.com/search/images?p=Philips%207000%20Series%20Wet%20%26%20Dry%20Electric%20Shaver%20with%20SkinIQ%20Black%20-%20Manufacturer%20Stock%20Image,"{""tw"":""1500"",""th"":""1500"",""tc"":""0"",""rtc"":"""",""stc"":"""",""a"":""www.desertcart.in"",""s"":""179.6KB"",""w"":""1500"",""h"":""1500"",""hq"":false,""o"":"""",""c"":"""",""p"":false,""g"":"""",""sm"":"""",""is"":"""",""icMeta"":[],""rurl"":""https:\/\/www.desertcart.in\/products\/309702522-philips-shaver-series-7000-with-advanced-skin-iq-wet-dry-mens-electric-shaver-with-steel-precision-blades-360-d-flex-heads-motion-control-sensor-60-mins-run-time-s-7788-55-comes-with-uk-plug"",""sigr"":""aEyi278PDkhh"",""hturl"":"""",""ad"":false,""alt"":""Buy 
PHILIPS Shaver Series 7000 with Advanced SkinIQ, Wet \u0026 Dry 
Men\u0026#39;s Electric Shaver with Steel 
..."",""rtl"":0,""iurl"":""https:\/\/m.media-amazon.com\/images\/I\/71Eoj4y58NS.jpg"",""sigi"":""IffZ7_E_ZNgm"",""ourl"":""https:\/\/m.media-amazon.com\/images\/I\/71Eoj4y58NS.jpg"",""ith"":""https:\/\/tse3.mm.bing.net\/th?id=OIP.ThitAuNDtFJSjC_W1R-TtwHaHa\u0026pid=Api\u0026P=0\u0026w=300\u0026h=300"",""rb"":"";_ylt=Awr9_TdJCANmMUMFf2qJzbkF;_ylu=c2VjA3NyBHNsawNpbWcEb2lkAzUwYjdmNTdjNGVjOGJiNTUxOTc0OGI4ZTdiYWQ4ODc5BGdwb3MDMQRpdANiaW5n"",""rs"":0,""typ"":""""}",https://m.media-amazon.com/images/I/71LDtOer++L.jpg,,https://www.google.com/search?q=Philips%207000%20Series%20Wet%20%26%20Dry%20Electric%20Shaver%20with%20SkinIQ%20Black%20-%20Manufacturer%20Stock%20Image&source=lnms&tbm=isch&sa=X&ved=2ahUKEwi_sfHlpeb8AhUvhP0HHVD6B6oQ_AUoAnoECAEQBA&biw=1920&bih=1009&dpr=1,https://www.google.com/search?q=Philips%207000%20Series%20Wet%20%26%20Dry%20Electric%20Shaver%20with%20SkinIQ%20Black%20-%20Manufacturer%20Stock%20Image&source=lnms&tbm=isch&sa=X&ved=2ahUKEwi_sfHlpeb8AhUvhP0HHVD6B6oQ_AUoAnoECAEQBA&biw=1920&bih=1009&dpr=1
LEAP MOTION,Demo Unit,2,99,198,1700,3400,LEAP%20MOTION%20-%20Manufacturer%20Stock%20Image,https://images.search.yahoo.com/search/images?p=LEAP%20MOTION%20-%20Manufacturer%20Stock%20Image,"{""tw"":""1200"",""th"":""675"",""tc"":""0"",""rtc"":"""",""stc"":"""",""a"":""venturebeat.com"",""s"":""108.1KB"",""w"":""1200"",""h"":""675"",""hq"":false,""o"":"""",""c"":"""",""p"":false,""g"":"""",""sm"":"""",""is"":"""",""icMeta"":[],""rurl"":""https:\/\/venturebeat.com\/2017\/07\/17\/leap-motion-raises-50-million-for-key-component-of-vrs-growth-hand-tracking-tech\/"",""sigr"":""c66Sg17abEC7"",""hturl"":"""",""ad"":false,""alt"":""Leap 
Motion raises $50 million for key component of VR\u0026#39;s growth: 
hand-tracking tech | 
VentureBeat"",""rtl"":0,""iurl"":""https:\/\/venturebeat.com\/wp-content\/uploads\/2017\/07\/leap-motion-3.jpg?w=1200\u0026strip=all"",""sigi"":""niN7.r1B1UiQ"",""ourl"":""https:\/\/venturebeat.com\/wp-content\/uploads\/2017\/07\/leap-motion-3.jpg?w=1200\u0026strip=all"",""ith"":""https:\/\/tse1.mm.bing.net\/th?id=OIP.qn02qYz-hfhdGBC2oGDtdwHaEK\u0026pid=Api\u0026P=0\u0026w=300\u0026h=300"",""rb"":"";_ylt=Awr9.4fS2gJmWLERT9WJzbkF;_ylu=c2VjA3NyBHNsawNpbWcEb2lkA2YwMTdlM2IyZGZlN2U5Y2ZhZjQ5ZTRjNWE0YjllYmE0BGdwb3MDNwRpdANiaW5n"",""rs"":0,""typ"":""""}",https://www.machines-3d.com/images/Image/06153520-photo-leap-motion2-1417104309.jpg,,https://www.google.com/search?q=LEAP%20MOTION%20-%20Manufacturer%20Stock%20Image&source=lnms&tbm=isch&sa=X&ved=2ahUKEwi_sfHlpeb8AhUvhP0HHVD6B6oQ_AUoAnoECAEQBA&biw=1920&bih=1009&dpr=1,https://www.google.com/search?q=LEAP%20MOTION%20-%20Manufacturer%20Stock%20Image&source=lnms&tbm=isch&sa=X&ved=2ahUKEwi_sfHlpeb8AhUvhP0HHVD6B6oQ_AUoAnoECAEQBA&biw=1920&bih=1009&dpr=1
Huawei watch GT 2e mint green,Brand New,1,999.95,999.95,1650,1650,Huawei%20watch%20GT%202e%20mint%20green%20-%20Manufacturer%20Stock%20Image,https://images.search.yahoo.com/search/images?p=Huawei%20watch%20GT%202e%20mint%20green%20-%20Manufacturer%20Stock%20Image,"{""tw"":""1024"",""th"":""1024"",""tc"":""0"",""rtc"":"""",""stc"":"""",""a"":""clickfastnow.com"",""s"":""564.1KB"",""w"":""1024"",""h"":""1024"",""hq"":false,""o"":"""",""c"":"""",""p"":false,""g"":"""",""sm"":"""",""is"":"""",""icMeta"":[],""rurl"":""https:\/\/clickfastnow.com\/product\/huawei-gt-2e-watch-46-mm-mint-green\/"",""sigr"":""FhfuI.LM32sW"",""hturl"":"""",""ad"":false,""alt"":""HUAWEI 
GT 2e Watch 46 mm Mint Green - Click Fast Now Online Shopping Around Gcc 
Countries"",""rtl"":0,""iurl"":""https:\/\/clickfastnow.com\/wp-content\/uploads\/2020\/08\/huawei-watch-gt-2e-pc-2-weeks-battery-life-right@2x-1024x1024.png"",""sigi"":""OlPyIbxC_mc."",""ourl"":""https:\/\/clickfastnow.com\/wp-content\/uploads\/2020\/08\/huawei-watch-gt-2e-pc-2-weeks-battery-life-right@2x-1024x1024.png"",""ith"":""https:\/\/tse3.mm.bing.net\/th?id=OIP.uXixlhnKwiRXGGrY1E5e_AHaHa\u0026pid=Api\u0026P=0\u0026w=300\u0026h=300"",""rb"":"";_ylt=Awrjbo9vMQNmKeYZdAiJzbkF;_ylu=c2VjA3NyBHNsawNpbWcEb2lkAzhmNzM1YTZmYjM3NGJjMjNkMDhjZmUzNWRlNzQ2NzdlBGdwb3MDMgRpdANiaW5n"",""rs"":0,""typ"":""""}",https://virginmegastore.ma/storage/2020/08/huawei-mint-green-768x768.jpg,,https://www.google.com/search?q=Huawei%20watch%20GT%202e%20mint%20green%20-%20Manufacturer%20Stock%20Image&source=lnms&tbm=isch&sa=X&ved=2ahUKEwi_sfHlpeb8AhUvhP0HHVD6B6oQ_AUoAnoECAEQBA&biw=1920&bih=1009&dpr=1,https://www.google.com/search?q=Huawei%20watch%20GT%202e%20mint%20green%20-%20Manufacturer%20Stock%20Image&source=lnms&tbm=isch&sa=X&ved=2ahUKEwi_sfHlpeb8AhUvhP0HHVD6B6oQ_AUoAnoECAEQBA&biw=1920&bih=1009&dpr=1
Fitbit Luxe Fitness & Wellness Tracker Bundle,New Unsealed,1,999,999,1500,1500,Fitbit%20Luxe%20Fitness%20%26%20Wellness%20Tracker%20Bundle%20-%20Manufacturer%20Stock%20Image,https://images.search.yahoo.com/search/images?p=Fitbit%20Luxe%20Fitness%20%26%20Wellness%20Tracker%20Bundle%20-%20Manufacturer%20Stock%20Image,"{""tw"":""474"",""th"":""660"",""tc"":""0"",""rtc"":"""",""stc"":"""",""a"":""shop.okinus.com"",""s"":""70.9KB"",""w"":""474"",""h"":""660"",""hq"":false,""o"":"""",""c"":"""",""p"":false,""g"":"""",""sm"":"""",""is"":"""",""icMeta"":[],""rurl"":""https:\/\/shop.okinus.com\/product\/fitbit-luxe-fitness-wellness-tracker-platinum\/"",""sigr"":""AswnSkcJ_gJt"",""hturl"":"""",""ad"":false,""alt"":""Fitbit 
- Luxe Fitness \u0026 Wellness Tracker - Platinum | Okinus Online 
Shop"",""rtl"":0,""iurl"":""https:\/\/pisces.bbystatic.com\/image2\/BestBuy_US\/images\/products\/6460\/6460610_rd.jpg"",""sigi"":""Fvaxnnluch_x"",""ourl"":""https:\/\/pisces.bbystatic.com\/image2\/BestBuy_US\/images\/products\/6460\/6460610_rd.jpg"",""ith"":""https:\/\/tse3.mm.bing.net\/th?id=OIP.0eZWxZTxqt1MMoQLFNhvmwAAAA\u0026pid=Api\u0026P=0\u0026w=300\u0026h=300"",""rb"":"";_ylt=Awr93rz4MQNmlO8FRAyJzbkF;_ylu=c2VjA3NyBHNsawNpbWcEb2lkAzUwYWJkMGJmNWJkMzMzNGI4ZDM1N2YwZmZlYTg1MTk5BGdwb3MDMgRpdANiaW5n"",""rs"":0,""typ"":""""}",https://static3.nordic.pictures/32944589-thickbox_default/fitbit-luxe-gift-pack-bundle-gold-white.jpg,,https://www.google.com/search?q=Fitbit%20Luxe%20Fitness%20%26%20Wellness%20Tracker%20Bundle%20-%20Manufacturer%20Stock%20Image&source=lnms&tbm=isch&sa=X&ved=2ahUKEwi_sfHlpeb8AhUvhP0HHVD6B6oQ_AUoAnoECAEQBA&biw=1920&bih=1009&dpr=1,https://www.google.com/search?q=Fitbit%20Luxe%20Fitness%20%26%20Wellness%20Tracker%20Bundle%20-%20Manufacturer%20Stock%20Image&source=lnms&tbm=isch&sa=X&ved=2ahUKEwi_sfHlpeb8AhUvhP0HHVD6B6oQ_AUoAnoECAEQBA&biw=1920&bih=1009&dpr=1
De'longhi Ballerina 4 Slice Toaster Opaline White,Brand New,5,199,995,1500,7500,De%27longhi%20Ballerina%204%20Slice%20Toaster%20Opaline%20White%20-%20Manufacturer%20Stock%20Image,https://images.search.yahoo.com/search/images?p=De%27longhi%20Ballerina%204%20Slice%20Toaster%20Opaline%20White%20-%20Manufacturer%20Stock%20Image,"{""tw"":""1200"",""th"":""1200"",""tc"":""0"",""rtc"":"""",""stc"":"""",""a"":""www.woolworths.com.au"",""s"":""61.6KB"",""w"":""1200"",""h"":""1200"",""hq"":false,""o"":"""",""c"":"""",""p"":false,""g"":"""",""sm"":"""",""is"":"""",""icMeta"":[],""rurl"":""https:\/\/www.woolworths.com.au\/shop\/productdetails\/1074104355"",""sigr"":""66emctAXaiyU"",""hturl"":"""",""ad"":false,""alt"":""De\u0026#39;Longhi 
Ballerina 4-Slice Toaster Opaline White | 
Woolworths"",""rtl"":0,""iurl"":""https:\/\/cdn0.woolworths.media\/content\/wowproductimages\/large\/1074104355.jpg"",""sigi"":""JWBqKi_iZOGQ"",""ourl"":""https:\/\/cdn0.woolworths.media\/content\/wowproductimages\/large\/1074104355.jpg"",""ith"":""https:\/\/tse4.mm.bing.net\/th?id=OIP.DlT0-lB0EvxBl6_zUNVJrgHaHa\u0026pid=Api\u0026P=0\u0026w=300\u0026h=300"",""rb"":"";_ylt=AwrOo.NkMgNmxSMaXzCJzbkF;_ylu=c2VjA3NyBHNsawNpbWcEb2lkAzZkMjEyMmFlZTQ5YmQwMDdhYzJkNDg3NTUzODk1MTk4BGdwb3MDMQRpdANiaW5n"",""rs"":0,""typ"":""""}",https://shopdelonghi.co.za/cdn/shop/files/CTD4003-GB_W_retroimballofondobianco_1_1024x1024@2x.jpg?v=1696506379,,https://www.google.com/search?q=De%27longhi%20Ballerina%204%20Slice%20Toaster%20Opaline%20White%20-%20Manufacturer%20Stock%20Image&source=lnms&tbm=isch&sa=X&ved=2ahUKEwi_sfHlpeb8AhUvhP0HHVD6B6oQ_AUoAnoECAEQBA&biw=1920&bih=1009&dpr=1,
Parrot 450 Sheet Comb Binder Machine,New Unsealed,2,480,960,1500,3000,Parrot%20450%20Sheet%20Comb%20Binder%20Machine%20-%20Manufacturer%20Stock%20Image,https://images.search.yahoo.com/search/images?p=Parrot%20450%20Sheet%20Comb%20Binder%20Machine%20-%20Manufacturer%20Stock%20Image,"{""tw"":""800"",""th"":""800"",""tc"":""0"",""rtc"":"""",""stc"":"""",""a"":""jamoffice.co.za"",""s"":""46.1KB"",""w"":""800"",""h"":""800"",""hq"":false,""o"":"""",""c"":"""",""p"":false,""g"":"""",""sm"":"""",""is"":"""",""icMeta"":[],""rurl"":""https:\/\/jamoffice.co.za\/binding-machines\/2323-parrot-comb-binding-machine-450-sheets-20mm-6002305016094.html"",""sigr"":""cKwejVhyWUmt"",""hturl"":"""",""ad"":false,""alt"":""PARROT 
COMB BINDING MACHINE (450 Sheets - 
20mm)"",""rtl"":0,""iurl"":""https:\/\/jamoffice.co.za\/1632-large_default\/parrot-comb-binding-machine-450-sheets-20mm.jpg"",""sigi"":""AdV07gJrP6h2"",""ourl"":""https:\/\/jamoffice.co.za\/1632-large_default\/parrot-comb-binding-machine-450-sheets-20mm.jpg"",""ith"":""https:\/\/tse2.mm.bing.net\/th?id=OIP.-ERxtd6zSpgXClhNu9qQmAHaHa\u0026pid=Api\u0026P=0\u0026w=300\u0026h=300"",""rb"":"";_ylt=Awr93rxyMQNmDckHjHaJzbkF;_ylu=c2VjA3NyBHNsawNpbWcEb2lkA2FiOGRlNDk2MTRiYmQ0ZjBjMzBmNTE1NzVlNTllMmE4BGdwb3MDMQRpdANiaW5n"",""rs"":0,""typ"":""""}",https://jamoffice.co.za/1632-large_default/parrot-comb-binding-machine-450-sheets-20mm.jpg,,https://www.google.com/search?q=Parrot%20450%20Sheet%20Comb%20Binder%20Machine%20-%20Manufacturer%20Stock%20Image&source=lnms&tbm=isch&sa=X&ved=2ahUKEwi_sfHlpeb8AhUvhP0HHVD6B6oQ_AUoAnoECAEQBA&biw=1920&bih=1009&dpr=1,https://www.google.com/search?q=Parrot%20450%20Sheet%20Comb%20Binder%20Machine%20-%20Manufacturer%20Stock%20Image&source=lnms&tbm=isch&sa=X&ved=2ahUKEwi_sfHlpeb8AhUvhP0HHVD6B6oQ_AUoAnoECAEQBA&biw=1920&bih=1009&dpr=1
De'longhi Ballerina 4 Slice Toaster Black,Brand New,4,199,796,1500,6000,De%27longhi%20Ballerina%204%20Slice%20Toaster%20Black%20-%20Manufacturer%20Stock%20Image,https://images.search.yahoo.com/search/images?p=De%27longhi%20Ballerina%204%20Slice%20Toaster%20Black%20-%20Manufacturer%20Stock%20Image,"{""tw"":""610"",""th"":""610"",""tc"":""0"",""rtc"":"""",""stc"":"""",""a"":""www.lakeland.co.uk"",""s"":""25.6KB"",""w"":""610"",""h"":""610"",""hq"":false,""o"":"""",""c"":"""",""p"":false,""g"":"""",""sm"":"""",""is"":"""",""icMeta"":[],""rurl"":""https:\/\/www.lakeland.co.uk\/27048\/delonghi-ballerina-4-slice-toaster-black-ctd4003b"",""sigr"":""IltcoQQGtsSF"",""hturl"":"""",""ad"":false,""alt"":""De\u2019Longhi 
Ballerina 4-Slice Toaster Black CTD4003.B | 
Lakeland"",""rtl"":0,""iurl"":""https:\/\/lakelandcamel.scene7.com\/is\/image\/LakelandCamel\/27048_1?$610$"",""sigi"":""69x6gEhbvkQT"",""ourl"":""https:\/\/lakelandcamel.scene7.com\/is\/image\/LakelandCamel\/27048_1?$610$"",""ith"":""https:\/\/tse1.mm.bing.net\/th?id=OIP.pW159Lkdf1PpbfejVJIyNQHaHa\u0026pid=Api\u0026P=0\u0026w=300\u0026h=300"",""rb"":"";_ylt=AwrOo.NzMQNmuSMauxmJzbkF;_ylu=c2VjA3NyBHNsawNpbWcEb2lkA2RhYjM5NDZjYjdhNGY2YjViZDY2NjcwZjZjYTkwNDgzBGdwb3MDMgRpdANiaW5n"",""rs"":0,""typ"":""""}",https://cdn.shopify.com/s/files/1/1710/5145/products/CTD4003BK-Delonghi-Ballerina-4-Slice-Toaster-Black-Angled.jpg?v=1657109443,,https://www.google.com/search?q=De%27longhi%20Ballerina%204%20Slice%20Toaster%20Black%20-%20Manufacturer%20Stock%20Image&source=lnms&tbm=isch&sa=X&ved=2ahUKEwi_sfHlpeb8AhUvhP0HHVD6B6oQ_AUoAnoECAEQBA&biw=1920&bih=1009&dpr=1,
De'longhi Ballerina 4 Slice Toaster Laguna Green,Brand New,1,750,750,1500,1500,De%27longhi%20Ballerina%204%20Slice%20Toaster%20Laguna%20Green%20-%20Manufacturer%20Stock%20Image,https://images.search.yahoo.com/search/images?p=De%27longhi%20Ballerina%204%20Slice%20Toaster%20Laguna%20Green%20-%20Manufacturer%20Stock%20Image,"{""tw"":""1600"",""th"":""1600"",""tc"":""0"",""rtc"":"""",""stc"":"""",""a"":""www.bunnings.com.au"",""s"":""204.2KB"",""w"":""1600"",""h"":""1600"",""hq"":false,""o"":"""",""c"":"""",""p"":false,""g"":"""",""sm"":"""",""is"":"""",""icMeta"":[],""rurl"":""https:\/\/www.bunnings.com.au\/delonghi-ballerina-4-slice-toaster-laguna-green_p0364644"",""sigr"":""lUF1sUlWYtdy"",""hturl"":"""",""ad"":false,""alt"":""Delonghi 
Ballerina 4 Slice Toaster Laguna Green - Bunnings 
Australia"",""rtl"":0,""iurl"":""https:\/\/media.prod.bunnings.com.au\/api\/public\/content\/06ce45a185d04257b1458c849b039a2b?v=19a5f2f4"",""sigi"":""jL64wn23o9R2"",""ourl"":""https:\/\/media.prod.bunnings.com.au\/api\/public\/content\/06ce45a185d04257b1458c849b039a2b?v=19a5f2f4"",""ith"":""https:\/\/tse4.mm.bing.net\/th?id=OIP.N7Rna3T0K6bWSC6pHAFIkgHaHa\u0026pid=Api\u0026P=0\u0026w=300\u0026h=300"",""rb"":"";_ylt=Awrjff1kMgNm90gZo5OJzbkF;_ylu=c2VjA3NyBHNsawNpbWcEb2lkA2ZjNDA0YmY4MGU4ODBiNDAwZWZkNjU1MmQwNzJkNTE5BGdwb3MDMgRpdANiaW5n"",""rs"":0,""typ"":""""}",https://www.incredible.co.za/media/catalog/product/cache/7ce9addd40d23ee411c2cc726ad5e7ed/b/a/ballerina_4_slice_toaster_green._4_ecommerce_c9a1.png,,https://www.google.com/search?q=De%27longhi%20Ballerina%204%20Slice%20Toaster%20Laguna%20Green%20-%20Manufacturer%20Stock%20Image&source=lnms&tbm=isch&sa=X&ved=2ahUKEwi_sfHlpeb8AhUvhP0HHVD6B6oQ_AUoAnoECAEQBA&biw=1920&bih=1009&dpr=1,
SAMSUNG GALAXY BUDS LIVE Black,Brand New,1,459.8,459.8,1450,1450,SAMSUNG%20GALAXY%20BUDS%20LIVE%20Black%20-%20Manufacturer%20Stock%20Image,https://images.search.yahoo.com/search/images?p=SAMSUNG%20GALAXY%20BUDS%20LIVE%20Black%20-%20Manufacturer%20Stock%20Image,"{""tw"":""3048"",""th"":""2900"",""tc"":""0"",""rtc"":"""",""stc"":"""",""a"":""www.bestbuy.com"",""s"":""292.6KB"",""w"":""3048"",""h"":""2900"",""hq"":false,""o"":"""",""c"":"""",""p"":false,""g"":"""",""sm"":"""",""is"":"""",""icMeta"":[],""rurl"":""https:\/\/www.bestbuy.com\/site\/samsung-galaxy-buds-live-true-wireless-earbud-headphones-black\/6422916.p?skuId=6422916"",""sigr"":""Fjb6IG4fC5Up"",""hturl"":"""",""ad"":false,""alt"":""Samsung 
Galaxy Buds Live True Wireless Earbud Headphones Black SM-R180NZKAXAR - 
Best 
Buy"",""rtl"":0,""iurl"":""https:\/\/pisces.bbystatic.com\/image2\/BestBuy_US\/images\/products\/6422\/6422916cv15d.jpg"",""sigi"":""2dt_TTBEx8c9"",""ourl"":""https:\/\/pisces.bbystatic.com\/image2\/BestBuy_US\/images\/products\/6422\/6422916cv15d.jpg"",""ith"":""https:\/\/tse3.mm.bing.net\/th?id=OIP.IeG8JfXGxO0pZSzpI_1K7QHaHC\u0026pid=Api\u0026P=0\u0026w=300\u0026h=300"",""rb"":"";_ylt=AwrOo.NvMQNmzJUZg5GJzbkF;_ylu=c2VjA3NyBHNsawNpbWcEb2lkAzllY2MyYmM4OGFlM2JjOTFhYTllMjU4OTk1Y2E5ODU3BGdwb3MDMgRpdANiaW5n"",""rs"":0,""typ"":""""}",https://pisces.bbystatic.com/image2/BestBuy_US/images/products/6422/6422916cv14d.jpg,,https://www.google.com/search?q=SAMSUNG%20GALAXY%20BUDS%20LIVE%20Black%20-%20Manufacturer%20Stock%20Image&source=lnms&tbm=isch&sa=X&ved=2ahUKEwi_sfHlpeb8AhUvhP0HHVD6B6oQ_AUoAnoECAEQBA&biw=1920&bih=1009&dpr=1,https://www.google.com/search?q=SAMSUNG%20GALAXY%20BUDS%20LIVE%20Black%20-%20Manufacturer%20Stock%20Image&source=lnms&tbm=isch&sa=X&ved=2ahUKEwi_sfHlpeb8AhUvhP0HHVD6B6oQ_AUoAnoECAEQBA&biw=1920&bih=1009&dpr=1
SAMSUNG GALAXY BUDS LIVE White,Brand New,1,459.8,459.8,1450,1450,SAMSUNG%20GALAXY%20BUDS%20LIVE%20White%20-%20Manufacturer%20Stock%20Image,https://images.search.yahoo.com/search/images?p=SAMSUNG%20GALAXY%20BUDS%20LIVE%20White%20-%20Manufacturer%20Stock%20Image,"{""tw"":""1280"",""th"":""1280"",""tc"":""0"",""rtc"":"""",""stc"":"""",""a"":""www.cacellular.co.za"",""s"":""74.1KB"",""w"":""1280"",""h"":""1280"",""hq"":false,""o"":"""",""c"":"""",""p"":false,""g"":"""",""sm"":"""",""is"":"""",""icMeta"":[],""rurl"":""https:\/\/www.cacellular.co.za\/product\/samsung-galaxy-buds-live-white-sm-r180nzwaxfa\/"",""sigr"":""jJG_EdhxSBjn"",""hturl"":"""",""ad"":false,""alt"":""Samsung 
Galaxy Buds Live White SM-R180NZWAXFA | 
CaCellular"",""rtl"":0,""iurl"":""https:\/\/www.cacellular.co.za\/wp-content\/uploads\/2020\/10\/galaxy-buds.live-white.jpg"",""sigi"":""pzGLxvH6ekOD"",""ourl"":""https:\/\/www.cacellular.co.za\/wp-content\/uploads\/2020\/10\/galaxy-buds.live-white.jpg"",""ith"":""https:\/\/tse4.mm.bing.net\/th?id=OIP.kkppwVPpwV9iI2Y5u0B91gHaHa\u0026pid=Api\u0026P=0\u0026w=300\u0026h=300"",""rb"":"";_ylt=Awr9_TdvMQNmThkH0VqJzbkF;_ylu=c2VjA3NyBHNsawNpbWcEb2lkA2Y2YzgwYWQyYzM1NjVkMjM1Mzk2Mjg1NWNmZjNmYzA3BGdwb3MDMgRpdANiaW5n"",""rs"":0,""typ"":""""}",https://www.cacellular.co.za/wp-content/uploads/2020/10/galaxy-buds.live-white.jpg,,https://www.google.com/search?q=SAMSUNG%20GALAXY%20BUDS%20LIVE%20White%20-%20Manufacturer%20Stock%20Image&source=lnms&tbm=isch&sa=X&ved=2ahUKEwi_sfHlpeb8AhUvhP0HHVD6B6oQ_AUoAnoECAEQBA&biw=1920&bih=1009&dpr=1,https://www.google.com/search?q=SAMSUNG%20GALAXY%20BUDS%20LIVE%20White%20-%20Manufacturer%20Stock%20Image&source=lnms&tbm=isch&sa=X&ved=2ahUKEwi_sfHlpeb8AhUvhP0HHVD6B6oQ_AUoAnoECAEQBA&biw=1920&bih=1009&dpr=1
Philips Protective Clean Electric Toothbrush - 3 Modes - HX6857/30,Brand New,9,319,2871,1400,12600,Philips%20Protective%20Clean%20Electric%20Toothbrush%20-%203%20Modes%20-%20HX6857%2F30%20-%20Manufacturer%20Stock%20Image,https://images.search.yahoo.com/search/images?p=Philips%20Protective%20Clean%20Electric%20Toothbrush%20-%203%20Modes%20-%20HX6857%2F30%20-%20Manufacturer%20Stock%20Image,"{""tw"":""2083"",""th"":""2083"",""tc"":""0"",""rtc"":"""",""stc"":"""",""a"":""dshome2u.com.my"",""s"":""204.3KB"",""w"":""2083"",""h"":""2083"",""hq"":false,""o"":"""",""c"":"""",""p"":false,""g"":"""",""sm"":"""",""is"":"""",""icMeta"":[],""rurl"":""https:\/\/dshome2u.com.my\/product\/philips-sonic-electric-toothbrush-protectiveclean-5100-hx6857-hx6857-30\/"",""sigr"":""0gf8H8NwsolC"",""hturl"":"""",""ad"":false,""alt"":""PHILIPS 
HX6857 SONIC ELECTRIC TOOTHBRUSH PROTECTIVE CLEAN 5100 (HX6857\/30) | DS 
HOME"",""rtl"":0,""iurl"":""https:\/\/dshome2u.com.my\/wp-content\/uploads\/2020\/09\/HX6857-30-01.jpg"",""sigi"":""gCi8iTMssvXM"",""ourl"":""https:\/\/dshome2u.com.my\/wp-content\/uploads\/2020\/09\/HX6857-30-01.jpg"",""ith"":""https:\/\/tse4.mm.bing.net\/th?id=OIP.MHSaK6IgLeBRoVERrdj2ewHaHa\u0026pid=Api\u0026P=0\u0026w=300\u0026h=300"",""rb"":"";_ylt=Awrjbo9KCANmtTQW0YSJzbkF;_ylu=c2VjA3NyBHNsawNpbWcEb2lkA2ZhNGIyNzlhMmU1NjZjYjA0ODA1YzI5NjVkMjk1MGI0BGdwb3MDMgRpdANiaW5n"",""rs"":0,""typ"":""""}",https://i5.walmartimages.com/asr/88709a1e-df3f-4fdf-8592-83350bd61f16.5afd0f22f210534129f682ad4cfca133.jpeg,,https://www.google.com/search?q=Philips%20Protective%20Clean%20Electric%20Toothbrush%20-%203%20Modes%20-%20HX6857%2F30%20-%20Manufacturer%20Stock%20Image&source=lnms&tbm=isch&sa=X&ved=2ahUKEwi_sfHlpeb8AhUvhP0HHVD6B6oQ_AUoAnoECAEQBA&biw=1920&bih=1009&dpr=1,https://www.google.com/search?q=Philips%20Protective%20Clean%20Electric%20Toothbrush%20-%203%20Modes%20-%20HX6857%2F30%20-%20Manufacturer%20Stock%20Image&source=lnms&tbm=isch&sa=X&ved=2ahUKEwi_sfHlpeb8AhUvhP0HHVD6B6oQ_AUoAnoECAEQBA&biw=1920&bih=1009&dpr=1
Philips StyleCare Prestige BHB876,Brand New,14,449,6286,1300,18200,Philips%20StyleCare%20Prestige%20BHB876%20-%20Manufacturer%20Stock%20Image,https://images.search.yahoo.com/search/images?p=Philips%20StyleCare%20Prestige%20BHB876%20-%20Manufacturer%20Stock%20Image,"{""tw"":""768"",""th"":""1087"",""tc"":""0"",""rtc"":"""",""stc"":"""",""a"":""es.slideshare.net"",""s"":""22.4KB"",""w"":""768"",""h"":""1087"",""hq"":false,""o"":"""",""c"":"""",""p"":false,""g"":"""",""sm"":"""",""is"":"""",""icMeta"":[],""rurl"":""https:\/\/es.slideshare.net\/ximufedgs\/philips-bhb87600-stylecare-prestige-automatischer-lockenstab-122062925"",""sigr"":""ncMCzDgjHTdy"",""hturl"":"""",""ad"":false,""alt"":""Philips 
BHB876\/00 StyleCare Prestige Automatischer 
Lockenstab"",""rtl"":0,""iurl"":""https:\/\/cdn.slidesharecdn.com\/ss_thumbnails\/9569270-181106065540-thumbnail-4.jpg?cb=1541487369"",""sigi"":""73QheXvv5n1t"",""ourl"":""https:\/\/cdn.slidesharecdn.com\/ss_thumbnails\/9569270-181106065540-thumbnail-4.jpg?cb=1541487369"",""ith"":""https:\/\/tse2.mm.bing.net\/th?id=OIP.pmspnKPR9NdiPljsE_AP4gHaKe\u0026pid=Api\u0026P=0\u0026w=300\u0026h=300"",""rb"":"";_ylt=Awrjff1vMQNmzCMZx6CJzbkF;_ylu=c2VjA3NyBHNsawNpbWcEb2lkAzJhNGE1N2M4NDI3YjUyZWI5ODVlMDI0NzRhNTNlZjAzBGdwb3MDMgRpdANiaW5n"",""rs"":0,""typ"":""""}",https://m.media-amazon.com/images/I/615vx0UIF+L._AC_SL1401_.jpg,,https://www.google.com/search?q=Philips%20StyleCare%20Prestige%20BHB876%20-%20Manufacturer%20Stock%20Image&source=lnms&tbm=isch&sa=X&ved=2ahUKEwi_sfHlpeb8AhUvhP0HHVD6B6oQ_AUoAnoECAEQBA&biw=1920&bih=1009&dpr=1,https://www.google.com/search?q=Philips%20StyleCare%20Prestige%20BHB876%20-%20Manufacturer%20Stock%20Image&source=lnms&tbm=isch&sa=X&ved=2ahUKEwi_sfHlpeb8AhUvhP0HHVD6B6oQ_AUoAnoECAEQBA&biw=1920&bih=1009&dpr=1
Camp Master 3 x 4.5 Gazebo,Brand New,1,599,599,1300,1300,Camp%20Master%203%20x%204.5%20Gazebo%20-%20Manufacturer%20Stock%20Image,https://images.search.yahoo.com/search/images?p=Camp%20Master%203%20x%204.5%20Gazebo%20-%20Manufacturer%20Stock%20Image,"{""tw"":""471"",""th"":""432"",""tc"":""0"",""rtc"":"""",""stc"":"""",""a"":""www.makro.co.za"",""s"":"" 
7.7KB"",""w"":""471"",""h"":""432"",""hq"":false,""o"":"""",""c"":"""",""p"":false,""g"":"""",""sm"":"""",""is"":"""",""icMeta"":[],""rurl"":""https:\/\/www.makro.co.za\/sports-outdoor-travel\/camping\/tents-gazebos\/camping-gazebos\/camp-master-safari-king-canvas-gazebo-\/p\/000000000000357302_EA"",""sigr"":""A2sLOaa.6f6m"",""hturl"":"""",""ad"":false,""alt"":""Camp 
Master Safari King Canvas Gazebo | 
Makro"",""rtl"":0,""iurl"":""https:\/\/www.makro.co.za\/sys-master\/images\/h71\/h75\/8910912389150\/silo-MIN_357302_EAA_large?quality=432x432"",""sigi"":""zMX0OL1H4s0m"",""ourl"":""https:\/\/www.makro.co.za\/sys-master\/images\/h71\/h75\/8910912389150\/silo-MIN_357302_EAA_large?quality=432x432"",""ith"":""https:\/\/tse4.mm.bing.net\/th?id=OIP.GGc0inO9NwOvrlZdVniWxAAAAA\u0026pid=Api\u0026P=0\u0026w=300\u0026h=300"",""rb"":"";_ylt=Awr9.4duMQNmhiIaXwyJzbkF;_ylu=c2VjA3NyBHNsawNpbWcEb2lkA2EwMzUyOWIyODZlZmE0YzRiYzU1NTgzNTVjZDc0ZWYxBGdwb3MDMgRpdANiaW5n"",""rs"":0,""typ"":""""}",https://www.campmaster.co.za/storage/2022/06/camp-master-instant-shade-400-min.jpg,,https://www.google.com/search?q=Camp%20Master%203%20x%204.5%20Gazebo%20-%20Manufacturer%20Stock%20Image&source=lnms&tbm=isch&sa=X&ved=2ahUKEwi_sfHlpeb8AhUvhP0HHVD6B6oQ_AUoAnoECAEQBA&biw=1920&bih=1009&dpr=1,
Milex - Power Pressure XL Pressure Cooker,New Unsealed,1,399,399,1300,1300,Milex%20-%20Power%20Pressure%20XL%20Pressure%20Cooker%20-%20Manufacturer%20Stock%20Image,https://images.search.yahoo.com/search/images?p=Milex%20-%20Power%20Pressure%20XL%20Pressure%20Cooker%20-%20Manufacturer%20Stock%20Image,"{""tw"":""1000"",""th"":""1000"",""tc"":""0"",""rtc"":"""",""stc"":"""",""a"":""endoftheline.co.za"",""s"":""93.8KB"",""w"":""1000"",""h"":""1000"",""hq"":false,""o"":"""",""c"":"""",""p"":false,""g"":"""",""sm"":"""",""is"":"""",""icMeta"":[],""rurl"":""https:\/\/endoftheline.co.za\/milex-power-pressure-xl-pressure-cooker.html"",""sigr"":""G6p8r6rCrW0h"",""hturl"":"""",""ad"":false,""alt"":""Milex 
- Power Pressure XL Pressure 
Cooker"",""rtl"":0,""iurl"":""https:\/\/endoftheline.co.za\/pub\/media\/catalog\/product\/cache\/ba85da5c884995b771e188e609ded577\/m\/p\/mpp003.jpg"",""sigi"":""K2.MDcJQ.rA7"",""ourl"":""https:\/\/endoftheline.co.za\/pub\/media\/catalog\/product\/cache\/ba85da5c884995b771e188e609ded577\/m\/p\/mpp003.jpg"",""ith"":""https:\/\/tse2.mm.bing.net\/th?id=OIP.v_Ze0raSv-4vvYVJYnhz3wHaHa\u0026pid=Api\u0026P=0\u0026w=300\u0026h=300"",""rb"":"";_ylt=Awrjbo9zMQNmk9IZ_RWJzbkF;_ylu=c2VjA3NyBHNsawNpbWcEb2lkA2Q5Nzk2MTc5OWRjNzVhNjAxZjliOTlmNmY2YTY3MTNhBGdwb3MDMgRpdANiaW5n"",""rs"":0,""typ"":""""}",https://cdn.shopify.com/s/files/1/0086/7962/0665/products/New_lid.jpg?v=1655820580,,https://www.google.com/search?q=Milex%20-%20Power%20Pressure%20XL%20Pressure%20Cooker%20-%20Manufacturer%20Stock%20Image&source=lnms&tbm=isch&sa=X&ved=2ahUKEwi_sfHlpeb8AhUvhP0HHVD6B6oQ_AUoAnoECAEQBA&biw=1920&bih=1009&dpr=1,https://www.google.com/search?q=Milex%20-%20Power%20Pressure%20XL%20Pressure%20Cooker%20-%20Manufacturer%20Stock%20Image&source=lnms&tbm=isch&sa=X&ved=2ahUKEwi_sfHlpeb8AhUvhP0HHVD6B6oQ_AUoAnoECAEQBA&biw=1920&bih=1009&dpr=1
Boden Stark 7.8L Digital Air Fryer,Brand New,1,699,699,1250,1250,Boden%20Stark%207.8L%20Digital%20Air%20Fryer%20-%20Manufacturer%20Stock%20Image,https://images.search.yahoo.com/search/images?p=Boden%20Stark%207.8L%20Digital%20Air%20Fryer%20-%20Manufacturer%20Stock%20Image,"{""tw"":""1600"",""th"":""1600"",""tc"":""0"",""rtc"":"""",""stc"":"""",""a"":""www.yestobuy.com.au"",""s"":""445.3KB"",""w"":""1600"",""h"":""1600"",""hq"":false,""o"":"""",""c"":"""",""p"":false,""g"":"""",""sm"":"""",""is"":"""",""icMeta"":[],""rurl"":""https:\/\/www.yestobuy.com.au\/8l-digital-air-fryer-with-viewing-window"",""sigr"":""JWdyg1NdToVI"",""hturl"":"""",""ad"":false,""alt"":""8L 
Digital Air Fryer with Viewing 
Window"",""rtl"":0,""iurl"":""https:\/\/www.yestobuy.com.au\/assets\/full\/V196-AF810.jpg?20220623013137"",""sigi"":""AScLtLWir3Wh"",""ourl"":""https:\/\/www.yestobuy.com.au\/assets\/full\/V196-AF810.jpg?20220623013137"",""ith"":""https:\/\/tse3.mm.bing.net\/th?id=OIP.gN0xsw9ixA2CgRVCq6sY_gHaHa\u0026pid=Api\u0026P=0\u0026w=300\u0026h=300"",""rb"":"";_ylt=Awr9_TdxMQNm59QHC9OJzbkF;_ylu=c2VjA3NyBHNsawNpbWcEb2lkAzQ3NTI3YWE0M2NmZTMwNGE0MmFlOTkyYjYzMDJlMDU3BGdwb3MDMwRpdANiaW5n"",""rs"":0,""typ"":""""}",https://odo-cdn.imgix.net/catalog/product/170/020/1700208430.7861.jpeg?q=90u0026w=640u0026markalign=top%2Crightu0026markpad=0u0026mark64=aHR0cHM6Ly9vZG8uaW1naXgubmV0Ly9-dGV4dD90eHQtYWxpZ249Y2VudGVyJTJDbWlkZGxlJnR4dHBhZD0xOCZ0eHRzaXplPTI1Jnc9MTAwJmJnPWU1MGU2MiZ0eHRjb2xvcj1mZmYmdHh0Zm9udD1IZWx2ZXRpY2FOZXVlLU1lZGl1bSZ0eHQ9U0FWRSsyNyUyNQ,,https://www.google.com/search?q=Boden%20Stark%207.8L%20Digital%20Air%20Fryer%20-%20Manufacturer%20Stock%20Image&source=lnms&tbm=isch&sa=X&ved=2ahUKEwi_sfHlpeb8AhUvhP0HHVD6B6oQ_AUoAnoECAEQBA&biw=1920&bih=1009&dpr=1,https://www.google.com/search?q=Boden%20Stark%207.8L%20Digital%20Air%20Fryer%20-%20Manufacturer%20Stock%20Image&source=lnms&tbm=isch&sa=X&ved=2ahUKEwi_sfHlpeb8AhUvhP0HHVD6B6oQ_AUoAnoECAEQBA&biw=1920&bih=1009&dpr=1
Philips EasyTouch Plus Garment Steamer,New Unsealed,1,699,699,1200,1200,Philips%20EasyTouch%20Plus%20Garment%20Steamer%20-%20Manufacturer%20Stock%20Image,https://images.search.yahoo.com/search/images?p=Philips%20EasyTouch%20Plus%20Garment%20Steamer%20-%20Manufacturer%20Stock%20Image,,https://velanstore.com/wp-content/uploads/2023/05/Screenshot-2023-10-04-at-11.13.14%E2%80%AFAM.png,,https://www.google.com/search?q=Philips%20EasyTouch%20Plus%20Garment%20Steamer%20-%20Manufacturer%20Stock%20Image&source=lnms&tbm=isch&sa=X&ved=2ahUKEwi_sfHlpeb8AhUvhP0HHVD6B6oQ_AUoAnoECAEQBA&biw=1920&bih=1009&dpr=1,https://www.google.com/search?q=Philips%20EasyTouch%20Plus%20Garment%20Steamer%20-%20Manufacturer%20Stock%20Image&source=lnms&tbm=isch&sa=X&ved=2ahUKEwi_sfHlpeb8AhUvhP0HHVD6B6oQ_AUoAnoECAEQBA&biw=1920&bih=1009&dpr=1
PHILIPS PERFECT CARE GARMENT STEAMER Purple,Brand New,1,900,900,1200,1200,PHILIPS%20PERFECT%20CARE%20GARMENT%20STEAMER%20Purple%20-%20Manufacturer%20Stock%20Image,https://images.search.yahoo.com/search/images?p=PHILIPS%20PERFECT%20CARE%20GARMENT%20STEAMER%20Purple%20-%20Manufacturer%20Stock%20Image,"{""tw"":""600"",""th"":""532"",""tc"":""0"",""rtc"":"""",""stc"":"""",""a"":""www.currys.co.uk"",""s"":""54.8KB"",""w"":""600"",""h"":""532"",""hq"":false,""o"":"""",""c"":"""",""p"":false,""g"":"""",""sm"":"""",""is"":"""",""icMeta"":[],""rurl"":""https:\/\/www.currys.co.uk\/gbuk\/home-appliances\/ironing\/irons\/philips-perfectcare-compact-plus-gc7933-36-steam-generator-iron-purple-magic-10214068-pdt.html"",""sigr"":""IDbcKTErMPKy"",""hturl"":"""",""ad"":false,""alt"":""Buy 
PHILIPS PerfectCare Compact Plus GC7933\/36 Steam Generator Iron - Purple 
Magic | Free 
..."",""rtl"":0,""iurl"":""https:\/\/brain-images-ssl.cdn.dixons.com\/8\/6\/10214068\/l_10214068_001.jpg"",""sigi"":""FU1D6TERRNVM"",""ourl"":""https:\/\/brain-images-ssl.cdn.dixons.com\/8\/6\/10214068\/l_10214068_001.jpg"",""ith"":""https:\/\/tse1.mm.bing.net\/th?id=OIP.dC5iEhFTykQWLRgaazz5bQHaGk\u0026pid=Api\u0026P=0\u0026w=300\u0026h=300"",""rb"":"";_ylt=AwrOo.N0MQNmkqkXJT2JzbkF;_ylu=c2VjA3NyBHNsawNpbWcEb2lkAzA4NDM4NjY5YjFmYzc1MDBlMmMzZGZhNDZjMTFiNTQyBGdwb3MDMQRpdANiaW5n"",""rs"":0,""typ"":""""}","https://res.cloudinary.com/yuppiechef/image/upload/c_lpad,f_auto,h_480,q_auto,w_480/v1/contentdocs/56642/02dca0f2-8ada-5add-b446-9f5928856a3d/1x10007210114014baps",,https://www.google.com/search?q=PHILIPS%20PERFECT%20CARE%20GARMENT%20STEAMER%20Purple%20-%20Manufacturer%20Stock%20Image&source=lnms&tbm=isch&sa=X&ved=2ahUKEwi_sfHlpeb8AhUvhP0HHVD6B6oQ_AUoAnoECAEQBA&biw=1920&bih=1009&dpr=1,https://www.google.com/search?q=PHILIPS%20PERFECT%20CARE%20GARMENT%20STEAMER%20Purple%20-%20Manufacturer%20Stock%20Image&source=lnms&tbm=isch&sa=X&ved=2ahUKEwi_sfHlpeb8AhUvhP0HHVD6B6oQ_AUoAnoECAEQBA&biw=1920&bih=1009&dpr=1
VX Gaming Electra Series Rocking Gaming Chair,Brand New,3,249,747,1200,3600,VX%20Gaming%20Electra%20Series%20Rocking%20Gaming%20Chair%20-%20Manufacturer%20Stock%20Image,https://images.search.yahoo.com/search/images?p=VX%20Gaming%20Electra%20Series%20Rocking%20Gaming%20Chair%20-%20Manufacturer%20Stock%20Image,,https://romtech.co.za/wp-content/uploads/2023/10/vx-193-led-cf-other-accessories-43183233761444_400x-600x600.webp,,https://www.google.com/search?q=VX%20Gaming%20Electra%20Series%20Rocking%20Gaming%20Chair%20-%20Manufacturer%20Stock%20Image&source=lnms&tbm=isch&sa=X&ved=2ahUKEwi_sfHlpeb8AhUvhP0HHVD6B6oQ_AUoAnoECAEQBA&biw=1920&bih=1009&dpr=1,https://www.google.com/search?q=VX%20Gaming%20Electra%20Series%20Rocking%20Gaming%20Chair%20-%20Manufacturer%20Stock%20Image&source=lnms&tbm=isch&sa=X&ved=2ahUKEwi_sfHlpeb8AhUvhP0HHVD6B6oQ_AUoAnoECAEQBA&biw=1920&bih=1009&dpr=1
Xbox Series Wireless Controller - Carbon Black,Brand New,1,918,918,1150,1150,Xbox%20Series%20Wireless%20Controller%20-%20Carbon%20Black%20-%20Manufacturer%20Stock%20Image,https://images.search.yahoo.com/search/images?p=Xbox%20Series%20Wireless%20Controller%20-%20Carbon%20Black%20-%20Manufacturer%20Stock%20Image,"{""tw"":""1350"",""th"":""759"",""tc"":""0"",""rtc"":"""",""stc"":"""",""a"":""www.g-h.store"",""s"":""86.1KB"",""w"":""1350"",""h"":""759"",""hq"":false,""o"":"""",""c"":"""",""p"":false,""g"":"""",""sm"":"""",""is"":"""",""icMeta"":[],""rurl"":""https:\/\/www.g-h.store\/product\/microsoft-xbox-series-wireless-controller-black\/"",""sigr"":""invJLQDXs3Q2"",""hturl"":"""",""ad"":false,""alt"":""Microsoft 
Xbox Series Wireless Controller - Carbon Black - Gamers 
Hideout"",""rtl"":0,""iurl"":""https:\/\/g-h.sgp1.digitaloceanspaces.com\/wp-content\/uploads\/2021\/06\/22112348\/5400973f-9a4b-486f-bfda-21ae84703937.jpg"",""sigi"":""hkUOFdnT9sab"",""ourl"":""https:\/\/g-h.sgp1.digitaloceanspaces.com\/wp-content\/uploads\/2021\/06\/22112348\/5400973f-9a4b-486f-bfda-21ae84703937.jpg"",""ith"":""https:\/\/tse4.mm.bing.net\/th?id=OIP.lHfY2dJFtMzjmzjVH0UXsAHaEK\u0026pid=Api\u0026P=0\u0026w=300\u0026h=300"",""rb"":"";_ylt=Awrjbo_3MQNmYicYDYmJzbkF;_ylu=c2VjA3NyBHNsawNpbWcEb2lkAzI0YTU5M2Y5ZGQxZmY3M2E5Y2QxZTZhMTA0MmJjMzNiBGdwb3MDMgRpdANiaW5n"",""rs"":0,""typ"":""""}",https://brain-images-ssl.cdn.dixons.com/5/6/10211565/u_10211565.jpg,,https://www.google.com/search?q=Xbox%20Series%20Wireless%20Controller%20-%20Carbon%20Black%20-%20Manufacturer%20Stock%20Image&source=lnms&tbm=isch&sa=X&ved=2ahUKEwi_sfHlpeb8AhUvhP0HHVD6B6oQ_AUoAnoECAEQBA&biw=1920&bih=1009&dpr=1,https://www.google.com/search?q=Xbox%20Series%20Wireless%20Controller%20-%20Carbon%20Black%20-%20Manufacturer%20Stock%20Image&source=lnms&tbm=isch&sa=X&ved=2ahUKEwi_sfHlpeb8AhUvhP0HHVD6B6oQ_AUoAnoECAEQBA&biw=1920&bih=1009&dpr=1
Xbox Series Wireless Controller - Carbon Black,Brand New,1,10,10,1150,1150,Xbox%20Series%20Wireless%20Controller%20-%20Carbon%20Black%20-%20Manufacturer%20Stock%20Image,https://images.search.yahoo.com/search/images?p=Xbox%20Series%20Wireless%20Controller%20-%20Carbon%20Black%20-%20Manufacturer%20Stock%20Image,"{""tw"":""1350"",""th"":""759"",""tc"":""0"",""rtc"":"""",""stc"":"""",""a"":""www.g-h.store"",""s"":""86.1KB"",""w"":""1350"",""h"":""759"",""hq"":false,""o"":"""",""c"":"""",""p"":false,""g"":"""",""sm"":"""",""is"":"""",""icMeta"":[],""rurl"":""https:\/\/www.g-h.store\/product\/microsoft-xbox-series-wireless-controller-black\/"",""sigr"":""invJLQDXs3Q2"",""hturl"":"""",""ad"":false,""alt"":""Microsoft 
Xbox Series Wireless Controller - Carbon Black - Gamers 
Hideout"",""rtl"":0,""iurl"":""https:\/\/g-h.sgp1.digitaloceanspaces.com\/wp-content\/uploads\/2021\/06\/22112348\/5400973f-9a4b-486f-bfda-21ae84703937.jpg"",""sigi"":""hkUOFdnT9sab"",""ourl"":""https:\/\/g-h.sgp1.digitaloceanspaces.com\/wp-content\/uploads\/2021\/06\/22112348\/5400973f-9a4b-486f-bfda-21ae84703937.jpg"",""ith"":""https:\/\/tse4.mm.bing.net\/th?id=OIP.lHfY2dJFtMzjmzjVH0UXsAHaEK\u0026pid=Api\u0026P=0\u0026w=300\u0026h=300"",""rb"":"";_ylt=Awrjbo_3MQNmYicYDYmJzbkF;_ylu=c2VjA3NyBHNsawNpbWcEb2lkAzI0YTU5M2Y5ZGQxZmY3M2E5Y2QxZTZhMTA0MmJjMzNiBGdwb3MDMgRpdANiaW5n"",""rs"":0,""typ"":""""}",https://brain-images-ssl.cdn.dixons.com/5/6/10211565/u_10211565.jpg,,https://www.google.com/search?q=Xbox%20Series%20Wireless%20Controller%20-%20Carbon%20Black%20-%20Manufacturer%20Stock%20Image&source=lnms&tbm=isch&sa=X&ved=2ahUKEwi_sfHlpeb8AhUvhP0HHVD6B6oQ_AUoAnoECAEQBA&biw=1920&bih=1009&dpr=1,https://www.google.com/search?q=Xbox%20Series%20Wireless%20Controller%20-%20Carbon%20Black%20-%20Manufacturer%20Stock%20Image&source=lnms&tbm=isch&sa=X&ved=2ahUKEwi_sfHlpeb8AhUvhP0HHVD6B6oQ_AUoAnoECAEQBA&biw=1920&bih=1009&dpr=1
Russell Hobbs - 6 Litre Electric Pressure Cooker,New Unsealed,1,540,540,1100,1100,Russell%20Hobbs%20-%206%20Litre%20Electric%20Pressure%20Cooker%20-%20Manufacturer%20Stock%20Image,https://images.search.yahoo.com/search/images?p=Russell%20Hobbs%20-%206%20Litre%20Electric%20Pressure%20Cooker%20-%20Manufacturer%20Stock%20Image,"{""tw"":""600"",""th"":""600"",""tc"":""0"",""rtc"":"""",""stc"":"""",""a"":""kloppers.co.za"",""s"":""39.8KB"",""w"":""600"",""h"":""600"",""hq"":false,""o"":"""",""c"":"""",""p"":false,""g"":"""",""sm"":"""",""is"":"""",""icMeta"":[],""rurl"":""https:\/\/kloppers.co.za\/product\/russell-hobbs-electric-pressure-cooker-6l\/"",""sigr"":""yo8hz_Yrrmvl"",""hturl"":"""",""ad"":false,""alt"":""Russell 
Hobbs Electric Pressure Cooker 6l \u2013 
Kloppers"",""rtl"":0,""iurl"":""https:\/\/kloppers.co.za\/wp-content\/uploads\/2022\/03\/RHEP7-600x600.jpg"",""sigi"":"".u.IclthR8Ym"",""ourl"":""https:\/\/kloppers.co.za\/wp-content\/uploads\/2022\/03\/RHEP7-600x600.jpg"",""ith"":""https:\/\/tse2.mm.bing.net\/th?id=OIP.glS35iv4pF9KlcPnYIrWuQHaHa\u0026pid=Api\u0026P=0\u0026w=300\u0026h=300"",""rb"":"";_ylt=AwrOo.NGMgNmnfYZ_k.JzbkF;_ylu=c2VjA3NyBHNsawNpbWcEb2lkAzdiOTQwZTNiMDYwYzQyM2Q4YWE3MGY1ZTVmN2U3YTA2BGdwb3MDMQRpdANiaW5n"",""rs"":0,""typ"":""""}",https://www.4home.co.za/images/stories/virtuemart/product/russell-hobbs-6l-electric-pressure-cooker-rhep7-(856295).jpg,,https://www.google.com/search?q=Russell%20Hobbs%20-%206%20Litre%20Electric%20Pressure%20Cooker%20-%20Manufacturer%20Stock%20Image&source=lnms&tbm=isch&sa=X&ved=2ahUKEwi_sfHlpeb8AhUvhP0HHVD6B6oQ_AUoAnoECAEQBA&biw=1920&bih=1009&dpr=1,
Russell Hobbs - High Velocity Floor Fan - RHFF56,New Unsealed,1,345,345,1100,1100,Russell%20Hobbs%20-%20High%20Velocity%20Floor%20Fan%20-%20RHFF56%20-%20Manufacturer%20Stock%20Image,https://images.search.yahoo.com/search/images?p=Russell%20Hobbs%20-%20High%20Velocity%20Floor%20Fan%20-%20RHFF56%20-%20Manufacturer%20Stock%20Image,"{""tw"":""570"",""th"":""570"",""tc"":""0"",""rtc"":"""",""stc"":"""",""a"":""www.agrimark.co.za"",""s"":""140.5KB"",""w"":""570"",""h"":""570"",""hq"":false,""o"":"""",""c"":"""",""p"":false,""g"":"""",""sm"":"""",""is"":"""",""icMeta"":[],""rurl"":""https:\/\/www.agrimark.co.za\/product\/russell-hobbs-high-velocity-floor-fan-56cm-rhff56"",""sigr"":""0uMe034k_1Vt"",""hturl"":"""",""ad"":false,""alt"":""RUSSELL 
HOBBS HIGH VELOCITY FLOOR FAN 56CM RHFF56 | 
Agrimark"",""rtl"":0,""iurl"":""https:\/\/res.cloudinary.com\/agrimark\/image\/upload\/c_pad,h_570,w_570\/v1\/uploads\/assets\/514998-1-a-Russell-Hobbs-Hv-Chrme-Floor-Fan-56C-abd6f5.png?_a=AAAH2AI"",""sigi"":""sR7R9pk.KL_N"",""ourl"":""https:\/\/res.cloudinary.com\/agrimark\/image\/upload\/c_pad,h_570,w_570\/v1\/uploads\/assets\/514998-1-a-Russell-Hobbs-Hv-Chrme-Floor-Fan-56C-abd6f5.png?_a=AAAH2AI"",""ith"":""https:\/\/tse1.mm.bing.net\/th?id=OIP.TyzJFdm97hqpz0tJLAS0FAHaHa\u0026pid=Api\u0026P=0\u0026w=300\u0026h=300"",""rb"":"";_ylt=Awrjbo9nMgNmMN8Z_COJzbkF;_ylu=c2VjA3NyBHNsawNpbWcEb2lkAzJlZThhZDJkM2QwYzBhYzgyNTYzMzQ1Yzg0YjU1OTA5BGdwb3MDMgRpdANiaW5n"",""rs"":0,""typ"":""""}",https://endoftheline.co.za/pub/media/catalog/product/cache/ba85da5c884995b771e188e609ded577/r/h/rhff56_hr.jpg,,https://www.google.com/search?q=Russell%20Hobbs%20-%20High%20Velocity%20Floor%20Fan%20-%20RHFF56%20-%20Manufacturer%20Stock%20Image&source=lnms&tbm=isch&sa=X&ved=2ahUKEwi_sfHlpeb8AhUvhP0HHVD6B6oQ_AUoAnoECAEQBA&biw=1920&bih=1009&dpr=1,https://www.google.com/search?q=Russell%20Hobbs%20-%20High%20Velocity%20Floor%20Fan%20-%20RHFF56%20-%20Manufacturer%20Stock%20Image&source=lnms&tbm=isch&sa=X&ved=2ahUKEwi_sfHlpeb8AhUvhP0HHVD6B6oQ_AUoAnoECAEQBA&biw=1920&bih=1009&dpr=1
Mellerware - Capri Induction Cooker & Cookware Bundle,New Unsealed,2,766,1532,990,1980,Mellerware%20-%20Capri%20Induction%20Cooker%20%26%20Cookware%20Bundle%20-%20Manufacturer%20Stock%20Image,https://images.search.yahoo.com/search/images?p=Mellerware%20-%20Capri%20Induction%20Cooker%20%26%20Cookware%20Bundle%20-%20Manufacturer%20Stock%20Image,"{""tw"":1000,""th"":200,""ad"":true,""typ"":""ad""}",http://www.mellerware.co.za/siteitems/images/products/mellerware/capri-induction-cooker-46004-medium-1.jpg,,https://www.google.com/search?q=Mellerware%20-%20Capri%20Induction%20Cooker%20%26%20Cookware%20Bundle%20-%20Manufacturer%20Stock%20Image&source=lnms&tbm=isch&sa=X&ved=2ahUKEwi_sfHlpeb8AhUvhP0HHVD6B6oQ_AUoAnoECAEQBA&biw=1920&bih=1009&dpr=1,https://www.google.com/search?q=Mellerware%20-%20Capri%20Induction%20Cooker%20%26%20Cookware%20Bundle%20-%20Manufacturer%20Stock%20Image&source=lnms&tbm=isch&sa=X&ved=2ahUKEwi_sfHlpeb8AhUvhP0HHVD6B6oQ_AUoAnoECAEQBA&biw=1920&bih=1009&dpr=1
Milex - Power Airfryer XXXL,New Unsealed,6,308,1848,980,5880,Milex%20-%20Power%20Airfryer%20XXXL%20-%20Manufacturer%20Stock%20Image,https://images.search.yahoo.com/search/images?p=Milex%20-%20Power%20Airfryer%20XXXL%20-%20Manufacturer%20Stock%20Image,"{""tw"":""2000"",""th"":""2000"",""tc"":""0"",""rtc"":"""",""stc"":"""",""a"":""www.showspace.co.za"",""s"":""1966.6KB"",""w"":""2000"",""h"":""2000"",""hq"":false,""o"":"""",""c"":"""",""p"":false,""g"":"""",""sm"":"""",""is"":"""",""icMeta"":[],""rurl"":""https:\/\/www.showspace.co.za\/product\/milex-xxxl-power-airfryer\/"",""sigr"":""kZ.yWg.3PVRB"",""hturl"":"""",""ad"":false,""alt"":""Milex 
XXXL Power Airfryer - 
Showspace"",""rtl"":0,""iurl"":""https:\/\/www.showspace.co.za\/wp-content\/uploads\/2023\/05\/6005519114211-3.jpg"",""sigi"":""P3MuauE0kE75"",""ourl"":""https:\/\/www.showspace.co.za\/wp-content\/uploads\/2023\/05\/6005519114211-3.jpg"",""ith"":""https:\/\/tse4.mm.bing.net\/th?id=OIP.20hb8JKlFm1xOvkrR_TgkgHaHa\u0026pid=Api\u0026P=0\u0026w=300\u0026h=300"",""rb"":"";_ylt=Awr9_TduMQNmT5AIvDmJzbkF;_ylu=c2VjA3NyBHNsawNpbWcEb2lkAzJhY2Q2NGU2OWUyZmZkYzBhNGI0YjU1MmNlYmVkOTYwBGdwb3MDMgRpdANiaW5n"",""rs"":0,""typ"":""""}",https://www.showspace.co.za/wp-content/uploads/2023/05/6005519114211-3.jpg,,https://www.google.com/search?q=Milex%20-%20Power%20Airfryer%20XXXL%20-%20Manufacturer%20Stock%20Image&source=lnms&tbm=isch&sa=X&ved=2ahUKEwi_sfHlpeb8AhUvhP0HHVD6B6oQ_AUoAnoECAEQBA&biw=1920&bih=1009&dpr=1,https://www.google.com/search?q=Milex%20-%20Power%20Airfryer%20XXXL%20-%20Manufacturer%20Stock%20Image&source=lnms&tbm=isch&sa=X&ved=2ahUKEwi_sfHlpeb8AhUvhP0HHVD6B6oQ_AUoAnoECAEQBA&biw=1920&bih=1009&dpr=1
Baby Things Campcot No Bass - Grey,Brand New,14,100,1400,980,13720,Baby%C2%A0Things%20Campcot%20No%20Bass%20-%20Grey%20-%20Manufacturer%20Stock%20Image,https://images.search.yahoo.com/search/images?p=Baby%C2%A0Things%20Campcot%20No%20Bass%20-%20Grey%20-%20Manufacturer%20Stock%20Image,"{""tw"":""950"",""th"":""734"",""tc"":""0"",""rtc"":"""",""stc"":"""",""a"":""www.hellomom.co.za"",""s"":""67.8KB"",""w"":""950"",""h"":""734"",""hq"":false,""o"":"""",""c"":"""",""p"":false,""g"":"""",""sm"":"""",""is"":"""",""icMeta"":[],""rurl"":""https:\/\/www.hellomom.co.za\/collections\/sleeptime\/products\/snuggletimedeluxe-co-sleeper-camp-cot"",""sigr"":""AO0100hb21c2"",""hturl"":"""",""ad"":false,""alt"":""Snuggletime 
Deluxe Co Sleeper Camp 
Cot-Cots-Snuggletime-Grey-www.hellomom.co.za"",""rtl"":0,""iurl"":""https:\/\/cdn.shopify.com\/s\/files\/1\/0058\/5564\/1703\/products\/co-sleeper-camp-cot_1024x1024@2x.jpg?v=1600347451"",""sigi"":""svTWppC7.LZM"",""ourl"":""https:\/\/cdn.shopify.com\/s\/files\/1\/0058\/5564\/1703\/products\/co-sleeper-camp-cot_1024x1024@2x.jpg?v=1600347451"",""ith"":""https:\/\/tse3.mm.bing.net\/th?id=OIP.jNfuILt8W5VDXO_1wtDudQHaFu\u0026pid=Api\u0026P=0\u0026w=300\u0026h=300"",""rb"":"";_ylt=Awr93rxyMQNm39IH3X6JzbkF;_ylu=c2VjA3NyBHNsawNpbWcEb2lkA2E4ZTg0NGIxNjhiOTIzMjIyYWMyMTZjODJiZDNiM2FkBGdwb3MDMQRpdANiaW5n"",""rs"":0,""typ"":""""}",https://www.dischem.co.za/media/catalog/product/cache/41664faeeb094fcc68fc0c934ed2e5ae/6/0/6009543757192.jpg,,https://www.google.com/search?q=Baby%C2%A0Things%20Campcot%20No%20Bass%20-%20Grey%20-%20Manufacturer%20Stock%20Image&source=lnms&tbm=isch&sa=X&ved=2ahUKEwi_sfHlpeb8AhUvhP0HHVD6B6oQ_AUoAnoECAEQBA&biw=1920&bih=1009&dpr=1,https://www.google.com/search?q=Baby%C2%A0Things%20Campcot%20No%20Bass%20-%20Grey%20-%20Manufacturer%20Stock%20Image&source=lnms&tbm=isch&sa=X&ved=2ahUKEwi_sfHlpeb8AhUvhP0HHVD6B6oQ_AUoAnoECAEQBA&biw=1920&bih=1009&dpr=1
BLACK+DECKER 18V Cordless Drill with Battery and Charger (Model: BDCDC18-QW),Brand New,1,383,383,980,980,BLACK%2BDECKER%2018V%20Cordless%20Drill%20with%20Battery%20and%20Charger%20%28Model%3A%20BDCDC18-QW%29%20-%20Manufacturer%20Stock%20Image,https://images.search.yahoo.com/search/images?p=BLACK%2BDECKER%2018V%20Cordless%20Drill%20with%20Battery%20and%20Charger%20%28Model%3A%20BDCDC18-QW%29%20-%20Manufacturer%20Stock%20Image,"{""tw"":""679"",""th"":""548"",""tc"":""0"",""rtc"":"""",""stc"":"""",""a"":""www.amazon.co.uk"",""s"":""37.2KB"",""w"":""679"",""h"":""548"",""hq"":false,""o"":"""",""c"":"""",""p"":false,""g"":"""",""sm"":"""",""is"":"""",""icMeta"":[],""rurl"":""https:\/\/www.amazon.co.uk\/Decker-BDCDC18KB-QW-Cordless-Batteries-Charge\/dp\/B01CNOJC04"",""sigr"":""T32eC8qbuZ5A"",""hturl"":"""",""ad"":false,""alt"":""Black 
+ Decker BDCDC18KB-QW Cordless Drill, 18V, with 2 Batteries, 3 Hour Charge 
Time: Amazon.co 
..."",""rtl"":0,""iurl"":""https:\/\/images-na.ssl-images-amazon.com\/images\/I\/61BKoQ7uG5L._SX679_.jpg"",""sigi"":""o9Ko6L0KpJbh"",""ourl"":""https:\/\/images-na.ssl-images-amazon.com\/images\/I\/61BKoQ7uG5L._SX679_.jpg"",""ith"":""https:\/\/tse1.mm.bing.net\/th?id=OIP.dhsUpOJ0v8IAZZV9WmjyZAHaF-\u0026pid=Api\u0026P=0\u0026w=300\u0026h=300"",""rb"":"";_ylt=Awrjff3zCANm.bkWyhaJzbkF;_ylu=c2VjA3NyBHNsawNpbWcEb2lkA2YzNzY2ZjI4MDJlOTQzODA5OThiNjI2NzRjODU5ODJkBGdwb3MDMgRpdANiaW5n"",""rs"":0,""typ"":""""}",https://images-na.ssl-images-amazon.com/images/I/61BKoQ7uG5L._SX679_.jpg,,https://www.google.com/search?q=BLACK%2BDECKER%2018V%20Cordless%20Drill%20with%20Battery%20and%20Charger%20%28Model%3A%20BDCDC18-QW%29%20-%20Manufacturer%20Stock%20Image&source=lnms&tbm=isch&sa=X&ved=2ahUKEwi_sfHlpeb8AhUvhP0HHVD6B6oQ_AUoAnoECAEQBA&biw=1920&bih=1009&dpr=1,https://www.google.com/search?q=BLACK%2BDECKER%2018V%20Cordless%20Drill%20with%20Battery%20and%20Charger%20%28Model%3A%20BDCDC18-QW%29%20-%20Manufacturer%20Stock%20Image&source=lnms&tbm=isch&sa=X&ved=2ahUKEwi_sfHlpeb8AhUvhP0HHVD6B6oQ_AUoAnoECAEQBA&biw=1920&bih=1009&dpr=1
"Logitech K780 Multi-Device Wireless Keyboard, Bluetooth, Quiet - Black",New Unsealed,2,445,890,950,1900,Logitech%20K780%20Multi-Device%20Wireless%20Keyboard%2C%20Bluetooth%2C%20Quiet%20-%20Black%20-%20Manufacturer%20Stock%20Image,https://images.search.yahoo.com/search/images?p=Logitech%20K780%20Multi-Device%20Wireless%20Keyboard%2C%20Bluetooth%2C%20Quiet%20-%20Black%20-%20Manufacturer%20Stock%20Image,"{""tw"":""474"",""th"":""420"",""tc"":""0"",""rtc"":"""",""stc"":"""",""a"":""www.currys.co.uk"",""s"":""54.5KB"",""w"":""474"",""h"":""420"",""hq"":false,""o"":"""",""c"":"""",""p"":false,""g"":"""",""sm"":"""",""is"":"""",""icMeta"":[],""rurl"":""https:\/\/www.currys.co.uk\/gbuk\/computing-accessories\/computer-accessories\/mice-and-keyboards\/keyboards\/logitech-k780-multi-device-wireless-keyboard-10149089-pdt.html"",""sigr"":""CGxionI2mILe"",""hturl"":"""",""ad"":false,""alt"":""Buy 
LOGITECH K780 Multi-Device Wireless Keyboard | Free Delivery | 
Currys"",""rtl"":0,""iurl"":""https:\/\/brain-images-ssl.cdn.dixons.com\/9\/8\/10149089\/l_10149089_013.jpg"",""sigi"":""3.j7ufrGEnoR"",""ourl"":""https:\/\/brain-images-ssl.cdn.dixons.com\/9\/8\/10149089\/l_10149089_013.jpg"",""ith"":""https:\/\/tse3.mm.bing.net\/th?id=OIP.hNqyDA5r66nYn3HIvWE4NQAAAA\u0026pid=Api\u0026P=0\u0026w=300\u0026h=300"",""rb"":"";_ylt=Awr93rzhCANmdPkER2aJzbkF;_ylu=c2VjA3NyBHNsawNpbWcEb2lkAzA1YTc2Y2ZjODU0NzBkMTE1MjU1MjNkYWZiMjdiZmFjBGdwb3MDMgRpdANiaW5n"",""rs"":0,""typ"":""""}",https://brain-images-ssl.cdn.dixons.com/9/8/10149089/l_10149089_013.jpg,,https://www.google.com/search?q=Logitech%20K780%20Multi-Device%20Wireless%20Keyboard%2C%20Bluetooth%2C%20Quiet%20-%20Black%20-%20Manufacturer%20Stock%20Image&source=lnms&tbm=isch&sa=X&ved=2ahUKEwi_sfHlpeb8AhUvhP0HHVD6B6oQ_AUoAnoECAEQBA&biw=1920&bih=1009&dpr=1,https://www.google.com/search?q=Logitech%20K780%20Multi-Device%20Wireless%20Keyboard%2C%20Bluetooth%2C%20Quiet%20-%20Black%20-%20Manufacturer%20Stock%20Image&source=lnms&tbm=isch&sa=X&ved=2ahUKEwi_sfHlpeb8AhUvhP0HHVD6B6oQ_AUoAnoECAEQBA&biw=1920&bih=1009&dpr=1
Salton 30L Mini Kitchen SF,Brand New,1,459,459,950,950,Salton%2030L%20Mini%20Kitchen%20SF%20-%20Manufacturer%20Stock%20Image,https://images.search.yahoo.com/search/images?p=Salton%2030L%20Mini%20Kitchen%20SF%20-%20Manufacturer%20Stock%20Image,"{""tw"":""560"",""th"":""560"",""tc"":""0"",""rtc"":"""",""stc"":"""",""a"":""www.buco.co.za"",""s"":""35.8KB"",""w"":""560"",""h"":""560"",""hq"":false,""o"":"""",""c"":"""",""p"":false,""g"":"""",""sm"":"""",""is"":"""",""icMeta"":[],""rurl"":""https:\/\/www.buco.co.za\/default\/mini-kitchen-30l-salton-sfmk02_1234085"",""sigr"":""JHOHEpZ9eIWV"",""hturl"":"""",""ad"":false,""alt"":""Mini 
Kitchen 30l Salton 
SFMK02"",""rtl"":0,""iurl"":""https:\/\/www.buco.co.za\/media\/catalog\/product\/cache\/ffc47afd8f97d8789f4bdfdc148a1c65\/e\/a\/ea2ebaeb249e2b498c795465e9e20b48ce3dba3a_1234085.jpg"",""sigi"":""gYagWHr5Z_2s"",""ourl"":""https:\/\/www.buco.co.za\/media\/catalog\/product\/cache\/ffc47afd8f97d8789f4bdfdc148a1c65\/e\/a\/ea2ebaeb249e2b498c795465e9e20b48ce3dba3a_1234085.jpg"",""ith"":""https:\/\/tse4.mm.bing.net\/th?id=OIP.x7NtuMX3mR8JLBp2Q18fIAHaHa\u0026pid=Api\u0026P=0\u0026w=300\u0026h=300"",""rb"":"";_ylt=Awrjbo9uMQNmERQZYrOJzbkF;_ylu=c2VjA3NyBHNsawNpbWcEb2lkAzFiNDRjYjlkOGM0MTVkNWFjNzdkMDY5ODMzMTUwNThiBGdwb3MDMgRpdANiaW5n"",""rs"":0,""typ"":""""}",https://endoftheline.co.za/pub/media/catalog/product/cache/ba85da5c884995b771e188e609ded577/s/f/sfmk02_hr.jpg,,https://www.google.com/search?q=Salton%2030L%20Mini%20Kitchen%20SF%20-%20Manufacturer%20Stock%20Image&source=lnms&tbm=isch&sa=X&ved=2ahUKEwi_sfHlpeb8AhUvhP0HHVD6B6oQ_AUoAnoECAEQBA&biw=1920&bih=1009&dpr=1,https://www.google.com/search?q=Salton%2030L%20Mini%20Kitchen%20SF%20-%20Manufacturer%20Stock%20Image&source=lnms&tbm=isch&sa=X&ved=2ahUKEwi_sfHlpeb8AhUvhP0HHVD6B6oQ_AUoAnoECAEQBA&biw=1920&bih=1009&dpr=1
4K Ultra HD TV Box S Media Player (2nd Gen),Brand New,1,719.4,719.4,900,900,4K%20Ultra%20HD%20TV%20Box%20S%20Media%20Player%20%282nd%20Gen%29%20-%20Manufacturer%20Stock%20Image,https://images.search.yahoo.com/search/images?p=4K%20Ultra%20HD%20TV%20Box%20S%20Media%20Player%20%282nd%20Gen%29%20-%20Manufacturer%20Stock%20Image,Loading...,https://allmytech.pk/wp-content/uploads/2023/05/my-11134207-7qul9-lgpf0x6bpj8t44.jpeg,,https://www.google.com/search?q=4K%20Ultra%20HD%20TV%20Box%20S%20Media%20Player%20%282nd%20Gen%29%20-%20Manufacturer%20Stock%20Image&source=lnms&tbm=isch&sa=X&ved=2ahUKEwi_sfHlpeb8AhUvhP0HHVD6B6oQ_AUoAnoECAEQBA&biw=1920&bih=1009&dpr=1,https://www.google.com/search?q=4K%20Ultra%20HD%20TV%20Box%20S%20Media%20Player%20%282nd%20Gen%29%20-%20Manufacturer%20Stock%20Image&source=lnms&tbm=isch&sa=X&ved=2ahUKEwi_sfHlpeb8AhUvhP0HHVD6B6oQ_AUoAnoECAEQBA&biw=1920&bih=1009&dpr=1
Goldair 132cm Ceiling Fan With Remote GCF-501R,Brand New,6,103.38,620.28,900,5400,Goldair%20132cm%20Ceiling%20Fan%20With%20Remote%20GCF-501R%20-%20Manufacturer%20Stock%20Image,https://images.search.yahoo.com/search/images?p=Goldair%20132cm%20Ceiling%20Fan%20With%20Remote%20GCF-501R%20-%20Manufacturer%20Stock%20Image,,https://www.incredible.co.za/media/catalog/product/cache/7ce9addd40d23ee411c2cc726ad5e7ed/g/c/gcf501r_ecommerce_0093.png,,https://www.google.com/search?q=Goldair%20132cm%20Ceiling%20Fan%20With%20Remote%20GCF-501R%20-%20Manufacturer%20Stock%20Image&source=lnms&tbm=isch&sa=X&ved=2ahUKEwi_sfHlpeb8AhUvhP0HHVD6B6oQ_AUoAnoECAEQBA&biw=1920&bih=1009&dpr=1,https://www.google.com/search?q=Goldair%20132cm%20Ceiling%20Fan%20With%20Remote%20GCF-501R%20-%20Manufacturer%20Stock%20Image&source=lnms&tbm=isch&sa=X&ved=2ahUKEwi_sfHlpeb8AhUvhP0HHVD6B6oQ_AUoAnoECAEQBA&biw=1920&bih=1009&dpr=1
Multi-functional 8-in-1 USB-C Adapter Hub Docking Station,Brand New,3,171,513,900,2700,Multi-functional%208-in-1%20USB-C%20Adapter%20Hub%20Docking%20Station%20-%20Manufacturer%20Stock%20Image,https://images.search.yahoo.com/search/images?p=Multi-functional%208-in-1%20USB-C%20Adapter%20Hub%20Docking%20Station%20-%20Manufacturer%20Stock%20Image,"{""tw"":""1200"",""th"":""1200"",""tc"":""0"",""rtc"":"""",""stc"":"""",""a"":""www.ebay.com"",""s"":""449.1KB"",""w"":""1200"",""h"":""1200"",""hq"":false,""o"":"""",""c"":"""",""p"":false,""g"":"""",""sm"":"""",""is"":"""",""icMeta"":[],""rurl"":""https:\/\/www.ebay.com\/itm\/8-in-1-4K-Multiport-Type-C-To-USB-C-HDMI-Adapter-USB-3-0-Cable-Hub-For-Macbook-M\/383739672964"",""sigr"":"".D4wdfHqXTgi"",""hturl"":"""",""ad"":false,""alt"":""8 
in 1 4K Multiport Type C To USB-C HDMI Adapter USB 3.0 Cable Hub For 
Macbook M 644925900429 | 
eBay"",""rtl"":0,""iurl"":""https:\/\/img1.tongtool.com\/v\/7579gd775979747e5b9ac9gfc7fgea7cd776qwnd.jpg"",""sigi"":""m_ZRwFW0_AA9"",""ourl"":""https:\/\/img1.tongtool.com\/v\/7579gd775979747e5b9ac9gfc7fgea7cd776qwnd.jpg"",""ith"":""https:\/\/tse2.mm.bing.net\/th?id=OIP.3KJBabJ5uPuisYqzXVHNBgHaHa\u0026pid=Api\u0026P=0\u0026w=300\u0026h=300"",""rb"":"";_ylt=Awr9_TfAJwNmxxEHc9uJzbkF;_ylu=c2VjA3NyBHNsawNpbWcEb2lkAzc2MjNkNGVmYjcwYjYxNTNlMTM5MDEwNTE3OTMyNTQ4BGdwb3MDMwRpdANiaW5n"",""rs"":0,""typ"":""""}",https://img1.tongtool.com/v/7579gd775979747e5b9ac9gfc7fgea7cd776qwnd.jpg,,https://www.google.com/search?q=Multi-functional%208-in-1%20USB-C%20Adapter%20Hub%20Docking%20Station%20-%20Manufacturer%20Stock%20Image&source=lnms&tbm=isch&sa=X&ved=2ahUKEwi_sfHlpeb8AhUvhP0HHVD6B6oQ_AUoAnoECAEQBA&biw=1920&bih=1009&dpr=1,https://www.google.com/search?q=Multi-functional%208-in-1%20USB-C%20Adapter%20Hub%20Docking%20Station%20-%20Manufacturer%20Stock%20Image&source=lnms&tbm=isch&sa=X&ved=2ahUKEwi_sfHlpeb8AhUvhP0HHVD6B6oQ_AUoAnoECAEQBA&biw=1920&bih=1009&dpr=1
Parrot Products - A3 Laminator (2 Roller - 360mm/min),New Unsealed,1,329,329,900,900,Parrot%20Products%20-%20A3%20Laminator%20%282%20Roller%20-%20360mm%2Fmin%29%20-%20Manufacturer%20Stock%20Image,https://images.search.yahoo.com/search/images?p=Parrot%20Products%20-%20A3%20Laminator%20%282%20Roller%20-%20360mm%2Fmin%29%20-%20Manufacturer%20Stock%20Image,"{""tw"":""630"",""th"":""392"",""tc"":""0"",""rtc"":"""",""stc"":"""",""a"":""plastilon.co.za"",""s"":""68.7KB"",""w"":""630"",""h"":""392"",""hq"":false,""o"":"""",""c"":"""",""p"":false,""g"":"""",""sm"":"""",""is"":"""",""icMeta"":[],""rurl"":""https:\/\/plastilon.co.za\/product\/laminator-a3-parrot\/?add-to-cart=73928"",""sigr"":""CLIZzCK4oAMU"",""hturl"":"""",""ad"":false,""alt"":""Laminator 
- A3 Parrot - Plastilon 
Packaging"",""rtl"":0,""iurl"":""https:\/\/plastilon.co.za\/wp-content\/uploads\/2020\/08\/STA1805_1.jpg"",""sigi"":""3eGaA_Q.OEqM"",""ourl"":""https:\/\/plastilon.co.za\/wp-content\/uploads\/2020\/08\/STA1805_1.jpg"",""ith"":""https:\/\/tse2.mm.bing.net\/th?id=OIP.mnnXIHW9G0QFSWKIoKTnuwHaEm\u0026pid=Api\u0026P=0\u0026w=300\u0026h=300"",""rb"":"";_ylt=Awrjbo87KANmlogXYl6JzbkF;_ylu=c2VjA3NyBHNsawNpbWcEb2lkAzc2OTcxMmFlZjk4MjQzNzBkZTE4MTVmNjE1MmY1NmE5BGdwb3MDMgRpdANiaW5n"",""rs"":0,""typ"":""""}",https://i5-images.massmart.co.za/asr/448c06e9-b8aa-4797-9011-cd33457f91dd.d48e35a02a46a73b766761953964f253.jpeg?odnHeight=636u0026odnWidth=710u0026odnBg=FFFFFF,,https://www.google.com/search?q=Parrot%20Products%20-%20A3%20Laminator%20%282%20Roller%20-%20360mm%2Fmin%29%20-%20Manufacturer%20Stock%20Image&source=lnms&tbm=isch&sa=X&ved=2ahUKEwi_sfHlpeb8AhUvhP0HHVD6B6oQ_AUoAnoECAEQBA&biw=1920&bih=1009&dpr=1,https://www.google.com/search?q=Parrot%20Products%20-%20A3%20Laminator%20%282%20Roller%20-%20360mm%2Fmin%29%20-%20Manufacturer%20Stock%20Image&source=lnms&tbm=isch&sa=X&ved=2ahUKEwi_sfHlpeb8AhUvhP0HHVD6B6oQ_AUoAnoECAEQBA&biw=1920&bih=1009&dpr=1
ROCCAT ELO X STEREO HEADSET,Brand New,1,0,0,880,880,ROCCAT%20ELO%20X%20STEREO%20HEADSET%20-%20Manufacturer%20Stock%20Image,https://images.search.yahoo.com/search/images?p=ROCCAT%20ELO%20X%20STEREO%20HEADSET%20-%20Manufacturer%20Stock%20Image,"{""tw"":""474"",""th"":""590"",""tc"":""0"",""rtc"":"""",""stc"":"""",""a"":""www.bestbuy.com"",""s"":""362.0KB"",""w"":""474"",""h"":""590"",""hq"":false,""o"":"""",""c"":"""",""p"":false,""g"":"""",""sm"":"""",""is"":"""",""icMeta"":[],""rurl"":""https:\/\/www.bestbuy.com\/site\/roccat-elo-x-stereo-wired-gaming-headset-for-pc-xbox-series-x-xbox-series-s-playstation-5-and-nintendo-switch-black\/6424761.p"",""sigr"":""7XP6.vKcRfse"",""hturl"":"""",""ad"":false,""alt"":""ROCCAT 
Elo X Stereo Wired Gaming Headset for PC, Xbox Series X, Xbox Series S, 
PlayStation 5 and 
..."",""rtl"":0,""iurl"":""https:\/\/pisces.bbystatic.com\/image2\/BestBuy_US\/images\/products\/6424\/6424761_sd.jpg"",""sigi"":""CT8PWUWDHZtv"",""ourl"":""https:\/\/pisces.bbystatic.com\/image2\/BestBuy_US\/images\/products\/6424\/6424761_sd.jpg"",""ith"":""https:\/\/tse2.mm.bing.net\/th?id=OIP.SNwfOHMazvZEgnZ0r-x48QAAAA\u0026pid=Api\u0026P=0\u0026w=300\u0026h=300"",""rb"":"";_ylt=Awrjff1uMQNmPCIZEZSJzbkF;_ylu=c2VjA3NyBHNsawNpbWcEb2lkAzIzN2IwZjM5OWFiNmQ5MzJhMGY4OGNiNGU5NDM1OTNiBGdwb3MDMQRpdANiaW5n"",""rs"":0,""typ"":""""}",https://pisces.bbystatic.com/image2/BestBuy_US/images/products/6424/6424761_sd.jpg,,https://www.google.com/search?q=ROCCAT%20ELO%20X%20STEREO%20HEADSET%20-%20Manufacturer%20Stock%20Image&source=lnms&tbm=isch&sa=X&ved=2ahUKEwi_sfHlpeb8AhUvhP0HHVD6B6oQ_AUoAnoECAEQBA&biw=1920&bih=1009&dpr=1,https://www.google.com/search?q=ROCCAT%20ELO%20X%20STEREO%20HEADSET%20-%20Manufacturer%20Stock%20Image&source=lnms&tbm=isch&sa=X&ved=2ahUKEwi_sfHlpeb8AhUvhP0HHVD6B6oQ_AUoAnoECAEQBA&biw=1920&bih=1009&dpr=1
"Toshiba Canvio Basic 2TB 2.5"" External Hard Drive",New Unsealed,1,399,399,850,850,Toshiba%20Canvio%20Basic%202TB%202.5%22%20External%20Hard%20Drive%20-%20Manufacturer%20Stock%20Image,https://images.search.yahoo.com/search/images?p=Toshiba%20Canvio%20Basic%202TB%202.5%22%20External%20Hard%20Drive%20-%20Manufacturer%20Stock%20Image,"{""tw"":""2510"",""th"":""1970"",""tc"":""0"",""rtc"":"""",""stc"":"""",""a"":""www.conrad.com"",""s"":""170.1KB"",""w"":""2510"",""h"":""1970"",""hq"":false,""o"":"""",""c"":"""",""p"":false,""g"":"""",""sm"":"""",""is"":"""",""icMeta"":[],""rurl"":""https:\/\/www.conrad.com\/p\/toshiba-canvio-basics-2-tb-25-external-hard-drive-usb-32-1st-gen-usb-30-matt-black-hdtb420ek3aa-1665118"",""sigr"":""KMKjIrIr9yJq"",""hturl"":"""",""ad"":false,""alt"":""Toshiba 
Canvio Basics 2 TB 2.5\u0026quot; external hard drive USB 3.2 1st Gen (USB 
3.0) Matt black 
..."",""rtl"":0,""iurl"":""https:\/\/asset.conrad.com\/media10\/isa\/160267\/c1\/-\/en\/1665118_RB_00_FB\/image.jpg"",""sigi"":""9fEUppy8Vr1j"",""ourl"":""https:\/\/asset.conrad.com\/media10\/isa\/160267\/c1\/-\/en\/1665118_RB_00_FB\/image.jpg"",""ith"":""https:\/\/tse4.mm.bing.net\/th?id=OIP.hNIMhk_9of9-WPYhDw5xEwHaF0\u0026pid=Api\u0026P=0\u0026w=300\u0026h=300"",""rb"":"";_ylt=Awrjbo.eMgNmJJIZ.1eJzbkF;_ylu=c2VjA3NyBHNsawNpbWcEb2lkAzkyMzEyOTIyZTg5MTczYzk2YWVhMTliYTU0YThiMWY2BGdwb3MDMgRpdANiaW5n"",""rs"":0,""typ"":""""}",https://asset.conrad.com/media10/isa/160267/c1/-/en/1665118_RB_00_FB/image.jpg,,https://www.google.com/search?q=Toshiba%20Canvio%20Basic%202TB%202.5%22%20External%20Hard%20Drive%20-%20Manufacturer%20Stock%20Image&source=lnms&tbm=isch&sa=X&ved=2ahUKEwi_sfHlpeb8AhUvhP0HHVD6B6oQ_AUoAnoECAEQBA&biw=1920&bih=1009&dpr=1,https://www.google.com/search?q=Toshiba%20Canvio%20Basic%202TB%202.5%22%20External%20Hard%20Drive%20-%20Manufacturer%20Stock%20Image&source=lnms&tbm=isch&sa=X&ved=2ahUKEwi_sfHlpeb8AhUvhP0HHVD6B6oQ_AUoAnoECAEQBA&biw=1920&bih=1009&dpr=1
SAMSUNG GALAXY BUDS+ Black,Brand New,0,539.8,0,820,0,SAMSUNG%20GALAXY%20BUDS%2B%20Black%20-%20Manufacturer%20Stock%20Image,https://images.search.yahoo.com/search/images?p=SAMSUNG%20GALAXY%20BUDS%2B%20Black%20-%20Manufacturer%20Stock%20Image,"{""tw"":116,""th"":116,""ad"":true,""typ"":""ad""}",https://www.3brothersmobiles.com.au/cdn/shop/products/429952-Product-0-I-637256616668739743_1000x1000_76d2a457-7f09-430f-92a8-d3b14a37179d_2048x2048.jpg?v=1591051342,#REF!,https://www.google.com/search?q=SAMSUNG%20GALAXY%20BUDS%2B%20Black%20-%20Manufacturer%20Stock%20Image&source=lnms&tbm=isch&sa=X&ved=2ahUKEwi_sfHlpeb8AhUvhP0HHVD6B6oQ_AUoAnoECAEQBA&biw=1920&bih=1009&dpr=1,https://www.google.com/search?q=SAMSUNG%20GALAXY%20BUDS%2B%20Black%20-%20Manufacturer%20Stock%20Image&source=lnms&tbm=isch&sa=X&ved=2ahUKEwi_sfHlpeb8AhUvhP0HHVD6B6oQ_AUoAnoECAEQBA&biw=1920&bih=1009&dpr=1
KitchenAid Artisan Blender Polycarbonate Pitcher with Lid,Brand New,2,0,0,820,1640,KitchenAid%20Artisan%20Blender%20Polycarbonate%20Pitcher%20with%20Lid%20-%20Manufacturer%20Stock%20Image,https://images.search.yahoo.com/search/images?p=KitchenAid%20Artisan%20Blender%20Polycarbonate%20Pitcher%20with%20Lid%20-%20Manufacturer%20Stock%20Image,Loading...,https://www.fandc.co.za/wp-content/uploads/2021/05/0017678-KA-Blender-PolyCarbon.jpg.webp,,https://www.google.com/search?q=KitchenAid%20Artisan%20Blender%20Polycarbonate%20Pitcher%20with%20Lid%20-%20Manufacturer%20Stock%20Image&source=lnms&tbm=isch&sa=X&ved=2ahUKEwi_sfHlpeb8AhUvhP0HHVD6B6oQ_AUoAnoECAEQBA&biw=1920&bih=1009&dpr=1,https://www.google.com/search?q=KitchenAid%20Artisan%20Blender%20Polycarbonate%20Pitcher%20with%20Lid%20-%20Manufacturer%20Stock%20Image&source=lnms&tbm=isch&sa=X&ved=2ahUKEwi_sfHlpeb8AhUvhP0HHVD6B6oQ_AUoAnoECAEQBA&biw=1920&bih=1009&dpr=1
RUSSELL HOBBS MICROWAVE WHITE 20L,Brand New,1,199,199,800,800,RUSSELL%20HOBBS%20MICROWAVE%20WHITE%2020L%20-%20Manufacturer%20Stock%20Image,https://images.search.yahoo.com/search/images?p=RUSSELL%20HOBBS%20MICROWAVE%20WHITE%2020L%20-%20Manufacturer%20Stock%20Image,,https://endoftheline.co.za/pub/media/catalog/product/cache/ba85da5c884995b771e188e609ded577/r/h/rhwem21l.png,,https://www.google.com/search?q=RUSSELL%20HOBBS%20MICROWAVE%20WHITE%2020L%20-%20Manufacturer%20Stock%20Image&source=lnms&tbm=isch&sa=X&ved=2ahUKEwi_sfHlpeb8AhUvhP0HHVD6B6oQ_AUoAnoECAEQBA&biw=1920&bih=1009&dpr=1,https://www.google.com/search?q=RUSSELL%20HOBBS%20MICROWAVE%20WHITE%2020L%20-%20Manufacturer%20Stock%20Image&source=lnms&tbm=isch&sa=X&ved=2ahUKEwi_sfHlpeb8AhUvhP0HHVD6B6oQ_AUoAnoECAEQBA&biw=1920&bih=1009&dpr=1
Sony XB13 EXTRA BASS Portable Wireless Speaker,Brand New,1,72,72,780,780,Sony%20XB13%20EXTRA%20BASS%20Portable%20Wireless%20Speaker%20-%20Manufacturer%20Stock%20Image,https://images.search.yahoo.com/search/images?p=Sony%20XB13%20EXTRA%20BASS%20Portable%20Wireless%20Speaker%20-%20Manufacturer%20Stock%20Image,"{""tw"":""1000"",""th"":""1000"",""tc"":""0"",""rtc"":"""",""stc"":"""",""a"":""www.dimprice.co.uk"",""s"":""88.4KB"",""w"":""1000"",""h"":""1000"",""hq"":false,""o"":"""",""c"":"""",""p"":false,""g"":"""",""sm"":"""",""is"":"""",""icMeta"":[],""rurl"":""https:\/\/www.dimprice.co.uk\/sony-srs-xb13-compact-portable-waterproof-extra-bass-wireless-bluetooth-speaker-black"",""sigr"":""lsd6LheLJ9bh"",""hturl"":"""",""ad"":false,""alt"":""Dimprice 
| Sony SRS-XB13 (Compact, Portable, Waterproof, Extra Bass) Wireless 
Bluetooth speaker 
..."",""rtl"":0,""iurl"":""https:\/\/www.dimprice.co.uk\/image\/cache\/catalog\/products_2022\/1-33-1000x1000.png"",""sigi"":""qaTPqMVRo5k5"",""ourl"":""https:\/\/www.dimprice.co.uk\/image\/cache\/catalog\/products_2022\/1-33-1000x1000.png"",""ith"":""https:\/\/tse3.mm.bing.net\/th?id=OIP.xiaMX8setvUP4046eDL6jQHaHa\u0026pid=Api\u0026P=0\u0026w=300\u0026h=300"",""rb"":"";_ylt=Awr93rz2MQNmeZoHWq2JzbkF;_ylu=c2VjA3NyBHNsawNpbWcEb2lkA2YyMWQ5ZTQ1MDg1YWQ4MGM0MjUxNTY1MDg2ZmQ3ZjMxBGdwb3MDMgRpdANiaW5n"",""rs"":0,""typ"":""""}",https://encrypted-tbn0.gstatic.com/images?q=tbn:ANd9GcQh41zHDWv7F8dk5W5GC6HdYKqRkxULAKxblcGUsmADfcSkMI2OstNZJ7fWaGwvBQ3A1Lw,,https://www.google.com/search?q=Sony%20XB13%20EXTRA%20BASS%20Portable%20Wireless%20Speaker%20-%20Manufacturer%20Stock%20Image&source=lnms&tbm=isch&sa=X&ved=2ahUKEwi_sfHlpeb8AhUvhP0HHVD6B6oQ_AUoAnoECAEQBA&biw=1920&bih=1009&dpr=1,https://www.google.com/search?q=Sony%20XB13%20EXTRA%20BASS%20Portable%20Wireless%20Speaker%20-%20Manufacturer%20Stock%20Image&source=lnms&tbm=isch&sa=X&ved=2ahUKEwi_sfHlpeb8AhUvhP0HHVD6B6oQ_AUoAnoECAEQBA&biw=1920&bih=1009&dpr=1
Russell Hobbs - Satin 1.75L Jug Blender - 650W,New Unsealed,2,299,598,750,1500,Russell%20Hobbs%20-%20Satin%201.75L%20Jug%20Blender%20-%20650W%20-%20Manufacturer%20Stock%20Image,https://images.search.yahoo.com/search/images?p=Russell%20Hobbs%20-%20Satin%201.75L%20Jug%20Blender%20-%20650W%20-%20Manufacturer%20Stock%20Image,,https://media.takealot.com/covers_tsins/43877925/43877925_1-pdpxl.jpg,,https://www.google.com/search?q=Russell%20Hobbs%20-%20Satin%201.75L%20Jug%20Blender%20-%20650W%20-%20Manufacturer%20Stock%20Image&source=lnms&tbm=isch&sa=X&ved=2ahUKEwi_sfHlpeb8AhUvhP0HHVD6B6oQ_AUoAnoECAEQBA&biw=1920&bih=1009&dpr=1,https://www.google.com/search?q=Russell%20Hobbs%20-%20Satin%201.75L%20Jug%20Blender%20-%20650W%20-%20Manufacturer%20Stock%20Image&source=lnms&tbm=isch&sa=X&ved=2ahUKEwi_sfHlpeb8AhUvhP0HHVD6B6oQ_AUoAnoECAEQBA&biw=1920&bih=1009&dpr=1
Russell Hobbs Glass Jug Blender RHB315,Brand New,1,489,489,750,750,Russell%20Hobbs%20Glass%20Jug%20Blender%20RHB315%20-%20Manufacturer%20Stock%20Image,https://images.search.yahoo.com/search/images?p=Russell%20Hobbs%20Glass%20Jug%20Blender%20RHB315%20-%20Manufacturer%20Stock%20Image,"{""tw"":""700"",""th"":""700"",""tc"":""0"",""rtc"":"""",""stc"":"""",""a"":""www.incredible.co.za"",""s"":""323.7KB"",""w"":""700"",""h"":""700"",""hq"":false,""o"":"""",""c"":"""",""p"":false,""g"":"""",""sm"":"""",""is"":"""",""icMeta"":[],""rurl"":""https:\/\/www.incredible.co.za\/russell-hobbs-glass-jug-blender-rhb315"",""sigr"":""O2pENiSEjRj0"",""hturl"":"""",""ad"":false,""alt"":""Russell 
Hobbs Jug Blender RHB315 - Incredible 
Connection"",""rtl"":0,""iurl"":""https:\/\/www.incredible.co.za\/media\/catalog\/product\/cache\/7ce9addd40d23ee411c2cc726ad5e7ed\/1\/0\/10064464_hfc_ecommerce_e72e.png"",""sigi"":""pBvX208vxP_J"",""ourl"":""https:\/\/www.incredible.co.za\/media\/catalog\/product\/cache\/7ce9addd40d23ee411c2cc726ad5e7ed\/1\/0\/10064464_hfc_ecommerce_e72e.png"",""ith"":""https:\/\/tse1.mm.bing.net\/th?id=OIP.pCUsgePGmCdcSO38jSxiWQHaHa\u0026pid=Api\u0026P=0\u0026w=300\u0026h=300"",""rb"":"";_ylt=Awr9_TdyMQNmGccI0AuJzbkF;_ylu=c2VjA3NyBHNsawNpbWcEb2lkAzBlZDViODkxMzljZjZhZDQ3ZGE3NmEzNDc1ZGUyMDQ1BGdwb3MDMQRpdANiaW5n"",""rs"":0,""typ"":""""}",https://www.incredible.co.za/media/catalog/product/cache/7ce9addd40d23ee411c2cc726ad5e7ed/1/0/10064464_hfc_ecommerce_e72e.png,,https://www.google.com/search?q=Russell%20Hobbs%20Glass%20Jug%20Blender%20RHB315%20-%20Manufacturer%20Stock%20Image&source=lnms&tbm=isch&sa=X&ved=2ahUKEwi_sfHlpeb8AhUvhP0HHVD6B6oQ_AUoAnoECAEQBA&biw=1920&bih=1009&dpr=1,https://www.google.com/search?q=Russell%20Hobbs%20Glass%20Jug%20Blender%20RHB315%20-%20Manufacturer%20Stock%20Image&source=lnms&tbm=isch&sa=X&ved=2ahUKEwi_sfHlpeb8AhUvhP0HHVD6B6oQ_AUoAnoECAEQBA&biw=1920&bih=1009&dpr=1
Logitech MX Anywhere 3 Mouse Pink,Brand New,4,0,0,750,3000,Logitech%20MX%20Anywhere%203%20Mouse%20Pink%20-%20Manufacturer%20Stock%20Image,https://images.search.yahoo.com/search/images?p=Logitech%20MX%20Anywhere%203%20Mouse%20Pink%20-%20Manufacturer%20Stock%20Image,"{""tw"":""800"",""th"":""800"",""tc"":""0"",""rtc"":"""",""stc"":"""",""a"":""www.mwave.com.au"",""s"":""37.9KB"",""w"":""800"",""h"":""800"",""hq"":false,""o"":"""",""c"":"""",""p"":false,""g"":"""",""sm"":"""",""is"":"""",""icMeta"":[],""rurl"":""https:\/\/www.mwave.com.au\/product\/logitech-mx-anywhere-3-wireless-mouse-rose-ac38406"",""sigr"":""somwTBeQKH8O"",""hturl"":"""",""ad"":false,""alt"":""Logitech 
MX Anywhere 3 Wireless Mouse - Rose - 910-005994 | 
Mwave"",""rtl"":0,""iurl"":""https:\/\/cdn.mwave.com.au\/images\/400\/logitech_mx_anywhere_3_wireless_mouse_rose_ac38406_5.jpg"",""sigi"":""2xu9PZzzxZ_P"",""ourl"":""https:\/\/cdn.mwave.com.au\/images\/400\/logitech_mx_anywhere_3_wireless_mouse_rose_ac38406_5.jpg"",""ith"":""https:\/\/tse4.mm.bing.net\/th?id=OIP.lLgQuDnkxK8SS52YwYJsXAHaHa\u0026pid=Api\u0026P=0\u0026w=300\u0026h=300"",""rb"":"";_ylt=Awr9.4dwMQNmZ4MZ.X.JzbkF;_ylu=c2VjA3NyBHNsawNpbWcEb2lkAzMyMmIxNzk1YmQwZGYxODIxOWEyODQwMDdlMTE2YzAzBGdwb3MDMgRpdANiaW5n"",""rs"":0,""typ"":""""}",https://cdn.mwave.com.au/images/400/logitech_mx_anywhere_3_wireless_mouse_rose_ac38406_5.jpg,,https://www.google.com/search?q=Logitech%20MX%20Anywhere%203%20Mouse%20Pink%20-%20Manufacturer%20Stock%20Image&source=lnms&tbm=isch&sa=X&ved=2ahUKEwi_sfHlpeb8AhUvhP0HHVD6B6oQ_AUoAnoECAEQBA&biw=1920&bih=1009&dpr=1,https://www.google.com/search?q=Logitech%20MX%20Anywhere%203%20Mouse%20Pink%20-%20Manufacturer%20Stock%20Image&source=lnms&tbm=isch&sa=X&ved=2ahUKEwi_sfHlpeb8AhUvhP0HHVD6B6oQ_AUoAnoECAEQBA&biw=1920&bih=1009&dpr=1
Samsung MLT-D205E Extra High Yield Black Laser Toner Cartridge,Brand New,1,750,750,750,750,Samsung%20MLT-D205E%20Extra%20High%20Yield%20Black%20Laser%20Toner%20Cartridge%20-%20Manufacturer%20Stock%20Image,https://images.search.yahoo.com/search/images?p=Samsung%20MLT-D205E%20Extra%20High%20Yield%20Black%20Laser%20Toner%20Cartridge%20-%20Manufacturer%20Stock%20Image,"{""tw"":""1024"",""th"":""683"",""tc"":""0"",""rtc"":"""",""stc"":"""",""a"":""myhp.co.za"",""s"":""253.0KB"",""w"":""1024"",""h"":""683"",""hq"":false,""o"":"""",""c"":"""",""p"":false,""g"":"""",""sm"":"""",""is"":"""",""icMeta"":[],""rurl"":""https:\/\/myhp.co.za\/product\/samsung-mlt-d205e-extra-high-yield-black-toner-cartridge\/"",""sigr"":""Lh3y3b9x0xSL"",""hturl"":"""",""ad"":false,""alt"":""Samsung 
MLT-D205E Extra High Yield Black Toner Cartridge - 
MyHP"",""rtl"":0,""iurl"":""https:\/\/myhp.co.za\/product\/samsung-mlt-d205e-extra-high-yield-black-toner-cartridge\/SU953A.jpg"",""sigi"":""mjQZqajbL2VK"",""ourl"":""https:\/\/myhp.co.za\/product\/samsung-mlt-d205e-extra-high-yield-black-toner-cartridge\/SU953A.jpg"",""ith"":""https:\/\/tse1.mm.bing.net\/th?id=OIP.nU6Da0aqiVv5ua9bzi6r7AHaE8\u0026pid=Api\u0026P=0\u0026w=300\u0026h=300"",""rb"":"";_ylt=Awrjbo_TBwNm5TAWLHeJzbkF;_ylu=c2VjA3NyBHNsawNpbWcEb2lkAzdlZjQxYjU0NWFkMTY5YzZjOGE4NzY4NGE2NWQ3YTJhBGdwb3MDMwRpdANiaW5n"",""rs"":0,""typ"":""""}",https://i.pinimg.com/originals/30/34/30/3034305bf7298e16d89fc876f1ccaaed.jpg,,https://www.google.com/search?q=Samsung%20MLT-D205E%20Extra%20High%20Yield%20Black%20Laser%20Toner%20Cartridge%20-%20Manufacturer%20Stock%20Image&source=lnms&tbm=isch&sa=X&ved=2ahUKEwi_sfHlpeb8AhUvhP0HHVD6B6oQ_AUoAnoECAEQBA&biw=1920&bih=1009&dpr=1,https://www.google.com/search?q=Samsung%20MLT-D205E%20Extra%20High%20Yield%20Black%20Laser%20Toner%20Cartridge%20-%20Manufacturer%20Stock%20Image&source=lnms&tbm=isch&sa=X&ved=2ahUKEwi_sfHlpeb8AhUvhP0HHVD6B6oQ_AUoAnoECAEQBA&biw=1920&bih=1009&dpr=1
Xiaomi Outdoor Camera AW200 - White,Brand New,4,509.4,2037.6,700,2800,Xiaomi%20Outdoor%20Camera%20AW200%20-%20White%20-%20Manufacturer%20Stock%20Image,https://images.search.yahoo.com/search/images?p=Xiaomi%20Outdoor%20Camera%20AW200%20-%20White%20-%20Manufacturer%20Stock%20Image,,https://www.gigahertz.com.ph/cdn/shop/products/68806a9b07cbd064e688eabcea3ced69_1024x.jpg?v=1678773923,,https://www.google.com/search?q=Xiaomi%20Outdoor%20Camera%20AW200%20-%20White%20-%20Manufacturer%20Stock%20Image&source=lnms&tbm=isch&sa=X&ved=2ahUKEwi_sfHlpeb8AhUvhP0HHVD6B6oQ_AUoAnoECAEQBA&biw=1920&bih=1009&dpr=1,https://www.google.com/search?q=Xiaomi%20Outdoor%20Camera%20AW200%20-%20White%20-%20Manufacturer%20Stock%20Image&source=lnms&tbm=isch&sa=X&ved=2ahUKEwi_sfHlpeb8AhUvhP0HHVD6B6oQ_AUoAnoECAEQBA&biw=1920&bih=1009&dpr=1
Bennett Read Tough 12 Wet-Dry-Blow Vacuum Cleaner,New Unsealed,5,299,1495,700,3500,Bennett%20Read%20Tough%2012%20Wet-Dry-Blow%20Vacuum%20Cleaner%20-%20Manufacturer%20Stock%20Image,https://images.search.yahoo.com/search/images?p=Bennett%20Read%20Tough%2012%20Wet-Dry-Blow%20Vacuum%20Cleaner%20-%20Manufacturer%20Stock%20Image,"{""tw"":""700"",""th"":""700"",""tc"":""0"",""rtc"":"""",""stc"":"""",""a"":""www.chamberlains.co.za"",""s"":""16.8KB"",""w"":""700"",""h"":""700"",""hq"":false,""o"":"""",""c"":"""",""p"":false,""g"":"""",""sm"":"""",""is"":"""",""icMeta"":[],""rurl"":""https:\/\/www.chamberlains.co.za\/bennett-read-tough-12-wet-dry-blow-vacuum-cleaner-12l-hvc212-1080675"",""sigr"":""79rmpGLRq7aM"",""hturl"":"""",""ad"":false,""alt"":""Bennett 
Read Tough 12 Wet-Dry-Blow Vacuum Cleaner 12L HVC212 | 
Chamberlain"",""rtl"":0,""iurl"":""https:\/\/www.chamberlains.co.za\/media\/catalog\/product\/cache\/105286a510b4ac55b3ea70e15d8d492a\/1\/0\/1080675_7f12.jpg"",""sigi"":""zI0oY_Q_Q49Z"",""ourl"":""https:\/\/www.chamberlains.co.za\/media\/catalog\/product\/cache\/105286a510b4ac55b3ea70e15d8d492a\/1\/0\/1080675_7f12.jpg"",""ith"":""https:\/\/tse3.mm.bing.net\/th?id=OIP.80DbnnD5PdTuJrgr0xeNAQHaHa\u0026pid=Api\u0026P=0\u0026w=300\u0026h=300"",""rb"":"";_ylt=AwrOo.P5MQNmJWYZQtCJzbkF;_ylu=c2VjA3NyBHNsawNpbWcEb2lkAzYzNzFkNWFkNjFkMzk2ZjgzNWYyOGJiNjg3ODdkMGFhBGdwb3MDMgRpdANiaW5n"",""rs"":0,""typ"":""""}",https://www.chamberlains.co.za/media/catalog/product/cache/105286a510b4ac55b3ea70e15d8d492a/1/0/1080675_7f12.jpg,,https://www.google.com/search?q=Bennett%20Read%20Tough%2012%20Wet-Dry-Blow%20Vacuum%20Cleaner%20-%20Manufacturer%20Stock%20Image&source=lnms&tbm=isch&sa=X&ved=2ahUKEwi_sfHlpeb8AhUvhP0HHVD6B6oQ_AUoAnoECAEQBA&biw=1920&bih=1009&dpr=1,https://www.google.com/search?q=Bennett%20Read%20Tough%2012%20Wet-Dry-Blow%20Vacuum%20Cleaner%20-%20Manufacturer%20Stock%20Image&source=lnms&tbm=isch&sa=X&ved=2ahUKEwi_sfHlpeb8AhUvhP0HHVD6B6oQ_AUoAnoECAEQBA&biw=1920&bih=1009&dpr=1
TP Link VIGI C400HP 3MP Turret Network Camera,Brand New,9,239,2151,697.5,6277.5,TP%20Link%20VIGI%20C400HP%203MP%20Turret%20Network%20Camera%20-%20Manufacturer%20Stock%20Image,https://images.search.yahoo.com/search/images?p=TP%20Link%20VIGI%20C400HP%203MP%20Turret%20Network%20Camera%20-%20Manufacturer%20Stock%20Image,,https://static.tp-link.com/C400HP-4_UN_1.0_04_normal_1614828856953z.jpg,,https://www.google.com/search?q=TP%20Link%20VIGI%20C400HP%203MP%20Turret%20Network%20Camera%20-%20Manufacturer%20Stock%20Image&source=lnms&tbm=isch&sa=X&ved=2ahUKEwi_sfHlpeb8AhUvhP0HHVD6B6oQ_AUoAnoECAEQBA&biw=1920&bih=1009&dpr=1,https://www.google.com/search?q=TP%20Link%20VIGI%20C400HP%203MP%20Turret%20Network%20Camera%20-%20Manufacturer%20Stock%20Image&source=lnms&tbm=isch&sa=X&ved=2ahUKEwi_sfHlpeb8AhUvhP0HHVD6B6oQ_AUoAnoECAEQBA&biw=1920&bih=1009&dpr=1
TP-Link VIGI C440-W 4MP Full-Color Wi-Fi Turret Network Camera,Brand New,4,239,956,697.5,2790,TP-Link%20VIGI%20C440-W%204MP%20Full-Color%20Wi-Fi%20Turret%20Network%20Camera%20-%20Manufacturer%20Stock%20Image,https://images.search.yahoo.com/search/images?p=TP-Link%20VIGI%20C440-W%204MP%20Full-Color%20Wi-Fi%20Turret%20Network%20Camera%20-%20Manufacturer%20Stock%20Image,"{""tw"":""590"",""th"":""590"",""tc"":""0"",""rtc"":"""",""stc"":"""",""a"":""www.tp-link.com"",""s"":""100.8KB"",""w"":""590"",""h"":""590"",""hq"":false,""o"":"""",""c"":"""",""p"":false,""g"":"""",""sm"":"""",""is"":"""",""icMeta"":[],""rurl"":""https:\/\/www.tp-link.com\/id\/business-networking\/vigi-network-camera\/vigi-c440-w\/"",""sigr"":""L8r667koh8jg"",""hturl"":"""",""ad"":false,""alt"":""VIGI 
C440-W | VIGI 4MP Full-Color Wi-Fi Turret Network Camera | TP-Link 
Indonesia"",""rtl"":0,""iurl"":""https:\/\/static.tp-link.com\/upload\/image-line\/1_normal_20220727093648b.jpg"",""sigi"":""m6ucTDgebbTQ"",""ourl"":""https:\/\/static.tp-link.com\/upload\/image-line\/1_normal_20220727093648b.jpg"",""ith"":""https:\/\/tse1.mm.bing.net\/th?id=OIP.NONfeaA7oepT1xK7qJz3kgHaHa\u0026pid=Api\u0026P=0\u0026w=300\u0026h=300"",""rb"":"";_ylt=Awrjff3UBwNmAUsW0WOJzbkF;_ylu=c2VjA3NyBHNsawNpbWcEb2lkAzI0OWRkYzVlOWUzNWMwYmY3NzJlNTFkZmYxMGExNDk1BGdwb3MDMQRpdANiaW5n"",""rs"":0,""typ"":""""}",https://cdn.mwave.com.au/images/400/tplink_vigi_c440w_4mp_wifi_fullcolour_turret_network_camera_4mm_lens_ac58138.jpg,,https://www.google.com/search?q=TP-Link%20VIGI%20C440-W%204MP%20Full-Color%20Wi-Fi%20Turret%20Network%20Camera%20-%20Manufacturer%20Stock%20Image&source=lnms&tbm=isch&sa=X&ved=2ahUKEwi_sfHlpeb8AhUvhP0HHVD6B6oQ_AUoAnoECAEQBA&biw=1920&bih=1009&dpr=1,https://www.google.com/search?q=TP-Link%20VIGI%20C440-W%204MP%20Full-Color%20Wi-Fi%20Turret%20Network%20Camera%20-%20Manufacturer%20Stock%20Image&source=lnms&tbm=isch&sa=X&ved=2ahUKEwi_sfHlpeb8AhUvhP0HHVD6B6oQ_AUoAnoECAEQBA&biw=1920&bih=1009&dpr=1
TP-Link VIGI C450 5MP Full-Color Turret Network Camera (4mm),Brand New,1,239,239,697.5,697.5,TP-Link%20VIGI%20C450%205MP%20Full-Color%20Turret%20Network%20Camera%20%284mm%29%20-%20Manufacturer%20Stock%20Image,https://images.search.yahoo.com/search/images?p=TP-Link%20VIGI%20C450%205MP%20Full-Color%20Turret%20Network%20Camera%20%284mm%29%20-%20Manufacturer%20Stock%20Image,"{""tw"":""1000"",""th"":""1000"",""tc"":""0"",""rtc"":"""",""stc"":"""",""a"":""www.tp-link.com"",""s"":""294.3KB"",""w"":""1000"",""h"":""1000"",""hq"":false,""o"":"""",""c"":"""",""p"":false,""g"":"""",""sm"":"""",""is"":"""",""icMeta"":[],""rurl"":""https:\/\/www.tp-link.com\/my\/business-networking\/vigi-network-camera\/vigi-c450\/"",""sigr"":""oALu_Qxt7Bnj"",""hturl"":"""",""ad"":false,""alt"":""VIGI 
C450 | VIGI 5MP Full-Color Turret Network Camera | TP-Link 
Malaysia"",""rtl"":0,""iurl"":""https:\/\/static.tp-link.com\/upload\/image-line\/01_large_20230512034853p.jpg"",""sigi"":""IttIZejs5j_Y"",""ourl"":""https:\/\/static.tp-link.com\/upload\/image-line\/01_large_20230512034853p.jpg"",""ith"":""https:\/\/tse2.mm.bing.net\/th?id=OIP.OnRA4jHxsXKZ_pkAFOyOjwHaHa\u0026pid=Api\u0026P=0\u0026w=300\u0026h=300"",""rb"":"";_ylt=Awr9_TcoCANmtjoEPyiJzbkF;_ylu=c2VjA3NyBHNsawNpbWcEb2lkAzBlNjJiMzY4MmJlNzhlNTUwYzY5NTUzM2YyOTI0YThiBGdwb3MDMQRpdANiaW5n"",""rs"":0,""typ"":""""}",https://static.tp-link.com/upload/image-line/01_thumb_20230512034853j.jpg,,https://www.google.com/search?q=TP-Link%20VIGI%20C450%205MP%20Full-Color%20Turret%20Network%20Camera%20%284mm%29%20-%20Manufacturer%20Stock%20Image&source=lnms&tbm=isch&sa=X&ved=2ahUKEwi_sfHlpeb8AhUvhP0HHVD6B6oQ_AUoAnoECAEQBA&biw=1920&bih=1009&dpr=1,https://www.google.com/search?q=TP-Link%20VIGI%20C450%205MP%20Full-Color%20Turret%20Network%20Camera%20%284mm%29%20-%20Manufacturer%20Stock%20Image&source=lnms&tbm=isch&sa=X&ved=2ahUKEwi_sfHlpeb8AhUvhP0HHVD6B6oQ_AUoAnoECAEQBA&biw=1920&bih=1009&dpr=1
JBL Go 3 Red,Brand New,1,199,199,680,680,JBL%20Go%203%20Red%20-%20Manufacturer%20Stock%20Image,https://images.search.yahoo.com/search/images?p=JBL%20Go%203%20Red%20-%20Manufacturer%20Stock%20Image,"{""tw"":""1500"",""th"":""1500"",""tc"":""0"",""rtc"":"""",""stc"":"""",""a"":""www.bhphotovideo.com"",""s"":""404.7KB"",""w"":""1500"",""h"":""1500"",""hq"":false,""o"":"""",""c"":"""",""p"":false,""g"":"""",""sm"":"""",""is"":"""",""icMeta"":[],""rurl"":""https:\/\/www.bhphotovideo.com\/c\/product\/1583010-REG\/jbl_jblgo3redam_go_3_portable_bluetooth.html\/reviews"",""sigr"":""a32w737FqrAH"",""hturl"":"""",""ad"":false,""alt"":""JBL 
Go 3 Portable Bluetooth Speaker (Red) JBLGO3REDAM B\u0026H 
Photo"",""rtl"":0,""iurl"":""https:\/\/www.bhphotovideo.com\/images\/images1500x1500\/jbl_jblgo3redam_go_3_portable_bluetooth_1583010.jpg"",""sigi"":""b2Uq6OZrHcF5"",""ourl"":""https:\/\/www.bhphotovideo.com\/images\/images1500x1500\/jbl_jblgo3redam_go_3_portable_bluetooth_1583010.jpg"",""ith"":""https:\/\/tse4.mm.bing.net\/th?id=OIP.AIw35sIxihEXIuyOYC7zPwHaHa\u0026pid=Api\u0026P=0\u0026w=300\u0026h=300"",""rb"":"";_ylt=Awr9_TdrMQNm0LUHf_aJzbkF;_ylu=c2VjA3NyBHNsawNpbWcEb2lkA2MyNWY2YmRiYmQ5ZGE3MmE2MWJmNDhjMDM1OGM4M2I2BGdwb3MDMQRpdANiaW5n"",""rs"":0,""typ"":""""}",https://www.bhphotovideo.com/images/images1500x1500/jbl_jblgo3redam_go_3_portable_bluetooth_1583010.jpg,,https://www.google.com/search?q=JBL%20Go%203%20Red%20-%20Manufacturer%20Stock%20Image&source=lnms&tbm=isch&sa=X&ved=2ahUKEwi_sfHlpeb8AhUvhP0HHVD6B6oQ_AUoAnoECAEQBA&biw=1920&bih=1009&dpr=1,https://www.google.com/search?q=JBL%20Go%203%20Red%20-%20Manufacturer%20Stock%20Image&source=lnms&tbm=isch&sa=X&ved=2ahUKEwi_sfHlpeb8AhUvhP0HHVD6B6oQ_AUoAnoECAEQBA&biw=1920&bih=1009&dpr=1
Technicolor TG789VAC v2 ADSL/VDSL Wireless AC Router with VoIP Wi-Fi Router,Brand New,14,199,2786,650,9100,Technicolor%20TG789VAC%20v2%20ADSL%2FVDSL%20Wireless%20AC%20Router%20with%20VoIP%20Wi-Fi%20Router%20-%20Manufacturer%20Stock%20Image,https://images.search.yahoo.com/search/images?p=Technicolor%20TG789VAC%20v2%20ADSL%2FVDSL%20Wireless%20AC%20Router%20with%20VoIP%20Wi-Fi%20Router%20-%20Manufacturer%20Stock%20Image,"{""tw"":""1024"",""th"":""576"",""tc"":""0"",""rtc"":"""",""stc"":"""",""a"":""www.choice.com.au"",""s"":""42.5KB"",""w"":""1024"",""h"":""576"",""hq"":false,""o"":"""",""c"":"""",""p"":false,""g"":"""",""sm"":"""",""is"":"""",""icMeta"":[],""rurl"":""https:\/\/www.choice.com.au\/products\/electronics-and-technology\/internet\/connecting-to-the-internet\/technicolor-tg789vac-v2-internode"",""sigr"":""fK.YM48ou.qT"",""hturl"":"""",""ad"":false,""alt"":""Technicolor 
TG789vac v2 (Internode) Review | NBN gateways | 
CHOICE"",""rtl"":0,""iurl"":""https:\/\/pdbimg.choice.com.au\/technicolor-tg789vac-v2-internode_3.jpg?w=1000\u0026jq=80"",""sigi"":""D_OEUwjllH_6"",""ourl"":""https:\/\/pdbimg.choice.com.au\/technicolor-tg789vac-v2-internode_3.jpg?w=1000\u0026jq=80"",""ith"":""https:\/\/tse3.mm.bing.net\/th?id=OIP.1CuJPYIcuDv63x6S_muPxwHaEK\u0026pid=Api\u0026P=0\u0026w=300\u0026h=300"",""rb"":"";_ylt=Awr9_TfmCANm03EF8ECJzbkF;_ylu=c2VjA3NyBHNsawNpbWcEb2lkA2FjMzRmYzMxMTY2ZDRlZjlhNGRhYzk5NGNmMjk1YjI5BGdwb3MDMgRpdANiaW5n"",""rs"":0,""typ"":""""}",https://images-na.ssl-images-amazon.com/images/I/41GnTlz%2BOSL.jpg,,https://www.google.com/search?q=Technicolor%20TG789VAC%20v2%20ADSL%2FVDSL%20Wireless%20AC%20Router%20with%20VoIP%20Wi-Fi%20Router%20-%20Manufacturer%20Stock%20Image&source=lnms&tbm=isch&sa=X&ved=2ahUKEwi_sfHlpeb8AhUvhP0HHVD6B6oQ_AUoAnoECAEQBA&biw=1920&bih=1009&dpr=1,https://www.google.com/search?q=Technicolor%20TG789VAC%20v2%20ADSL%2FVDSL%20Wireless%20AC%20Router%20with%20VoIP%20Wi-Fi%20Router%20-%20Manufacturer%20Stock%20Image&source=lnms&tbm=isch&sa=X&ved=2ahUKEwi_sfHlpeb8AhUvhP0HHVD6B6oQ_AUoAnoECAEQBA&biw=1920&bih=1009&dpr=1
Logitech M720 Triathlon Bluetooth Mouse,Brand New,4,193,772,650,2600,Logitech%20M720%20Triathlon%20Bluetooth%20Mouse%20-%20Manufacturer%20Stock%20Image,https://images.search.yahoo.com/search/images?p=Logitech%20M720%20Triathlon%20Bluetooth%20Mouse%20-%20Manufacturer%20Stock%20Image,"{""tw"":""2216"",""th"":""1240"",""tc"":""0"",""rtc"":"""",""stc"":"""",""a"":""www.conrad.com"",""s"":""129.4KB"",""w"":""2216"",""h"":""1240"",""hq"":false,""o"":"""",""c"":"""",""p"":false,""g"":"""",""sm"":"""",""is"":"""",""icMeta"":[],""rurl"":""https:\/\/www.conrad.com\/p\/logitech-m720-triathlon-wireless-mouse-bluetooth-radio-optical-black-8-buttons-1000-dpi-1507138"",""sigr"":""1npYdAeyKpV_"",""hturl"":"""",""ad"":false,""alt"":""Logitech 
M720 Triathlon Wireless mouse Bluetooth\u00ae, Radio Optical Black 8 
Buttons 1000 dpi 
..."",""rtl"":0,""iurl"":""https:\/\/asset.conrad.com\/media10\/isa\/160267\/c1\/-\/en\/1507138_ZB_03_FB\/image.jpg"",""sigi"":""jgvIqqWkkCKo"",""ourl"":""https:\/\/asset.conrad.com\/media10\/isa\/160267\/c1\/-\/en\/1507138_ZB_03_FB\/image.jpg"",""ith"":""https:\/\/tse1.mm.bing.net\/th?id=OIP.0f5SyBIGZ_LkdHILNtcYigHaEJ\u0026pid=Api\u0026P=0\u0026w=300\u0026h=300"",""rb"":"";_ylt=Awrjbo9yMQNmw5QZ8UmJzbkF;_ylu=c2VjA3NyBHNsawNpbWcEb2lkAzEyYTQxYzQyZmYwZTlkNjkwYmYxOGY4NzA3OWZjZDMzBGdwb3MDMgRpdANiaW5n"",""rs"":0,""typ"":""""}",https://pisces.bbystatic.com/image2/BestBuy_US/images/products/5592/5592421_sd.jpg,,https://www.google.com/search?q=Logitech%20M720%20Triathlon%20Bluetooth%20Mouse%20-%20Manufacturer%20Stock%20Image&source=lnms&tbm=isch&sa=X&ved=2ahUKEwi_sfHlpeb8AhUvhP0HHVD6B6oQ_AUoAnoECAEQBA&biw=1920&bih=1009&dpr=1,https://www.google.com/search?q=Logitech%20M720%20Triathlon%20Bluetooth%20Mouse%20-%20Manufacturer%20Stock%20Image&source=lnms&tbm=isch&sa=X&ved=2ahUKEwi_sfHlpeb8AhUvhP0HHVD6B6oQ_AUoAnoECAEQBA&biw=1920&bih=1009&dpr=1
TP Link VIGI C400HP 3MP Turret Network Camera (2.8mm),Brand New,9,215,1935,637.5,5737.5,TP%20Link%20VIGI%20C400HP%203MP%20Turret%20Network%20Camera%20%282.8mm%29%20-%20Manufacturer%20Stock%20Image,https://images.search.yahoo.com/search/images?p=TP%20Link%20VIGI%20C400HP%203MP%20Turret%20Network%20Camera%20%282.8mm%29%20-%20Manufacturer%20Stock%20Image,Loading...,https://static.tp-link.com/C400HP-4_UN_1.0_02_normal_1599102467446b.jpg,,https://www.google.com/search?q=TP%20Link%20VIGI%20C400HP%203MP%20Turret%20Network%20Camera%20%282.8mm%29%20-%20Manufacturer%20Stock%20Image&source=lnms&tbm=isch&sa=X&ved=2ahUKEwi_sfHlpeb8AhUvhP0HHVD6B6oQ_AUoAnoECAEQBA&biw=1920&bih=1009&dpr=1,https://www.google.com/search?q=TP%20Link%20VIGI%20C400HP%203MP%20Turret%20Network%20Camera%20%282.8mm%29%20-%20Manufacturer%20Stock%20Image&source=lnms&tbm=isch&sa=X&ved=2ahUKEwi_sfHlpeb8AhUvhP0HHVD6B6oQ_AUoAnoECAEQBA&biw=1920&bih=1009&dpr=1
TP-Link VIGI C430I-2.8 3MP IR Turret Network Camera (2.8mm),Brand New,9,215,1935,637.5,5737.5,TP-Link%20VIGI%20C430I-2.8%203MP%20IR%20Turret%20Network%20Camera%20%282.8mm%29%20-%20Manufacturer%20Stock%20Image,https://images.search.yahoo.com/search/images?p=TP-Link%20VIGI%20C430I-2.8%203MP%20IR%20Turret%20Network%20Camera%20%282.8mm%29%20-%20Manufacturer%20Stock%20Image,Loading...,https://www.terrabyt.com/image/cache/catalog/vigi-c430I-700x700.png,,https://www.google.com/search?q=TP-Link%20VIGI%20C430I-2.8%203MP%20IR%20Turret%20Network%20Camera%20%282.8mm%29%20-%20Manufacturer%20Stock%20Image&source=lnms&tbm=isch&sa=X&ved=2ahUKEwi_sfHlpeb8AhUvhP0HHVD6B6oQ_AUoAnoECAEQBA&biw=1920&bih=1009&dpr=1,https://www.google.com/search?q=TP-Link%20VIGI%20C430I-2.8%203MP%20IR%20Turret%20Network%20Camera%20%282.8mm%29%20-%20Manufacturer%20Stock%20Image&source=lnms&tbm=isch&sa=X&ved=2ahUKEwi_sfHlpeb8AhUvhP0HHVD6B6oQ_AUoAnoECAEQBA&biw=1920&bih=1009&dpr=1
TP-Link VIGI C430-2.8 3MP Full-Color Turret Network Camera,Brand New,7,215,1505,637.5,4462.5,TP-Link%20VIGI%20C430-2.8%203MP%20Full-Color%20Turret%20Network%20Camera%20-%20Manufacturer%20Stock%20Image,https://images.search.yahoo.com/search/images?p=TP-Link%20VIGI%20C430-2.8%203MP%20Full-Color%20Turret%20Network%20Camera%20-%20Manufacturer%20Stock%20Image,"{""tw"":""599"",""th"":""449"",""tc"":""0"",""rtc"":"""",""stc"":"""",""a"":""www.tp-link.com"",""s"":""144.7KB"",""w"":""599"",""h"":""449"",""hq"":false,""o"":"""",""c"":"""",""p"":false,""g"":"""",""sm"":"""",""is"":"""",""icMeta"":[],""rurl"":""https:\/\/www.tp-link.com\/nl-be\/business-networking\/vigi-network-camera\/vigi-c430\/"",""sigr"":""njUZ5LrHkQn_"",""hturl"":"""",""ad"":false,""alt"":""VIGI 
C430 | VIGI 3MP Full-Color Turret Network Camera | TP Link 
Belgi\u00eb"",""rtl"":0,""iurl"":""https:\/\/static-product.tp-link.com\/vigi-c430_v1\/img\/l1.png"",""sigi"":""7GQp9HUU_j2M"",""ourl"":""https:\/\/static-product.tp-link.com\/vigi-c430_v1\/img\/l1.png"",""ith"":""https:\/\/tse3.mm.bing.net\/th?id=OIP.CyM6EniL8lg99OLiLAZV1wHaFj\u0026pid=Api\u0026P=0\u0026w=300\u0026h=300"",""rb"":"";_ylt=Awrjff3xJwNmZ0YWlG6JzbkF;_ylu=c2VjA3NyBHNsawNpbWcEb2lkA2UxNGFlYzBhMjYyMjczZjU3M2RkMTZhMWJmNDkxNzA1BGdwb3MDMgRpdANiaW5n"",""rs"":0,""typ"":""""}",https://static.tp-link.com/upload/image-line/0_normal_20221121063254g.jpg,,https://www.google.com/search?q=TP-Link%20VIGI%20C430-2.8%203MP%20Full-Color%20Turret%20Network%20Camera%20-%20Manufacturer%20Stock%20Image&source=lnms&tbm=isch&sa=X&ved=2ahUKEwi_sfHlpeb8AhUvhP0HHVD6B6oQ_AUoAnoECAEQBA&biw=1920&bih=1009&dpr=1,https://www.google.com/search?q=TP-Link%20VIGI%20C430-2.8%203MP%20Full-Color%20Turret%20Network%20Camera%20-%20Manufacturer%20Stock%20Image&source=lnms&tbm=isch&sa=X&ved=2ahUKEwi_sfHlpeb8AhUvhP0HHVD6B6oQ_AUoAnoECAEQBA&biw=1920&bih=1009&dpr=1
Western Digital Green SN350 M.2 480 GB PC Express 3.0 NVMe Drive,Brand New,1,479,479,600,600,Western%20Digital%20Green%20SN350%20M.2%20480%20GB%20PC%20Express%203.0%20NVMe%20Drive%20-%20Manufacturer%20Stock%20Image,https://images.search.yahoo.com/search/images?p=Western%20Digital%20Green%20SN350%20M.2%20480%20GB%20PC%20Express%203.0%20NVMe%20Drive%20-%20Manufacturer%20Stock%20Image,"{""tw"":""1500"",""th"":""1022"",""tc"":""0"",""rtc"":"""",""stc"":"""",""a"":""www.mundohardware.com.ar"",""s"":""80.7KB"",""w"":""1500"",""h"":""1022"",""hq"":false,""o"":"""",""c"":"""",""p"":false,""g"":"""",""sm"":"""",""is"":"""",""icMeta"":[],""rurl"":""https:\/\/www.mundohardware.com.ar\/almacenamiento\/disco-solido-m.2\/265166-almacenamiento-disco-solido-m.2-western-digital-green-sn350-480gb.html"",""sigr"":""eoZVGrylzcIh"",""hturl"":"""",""ad"":false,""alt"":""Almacenamiento 
Disco S\u00f3lido M.2 Western Digital Green SN350 480GB | Mundo 
Hardware"",""rtl"":0,""iurl"":""https:\/\/www.qloud.ar\/SITES\/IMG\/m-y-m-computacion-06-2020\/0000000000000718037882406_2.jpg"",""sigi"":""HhFwJMrVENgz"",""ourl"":""https:\/\/www.qloud.ar\/SITES\/IMG\/m-y-m-computacion-06-2020\/0000000000000718037882406_2.jpg"",""ith"":""https:\/\/tse2.mm.bing.net\/th?id=OIP.KfwrhQNpkAs_5_nDNjRPywHaFC\u0026pid=Api\u0026P=0\u0026w=300\u0026h=300"",""rb"":"";_ylt=Awrjff1LCANmOXQVlheJzbkF;_ylu=c2VjA3NyBHNsawNpbWcEb2lkAzM4NmNjZmNmOTg2MmJlZmUwMmE3YzQ4OGFkNGIyZTc1BGdwb3MDMgRpdANiaW5n"",""rs"":0,""typ"":""""}",https://www.qloud.ar/SITES/IMG/m-y-m-computacion-06-2020/0000000000000718037882406_2.jpg,,https://www.google.com/search?q=Western%20Digital%20Green%20SN350%20M.2%20480%20GB%20PC%20Express%203.0%20NVMe%20Drive%20-%20Manufacturer%20Stock%20Image&source=lnms&tbm=isch&sa=X&ved=2ahUKEwi_sfHlpeb8AhUvhP0HHVD6B6oQ_AUoAnoECAEQBA&biw=1920&bih=1009&dpr=1,https://www.google.com/search?q=Western%20Digital%20Green%20SN350%20M.2%20480%20GB%20PC%20Express%203.0%20NVMe%20Drive%20-%20Manufacturer%20Stock%20Image&source=lnms&tbm=isch&sa=X&ved=2ahUKEwi_sfHlpeb8AhUvhP0HHVD6B6oQ_AUoAnoECAEQBA&biw=1920&bih=1009&dpr=1
Camp Master Dome Tent 320,Brand New,2,199,398,580,1160,Camp%20Master%20Dome%20Tent%20320%20-%20Manufacturer%20Stock%20Image,https://images.search.yahoo.com/search/images?p=Camp%20Master%20Dome%20Tent%20320%20-%20Manufacturer%20Stock%20Image,"{""tw"":""768"",""th"":""768"",""tc"":""0"",""rtc"":"""",""stc"":"""",""a"":""www.campmaster.co.za"",""s"":""24.3KB"",""w"":""768"",""h"":""768"",""hq"":false,""o"":"""",""c"":"""",""p"":false,""g"":"""",""sm"":"""",""is"":"""",""icMeta"":[],""rurl"":""https:\/\/www.campmaster.co.za\/product\/camp-dome-320-tent\/"",""sigr"":""EAkyOaPeIuIo"",""hturl"":"""",""ad"":false,""alt"":""CAMP 
DOME 320 TENT | Camp 
Master"",""rtl"":0,""iurl"":""https:\/\/www.campmaster.co.za\/storage\/2022\/06\/camp-master-camp-dome-320-tent-min-768x768.jpg"",""sigi"":""ixNShYNWh3BV"",""ourl"":""https:\/\/www.campmaster.co.za\/storage\/2022\/06\/camp-master-camp-dome-320-tent-min-768x768.jpg"",""ith"":""https:\/\/tse4.mm.bing.net\/th?id=OIP.ZsgEh7mGzGJ34e2gi7YibQHaHa\u0026pid=Api\u0026P=0\u0026w=300\u0026h=300"",""rb"":"";_ylt=Awrjbo9tMQNmAR4ZjaqJzbkF;_ylu=c2VjA3NyBHNsawNpbWcEb2lkAzlhMmUxMmE3NzYwZDc5MTljNmEzMDlkOWMzZjZiMmZhBGdwb3MDMQRpdANiaW5n"",""rs"":0,""typ"":""""}",https://api-beta-game.walmart.com/medias/Default-Product-Default-WF-null?context=bWFzdGVyfHByb2Nlc3NlZHwxNzkwN3xpbWFnZS9qcGVnfGFHRXlMMmhsTWk4eE1UYzVPVFF6TWpBMk9URTFNQzlFWldaaGRXeDBMVkJ5YjJSMVkzUmZSR1ZtWVhWc2RDMVhSbDl1ZFd4c3xiNWJmMGM0ZDk5MDFhZGVhYzRkNTQ1ODcxY2IxNTRkOTFlZjkwNjYwZGJlZWQ0YzMyNmUwMWM1ZGM0OGRhM2Ey,,https://www.google.com/search?q=Camp%20Master%20Dome%20Tent%20320%20-%20Manufacturer%20Stock%20Image&source=lnms&tbm=isch&sa=X&ved=2ahUKEwi_sfHlpeb8AhUvhP0HHVD6B6oQ_AUoAnoECAEQBA&biw=1920&bih=1009&dpr=1,
Kenwood - Multi Function Slow Cooker 6.5 Litre - CP657,New Unsealed,1,310,310,580,580,Kenwood%20-%20Multi%20Function%20Slow%20Cooker%206.5%20Litre%20-%20CP657%20-%20Manufacturer%20Stock%20Image,https://images.search.yahoo.com/search/images?p=Kenwood%20-%20Multi%20Function%20Slow%20Cooker%206.5%20Litre%20-%20CP657%20-%20Manufacturer%20Stock%20Image,"{""tw"":""1168"",""th"":""1200"",""tc"":""0"",""rtc"":"""",""stc"":"""",""a"":""www.takealot.com"",""s"":""49.6KB"",""w"":""1168"",""h"":""1200"",""hq"":false,""o"":"""",""c"":"""",""p"":false,""g"":"""",""sm"":"""",""is"":"""",""icMeta"":[],""rurl"":""https:\/\/www.takealot.com\/kenwood-multi-function-slow-cooker-6-5-litre-cp657\/PLID17259155"",""sigr"":""OlbsgoCTPyNW"",""hturl"":"""",""ad"":false,""alt"":""Kenwood 
- Multi Function Slow Cooker 6.5 Litre - CP657 | Shop Today. Get it 
Tomorrow! | 
takealot.com"",""rtl"":0,""iurl"":""https:\/\/media.takealot.com\/covers_tsins\/17327555\/17327555_1-zoom.jpg"",""sigi"":""LBx7kOGkMqLU"",""ourl"":""https:\/\/media.takealot.com\/covers_tsins\/17327555\/17327555_1-zoom.jpg"",""ith"":""https:\/\/tse4.mm.bing.net\/th?id=OIP.cF-dYQVE5YQVP1gWekBkVQHaHm\u0026pid=Api\u0026P=0\u0026w=300\u0026h=300"",""rb"":"";_ylt=AwrOo.PvJwNmZkgZBT.JzbkF;_ylu=c2VjA3NyBHNsawNpbWcEb2lkAzhjZDMzZTM2MjE5MWZhMmRlYTM3OTIyMzMwMGY5ZTczBGdwb3MDMgRpdANiaW5n"",""rs"":0,""typ"":""""}",https://www.crosscraft.com.mt/wp-content/uploads/2021/08/Kenwood-CP657-Slow-Cooker-0WCP657002-.jpg,,https://www.google.com/search?q=Kenwood%20-%20Multi%20Function%20Slow%20Cooker%206.5%20Litre%20-%20CP657%20-%20Manufacturer%20Stock%20Image&source=lnms&tbm=isch&sa=X&ved=2ahUKEwi_sfHlpeb8AhUvhP0HHVD6B6oQ_AUoAnoECAEQBA&biw=1920&bih=1009&dpr=1,https://www.google.com/search?q=Kenwood%20-%20Multi%20Function%20Slow%20Cooker%206.5%20Litre%20-%20CP657%20-%20Manufacturer%20Stock%20Image&source=lnms&tbm=isch&sa=X&ved=2ahUKEwi_sfHlpeb8AhUvhP0HHVD6B6oQ_AUoAnoECAEQBA&biw=1920&bih=1009&dpr=1
TP-Link VIGI C430-4 3MP Full-Color Turret Network Camera (4mm Lens),Brand New,9,189,1701,572.5,5152.5,TP-Link%20VIGI%20C430-4%203MP%20Full-Color%20Turret%20Network%20Camera%20%284mm%20Lens%29%20-%20Manufacturer%20Stock%20Image,https://images.search.yahoo.com/search/images?p=TP-Link%20VIGI%20C430-4%203MP%20Full-Color%20Turret%20Network%20Camera%20%284mm%20Lens%29%20-%20Manufacturer%20Stock%20Image,"{""tw"":""599"",""th"":""449"",""tc"":""0"",""rtc"":"""",""stc"":"""",""a"":""www.tp-link.com"",""s"":""144.7KB"",""w"":""599"",""h"":""449"",""hq"":false,""o"":"""",""c"":"""",""p"":false,""g"":"""",""sm"":"""",""is"":"""",""icMeta"":[],""rurl"":""https:\/\/www.tp-link.com\/nl-be\/business-networking\/vigi-network-camera\/vigi-c430\/"",""sigr"":""njUZ5LrHkQn_"",""hturl"":"""",""ad"":false,""alt"":""VIGI 
C430 | VIGI 3MP Full-Color Turret Network Camera | TP Link 
Belgi\u00eb"",""rtl"":0,""iurl"":""https:\/\/static-product.tp-link.com\/vigi-c430_v1\/img\/l1.png"",""sigi"":""7GQp9HUU_j2M"",""ourl"":""https:\/\/static-product.tp-link.com\/vigi-c430_v1\/img\/l1.png"",""ith"":""https:\/\/tse3.mm.bing.net\/th?id=OIP.CyM6EniL8lg99OLiLAZV1wHaFj\u0026pid=Api\u0026P=0\u0026w=300\u0026h=300"",""rb"":"";_ylt=Awr9_TfgCANmGuYEFLmJzbkF;_ylu=c2VjA3NyBHNsawNpbWcEb2lkA2UxNGFlYzBhMjYyMjczZjU3M2RkMTZhMWJmNDkxNzA1BGdwb3MDMgRpdANiaW5n"",""rs"":0,""typ"":""""}",https://static.tp-link.com/upload/image-line/0_normal_20221121063254g.jpg,,https://www.google.com/search?q=TP-Link%20VIGI%20C430-4%203MP%20Full-Color%20Turret%20Network%20Camera%20%284mm%20Lens%29%20-%20Manufacturer%20Stock%20Image&source=lnms&tbm=isch&sa=X&ved=2ahUKEwi_sfHlpeb8AhUvhP0HHVD6B6oQ_AUoAnoECAEQBA&biw=1920&bih=1009&dpr=1,https://www.google.com/search?q=TP-Link%20VIGI%20C430-4%203MP%20Full-Color%20Turret%20Network%20Camera%20%284mm%20Lens%29%20-%20Manufacturer%20Stock%20Image&source=lnms&tbm=isch&sa=X&ved=2ahUKEwi_sfHlpeb8AhUvhP0HHVD6B6oQ_AUoAnoECAEQBA&biw=1920&bih=1009&dpr=1
TP-Link VIGI C430I-4 3MP IR Turret Network Camera (4mm),Brand New,9,189,1701,572.5,5152.5,TP-Link%20VIGI%20C430I-4%203MP%20IR%20Turret%20Network%20Camera%20%284mm%29%20-%20Manufacturer%20Stock%20Image,https://images.search.yahoo.com/search/images?p=TP-Link%20VIGI%20C430I-4%203MP%20IR%20Turret%20Network%20Camera%20%284mm%29%20-%20Manufacturer%20Stock%20Image,Loading...,https://assets.elive.co.nz/images/products/tp-link-vigi-c430i-3mp-4-mm-turret-network-camera-1.jpg?width=300u0026height=300,,https://www.google.com/search?q=TP-Link%20VIGI%20C430I-4%203MP%20IR%20Turret%20Network%20Camera%20%284mm%29%20-%20Manufacturer%20Stock%20Image&source=lnms&tbm=isch&sa=X&ved=2ahUKEwi_sfHlpeb8AhUvhP0HHVD6B6oQ_AUoAnoECAEQBA&biw=1920&bih=1009&dpr=1,https://www.google.com/search?q=TP-Link%20VIGI%20C430I-4%203MP%20IR%20Turret%20Network%20Camera%20%284mm%29%20-%20Manufacturer%20Stock%20Image&source=lnms&tbm=isch&sa=X&ved=2ahUKEwi_sfHlpeb8AhUvhP0HHVD6B6oQ_AUoAnoECAEQBA&biw=1920&bih=1009&dpr=1
TP Link VIGI C340I-4 4MP Outdoor IR Bullet Network Camera (4mm Lens),Brand New,5,189,945,572.5,2862.5,TP%20Link%20VIGI%20C340I-4%204MP%20Outdoor%20IR%20Bullet%20Network%20Camera%20%284mm%20Lens%29%20-%20Manufacturer%20Stock%20Image,https://images.search.yahoo.com/search/images?p=TP%20Link%20VIGI%20C340I-4%204MP%20Outdoor%20IR%20Bullet%20Network%20Camera%20%284mm%20Lens%29%20-%20Manufacturer%20Stock%20Image,,https://static.tp-link.com/upload/image-line/VIGI_C330I(2.8%EF%80%A24%EF%80%A26mm)_1.0_10_normal_20221019034340g.jpg,,https://www.google.com/search?q=TP%20Link%20VIGI%20C340I-4%204MP%20Outdoor%20IR%20Bullet%20Network%20Camera%20%284mm%20Lens%29%20-%20Manufacturer%20Stock%20Image&source=lnms&tbm=isch&sa=X&ved=2ahUKEwi_sfHlpeb8AhUvhP0HHVD6B6oQ_AUoAnoECAEQBA&biw=1920&bih=1009&dpr=1,https://www.google.com/search?q=TP%20Link%20VIGI%20C340I-4%204MP%20Outdoor%20IR%20Bullet%20Network%20Camera%20%284mm%20Lens%29%20-%20Manufacturer%20Stock%20Image&source=lnms&tbm=isch&sa=X&ved=2ahUKEwi_sfHlpeb8AhUvhP0HHVD6B6oQ_AUoAnoECAEQBA&biw=1920&bih=1009&dpr=1
TP-Link VIGI C440I-4 4MP IR Turret Network Camera (4mm Lens),Brand New,3,189,567,572.5,1717.5,TP-Link%20VIGI%20C440I-4%204MP%20IR%20Turret%20Network%20Camera%20%284mm%20Lens%29%20-%20Manufacturer%20Stock%20Image,https://images.search.yahoo.com/search/images?p=TP-Link%20VIGI%20C440I-4%204MP%20IR%20Turret%20Network%20Camera%20%284mm%20Lens%29%20-%20Manufacturer%20Stock%20Image,,https://www.geewiz.co.za/260613-large_default/tp-link-vigi-c440i-4mp-ir-turret-network-camera-4mm.jpg,,https://www.google.com/search?q=TP-Link%20VIGI%20C440I-4%204MP%20IR%20Turret%20Network%20Camera%20%284mm%20Lens%29%20-%20Manufacturer%20Stock%20Image&source=lnms&tbm=isch&sa=X&ved=2ahUKEwi_sfHlpeb8AhUvhP0HHVD6B6oQ_AUoAnoECAEQBA&biw=1920&bih=1009&dpr=1,https://www.google.com/search?q=TP-Link%20VIGI%20C440I-4%204MP%20IR%20Turret%20Network%20Camera%20%284mm%20Lens%29%20-%20Manufacturer%20Stock%20Image&source=lnms&tbm=isch&sa=X&ved=2ahUKEwi_sfHlpeb8AhUvhP0HHVD6B6oQ_AUoAnoECAEQBA&biw=1920&bih=1009&dpr=1
Heartdeco All-in-One Complete Cutlery Set Camping Picnic Backpack for 4,Brand New,5,159,795,550,2750,Heartdeco%20All-in-One%20Complete%20Cutlery%20Set%20Camping%20Picnic%20Backpack%20for%204%20-%20Manufacturer%20Stock%20Image,https://images.search.yahoo.com/search/images?p=Heartdeco%20All-in-One%20Complete%20Cutlery%20Set%20Camping%20Picnic%20Backpack%20for%204%20-%20Manufacturer%20Stock%20Image,"{""tw"":""1200"",""th"":""1200"",""tc"":""0"",""rtc"":"""",""stc"":"""",""a"":""www.takealot.com"",""s"":""158.2KB"",""w"":""1200"",""h"":""1200"",""hq"":false,""o"":"""",""c"":"""",""p"":false,""g"":"""",""sm"":"""",""is"":"""",""icMeta"":[],""rurl"":""https:\/\/www.takealot.com\/heartdeco-all-in-one-complete-cutlery-set-camping-picnic-backpac\/PLID69527055"",""sigr"":""kogJg0S.24DA"",""hturl"":"""",""ad"":false,""alt"":""Heartdeco 
All-in-One Complete Cutlery Set Camping Picnic Backpack for 4 | Shop Today. 
Get it 
..."",""rtl"":0,""iurl"":""https:\/\/media.takealot.com\/covers_images\/6a24f3c82d7f46708df8c03736827fa0\/s-zoom.file"",""sigi"":""pg7Z9chmhVFb"",""ourl"":""https:\/\/media.takealot.com\/covers_images\/6a24f3c82d7f46708df8c03736827fa0\/s-zoom.file"",""ith"":""https:\/\/tse2.mm.bing.net\/th?id=OIP.XUbc4uj7WrSq8gTt4DCSXQHaHa\u0026pid=Api\u0026P=0\u0026w=300\u0026h=300"",""rb"":"";_ylt=Awr9_TfeCANmySgEHDiJzbkF;_ylu=c2VjA3NyBHNsawNpbWcEb2lkAzgzOTdhMzdhMzg3MDMzMDlkMDA3NjU1ZjEzYmMzNjgzBGdwb3MDMQRpdANiaW5n"",""rs"":0,""typ"":""""}",https://media.takealot.com/covers_images/6a24f3c82d7f46708df8c03736827fa0/s-zoom.file,,https://www.google.com/search?q=Heartdeco%20All-in-One%20Complete%20Cutlery%20Set%20Camping%20Picnic%20Backpack%20for%204%20-%20Manufacturer%20Stock%20Image&source=lnms&tbm=isch&sa=X&ved=2ahUKEwi_sfHlpeb8AhUvhP0HHVD6B6oQ_AUoAnoECAEQBA&biw=1920&bih=1009&dpr=1,https://www.google.com/search?q=Heartdeco%20All-in-One%20Complete%20Cutlery%20Set%20Camping%20Picnic%20Backpack%20for%204%20-%20Manufacturer%20Stock%20Image&source=lnms&tbm=isch&sa=X&ved=2ahUKEwi_sfHlpeb8AhUvhP0HHVD6B6oQ_AUoAnoECAEQBA&biw=1920&bih=1009&dpr=1
TISSOLI SAPHIRE S/S COOKWARE SET 8PC POT SET,Brand New,4,5,20,550,2200,TISSOLI%20SAPHIRE%20S%2FS%20COOKWARE%20SET%208PC%20POT%20SET%20-%20Manufacturer%20Stock%20Image,https://images.search.yahoo.com/search/images?p=TISSOLI%20SAPHIRE%20S%2FS%20COOKWARE%20SET%208PC%20POT%20SET%20-%20Manufacturer%20Stock%20Image,,https://tissolli.co.za/wp-content/uploads/2021/08/8PC-SS-2-1024x683.jpg,,https://www.google.com/search?q=TISSOLI%20SAPHIRE%20S%2FS%20COOKWARE%20SET%208PC%20POT%20SET%20-%20Manufacturer%20Stock%20Image&source=lnms&tbm=isch&sa=X&ved=2ahUKEwi_sfHlpeb8AhUvhP0HHVD6B6oQ_AUoAnoECAEQBA&biw=1920&bih=1009&dpr=1,https://www.google.com/search?q=TISSOLI%20SAPHIRE%20S%2FS%20COOKWARE%20SET%208PC%20POT%20SET%20-%20Manufacturer%20Stock%20Image&source=lnms&tbm=isch&sa=X&ved=2ahUKEwi_sfHlpeb8AhUvhP0HHVD6B6oQ_AUoAnoECAEQBA&biw=1920&bih=1009&dpr=1
TP-Link VIGI C330I-6 3MP Outdoor IR Bullet Network Camera - 6mm Lens,Brand New,17,175,2975,537.5,9137.5,TP-Link%20VIGI%20C330I-6%203MP%20Outdoor%20IR%20Bullet%20Network%20Camera%20-%206mm%20Lens%20-%20Manufacturer%20Stock%20Image,https://images.search.yahoo.com/search/images?p=TP-Link%20VIGI%20C330I-6%203MP%20Outdoor%20IR%20Bullet%20Network%20Camera%20-%206mm%20Lens%20-%20Manufacturer%20Stock%20Image,"{""tw"":""474"",""th"":""474"",""tc"":""0"",""rtc"":"""",""stc"":"""",""a"":""www.tp-link.com"",""s"":""217.6KB"",""w"":""474"",""h"":""474"",""hq"":false,""o"":"""",""c"":"""",""p"":false,""g"":"""",""sm"":"""",""is"":"""",""icMeta"":[],""rurl"":""https:\/\/www.tp-link.com\/ph\/business-networking\/vigi-network-camera\/vigi-c330i\/"",""sigr"":""IuTSvF567G3o"",""hturl"":"""",""ad"":false,""alt"":""VIGI 
C330I | VIGI 3MP Outdoor IR Bullet Network Camera | TP-Link 
Philippines"",""rtl"":0,""iurl"":""https:\/\/static.tp-link.com\/upload\/image-line\/VIGI_C330I(2.8%EF%80%A24%EF%80%A26mm)_1.0_10_large_20221019034243s.jpg"",""sigi"":""kZFhwqCJfs__"",""ourl"":""https:\/\/static.tp-link.com\/upload\/image-line\/VIGI_C330I(2.8%EF%80%A24%EF%80%A26mm)_1.0_10_large_20221019034243s.jpg"",""ith"":""https:\/\/tse4.mm.bing.net\/th?id=OIP.PCheYZr8CG7k4Fe_NVZ5TwAAAA\u0026pid=Api\u0026P=0\u0026w=300\u0026h=300"",""rb"":"";_ylt=Awrjbo_iCANmthwWEKuJzbkF;_ylu=c2VjA3NyBHNsawNpbWcEb2lkAzRmZDllZmZkZTEwZjg5OWJjYzlmYzFmZjA2NmI1Nzc4BGdwb3MDMQRpdANiaW5n"",""rs"":0,""typ"":""""}",https://static.tp-link.com/upload/image-line/VIGI_C330I(2.8%EF%80%A24%EF%80%A26mm)_1.0_10_large_20221019034243s.jpg,,https://www.google.com/search?q=TP-Link%20VIGI%20C330I-6%203MP%20Outdoor%20IR%20Bullet%20Network%20Camera%20-%206mm%20Lens%20-%20Manufacturer%20Stock%20Image&source=lnms&tbm=isch&sa=X&ved=2ahUKEwi_sfHlpeb8AhUvhP0HHVD6B6oQ_AUoAnoECAEQBA&biw=1920&bih=1009&dpr=1,https://www.google.com/search?q=TP-Link%20VIGI%20C330I-6%203MP%20Outdoor%20IR%20Bullet%20Network%20Camera%20-%206mm%20Lens%20-%20Manufacturer%20Stock%20Image&source=lnms&tbm=isch&sa=X&ved=2ahUKEwi_sfHlpeb8AhUvhP0HHVD6B6oQ_AUoAnoECAEQBA&biw=1920&bih=1009&dpr=1
TP Link VIGI C330I-4 3MP Outdoor IR Bullet Network Camera (4mm Lens),Brand New,1,169,169,522.5,522.5,TP%20Link%20VIGI%20C330I-4%203MP%20Outdoor%20IR%20Bullet%20Network%20Camera%20%284mm%20Lens%29%20-%20Manufacturer%20Stock%20Image,https://images.search.yahoo.com/search/images?p=TP%20Link%20VIGI%20C330I-4%203MP%20Outdoor%20IR%20Bullet%20Network%20Camera%20%284mm%20Lens%29%20-%20Manufacturer%20Stock%20Image,"{""tw"":""474"",""th"":""474"",""tc"":""0"",""rtc"":"""",""stc"":"""",""a"":""www.tp-link.com"",""s"":""217.6KB"",""w"":""474"",""h"":""474"",""hq"":false,""o"":"""",""c"":"""",""p"":false,""g"":"""",""sm"":"""",""is"":"""",""icMeta"":[],""rurl"":""https:\/\/www.tp-link.com\/ph\/business-networking\/vigi-network-camera\/vigi-c330i\/"",""sigr"":""IuTSvF567G3o"",""hturl"":"""",""ad"":false,""alt"":""VIGI 
C330I | VIGI 3MP Outdoor IR Bullet Network Camera | TP-Link 
Philippines"",""rtl"":0,""iurl"":""https:\/\/static.tp-link.com\/upload\/image-line\/VIGI_C330I(2.8%EF%80%A24%EF%80%A26mm)_1.0_10_large_20221019034243s.jpg"",""sigi"":""kZFhwqCJfs__"",""ourl"":""https:\/\/static.tp-link.com\/upload\/image-line\/VIGI_C330I(2.8%EF%80%A24%EF%80%A26mm)_1.0_10_large_20221019034243s.jpg"",""ith"":""https:\/\/tse4.mm.bing.net\/th?id=OIP.PCheYZr8CG7k4Fe_NVZ5TwAAAA\u0026pid=Api\u0026P=0\u0026w=300\u0026h=300"",""rb"":"";_ylt=Awr93rzkCANmrf0E9WKJzbkF;_ylu=c2VjA3NyBHNsawNpbWcEb2lkAzRmZDllZmZkZTEwZjg5OWJjYzlmYzFmZjA2NmI1Nzc4BGdwb3MDMQRpdANiaW5n"",""rs"":0,""typ"":""""}",https://static.tp-link.com/upload/image-line/VIGI_C330I(2.8%EF%80%A24%EF%80%A26mm)_1.0_10_large_20221019034243s.jpg,,https://www.google.com/search?q=TP%20Link%20VIGI%20C330I-4%203MP%20Outdoor%20IR%20Bullet%20Network%20Camera%20%284mm%20Lens%29%20-%20Manufacturer%20Stock%20Image&source=lnms&tbm=isch&sa=X&ved=2ahUKEwi_sfHlpeb8AhUvhP0HHVD6B6oQ_AUoAnoECAEQBA&biw=1920&bih=1009&dpr=1,https://www.google.com/search?q=TP%20Link%20VIGI%20C330I-4%203MP%20Outdoor%20IR%20Bullet%20Network%20Camera%20%284mm%20Lens%29%20-%20Manufacturer%20Stock%20Image&source=lnms&tbm=isch&sa=X&ved=2ahUKEwi_sfHlpeb8AhUvhP0HHVD6B6oQ_AUoAnoECAEQBA&biw=1920&bih=1009&dpr=1
MEDALIST AEROBIC ADJUSTABLE STEP,Brand New,4,39.95,159.8,520,2080,MEDALIST%20AEROBIC%20ADJUSTABLE%20STEP%20-%20Manufacturer%20Stock%20Image,https://images.search.yahoo.com/search/images?p=MEDALIST%20AEROBIC%20ADJUSTABLE%20STEP%20-%20Manufacturer%20Stock%20Image,,https://img.bidorbuy.co.za/image/upload/user_images/301/1475301/240122140724_unnamed%20%281%29.png,,https://www.google.com/search?q=MEDALIST%20AEROBIC%20ADJUSTABLE%20STEP%20-%20Manufacturer%20Stock%20Image&source=lnms&tbm=isch&sa=X&ved=2ahUKEwi_sfHlpeb8AhUvhP0HHVD6B6oQ_AUoAnoECAEQBA&biw=1920&bih=1009&dpr=1,https://www.google.com/search?q=MEDALIST%20AEROBIC%20ADJUSTABLE%20STEP%20-%20Manufacturer%20Stock%20Image&source=lnms&tbm=isch&sa=X&ved=2ahUKEwi_sfHlpeb8AhUvhP0HHVD6B6oQ_AUoAnoECAEQBA&biw=1920&bih=1009&dpr=1
EINHELL Jigsaw 80mm 550W TC-JS 80/1,Brand New,2,1,2,520,1040,EINHELL%20Jigsaw%2080mm%20550W%20TC-JS%2080%2F1%20-%20Manufacturer%20Stock%20Image,https://images.search.yahoo.com/search/images?p=EINHELL%20Jigsaw%2080mm%20550W%20TC-JS%2080%2F1%20-%20Manufacturer%20Stock%20Image,"{""tw"":""1200"",""th"":""1150"",""tc"":""0"",""rtc"":"""",""stc"":"""",""a"":""www.toolcraft.co.za"",""s"":""117.0KB"",""w"":""1200"",""h"":""1150"",""hq"":false,""o"":"""",""c"":"""",""p"":false,""g"":"""",""sm"":"""",""is"":"""",""icMeta"":[],""rurl"":""https:\/\/www.toolcraft.co.za\/products\/einhell-jigsaw-80mm-550w-tc-js-80-1"",""sigr"":""FWqCZ5ET9K7N"",""hturl"":"""",""ad"":false,""alt"":""Einhell 
| Jigsaw 80mm 550W TC-JS 80\/1 \u2014 BPM 
Toolcraft"",""rtl"":0,""iurl"":""https:\/\/www.toolcraft.co.za\/cdn\/shop\/products\/jigsaw_3ee7556b-1e51-4d09-acd3-97732e853988_1200x1150.jpg?v=1658409413"",""sigi"":""U3Mpss09FUNw"",""ourl"":""https:\/\/www.toolcraft.co.za\/cdn\/shop\/products\/jigsaw_3ee7556b-1e51-4d09-acd3-97732e853988_1200x1150.jpg?v=1658409413"",""ith"":""https:\/\/tse2.mm.bing.net\/th?id=OIP.djq_uVYlB9mjRhL-KUW1YQHaHG\u0026pid=Api\u0026P=0\u0026w=300\u0026h=300"",""rb"":"";_ylt=Awr9.4dyMQNmkBQaChOJzbkF;_ylu=c2VjA3NyBHNsawNpbWcEb2lkAzJkN2M5ZmEzNWY2NWMxZmVlNmRiNzFiNWM4NGI5Y2I2BGdwb3MDMgRpdANiaW5n"",""rs"":0,""typ"":""""}",https://www.toolcraft.co.za/cdn/shop/products/jigsaw_3ee7556b-1e51-4d09-acd3-97732e853988_1200x1150.jpg?v=1658409413,,https://www.google.com/search?q=EINHELL%20Jigsaw%2080mm%20550W%20TC-JS%2080%2F1%20-%20Manufacturer%20Stock%20Image&source=lnms&tbm=isch&sa=X&ved=2ahUKEwi_sfHlpeb8AhUvhP0HHVD6B6oQ_AUoAnoECAEQBA&biw=1920&bih=1009&dpr=1,https://www.google.com/search?q=EINHELL%20Jigsaw%2080mm%20550W%20TC-JS%2080%2F1%20-%20Manufacturer%20Stock%20Image&source=lnms&tbm=isch&sa=X&ved=2ahUKEwi_sfHlpeb8AhUvhP0HHVD6B6oQ_AUoAnoECAEQBA&biw=1920&bih=1009&dpr=1
Trust - GXT 788RW Gaming bundle 4-in-1,Brand New,1,249,249,500,500,Trust%20-%20GXT%20788RW%20Gaming%20bundle%204-in-1%20-%20Manufacturer%20Stock%20Image,https://images.search.yahoo.com/search/images?p=Trust%20-%20GXT%20788RW%20Gaming%20bundle%204-in-1%20-%20Manufacturer%20Stock%20Image,"{""tw"":""1363"",""th"":""800"",""tc"":""0"",""rtc"":"""",""stc"":"""",""a"":""www.trust.com"",""s"":""1356.2KB"",""w"":""1363"",""h"":""800"",""hq"":false,""o"":"""",""c"":"""",""p"":false,""g"":"""",""sm"":"""",""is"":"""",""icMeta"":[],""rurl"":""https:\/\/www.trust.com\/en\/product\/22544-gxt-788rw-4-in-1-gaming-bundle-for-pc-and-laptop"",""sigr"":""GoPIpjlpqvhv"",""hturl"":"""",""ad"":false,""alt"":""Trust.com 
- GXT 788RW 4-in-1 Gaming Bundle for pc and 
laptop"",""rtl"":0,""iurl"":""https:\/\/d1gb7gicmr8iau.cloudfront.net\/fit-in\/1920x800\/Media\/Images\/Product\/Visual\/22544_pictures_product_visual_1.png"",""sigi"":""qpbpaGN7vKqj"",""ourl"":""https:\/\/d1gb7gicmr8iau.cloudfront.net\/fit-in\/1920x800\/Media\/Images\/Product\/Visual\/22544_pictures_product_visual_1.png"",""ith"":""https:\/\/tse3.mm.bing.net\/th?id=OIP.UfwBVvOrIQwG6wH_glC14QHaEW\u0026pid=Api\u0026P=0\u0026w=300\u0026h=300"",""rb"":"";_ylt=AwrOo.NzMQNm9GwZL7iJzbkF;_ylu=c2VjA3NyBHNsawNpbWcEb2lkA2RhOTg0ZTkzYTA2NGVkMjc1MDEzMGEwYTY4Y2ZjNDczBGdwb3MDMgRpdANiaW5n"",""rs"":0,""typ"":""""}",https://d1gb7gicmr8iau.cloudfront.net/fit-in/1920x800/Media/Images/Product/Visual/22544_pictures_product_visual_1.png,,https://www.google.com/search?q=Trust%20-%20GXT%20788RW%20Gaming%20bundle%204-in-1%20-%20Manufacturer%20Stock%20Image&source=lnms&tbm=isch&sa=X&ved=2ahUKEwi_sfHlpeb8AhUvhP0HHVD6B6oQ_AUoAnoECAEQBA&biw=1920&bih=1009&dpr=1,https://www.google.com/search?q=Trust%20-%20GXT%20788RW%20Gaming%20bundle%204-in-1%20-%20Manufacturer%20Stock%20Image&source=lnms&tbm=isch&sa=X&ved=2ahUKEwi_sfHlpeb8AhUvhP0HHVD6B6oQ_AUoAnoECAEQBA&biw=1920&bih=1009&dpr=1
TP-Link Archer A5 AC1200 Wireless Dual Band Router - White,New Unsealed,1,249,249,500,500,TP-Link%20Archer%20A5%20AC1200%20Wireless%20Dual%20Band%20Router%20-%20White%20-%20Manufacturer%20Stock%20Image,https://images.search.yahoo.com/search/images?p=TP-Link%20Archer%20A5%20AC1200%20Wireless%20Dual%20Band%20Router%20-%20White%20-%20Manufacturer%20Stock%20Image,Loading...,https://d1e6udskqlpy4p.cloudfront.net/media/catalog/product/a/r/archer-c5un40-02large1515392739521olarge_1537946184716h_1.jpg,,https://www.google.com/search?q=TP-Link%20Archer%20A5%20AC1200%20Wireless%20Dual%20Band%20Router%20-%20White%20-%20Manufacturer%20Stock%20Image&source=lnms&tbm=isch&sa=X&ved=2ahUKEwi_sfHlpeb8AhUvhP0HHVD6B6oQ_AUoAnoECAEQBA&biw=1920&bih=1009&dpr=1,https://www.google.com/search?q=TP-Link%20Archer%20A5%20AC1200%20Wireless%20Dual%20Band%20Router%20-%20White%20-%20Manufacturer%20Stock%20Image&source=lnms&tbm=isch&sa=X&ved=2ahUKEwi_sfHlpeb8AhUvhP0HHVD6B6oQ_AUoAnoECAEQBA&biw=1920&bih=1009&dpr=1
Fine Health Adjustable Folding Sit Up Bench,Brand New,1,169,169,500,500,Fine%20Health%20Adjustable%20Folding%20Sit%20Up%20Bench%20-%20Manufacturer%20Stock%20Image,https://images.search.yahoo.com/search/images?p=Fine%20Health%20Adjustable%20Folding%20Sit%20Up%20Bench%20-%20Manufacturer%20Stock%20Image,"{""tw"":""3528"",""th"":""2848"",""tc"":""0"",""rtc"":"""",""stc"":"""",""a"":""www.bobshop.co.za"",""s"":""1458.7KB"",""w"":""3528"",""h"":""2848"",""hq"":false,""o"":"""",""c"":"""",""p"":false,""g"":"""",""sm"":"""",""is"":"""",""icMeta"":[],""rurl"":""https:\/\/www.bobshop.co.za\/item\/522989837\/Fine_Health_Adjustable_Folding_Sit_Up_Bench.html"",""sigr"":""2pAjdRKqZyxg"",""hturl"":"""",""ad"":false,""alt"":""Benches 
- Fine Health - Adjustable Folding Sit Up Bench was sold for R599.00 on 1 
Aug at 23:46 
..."",""rtl"":0,""iurl"":""https:\/\/s2s-image.s3.amazonaws.com\/accff2f211fe69fa0023e4d098a19685.jpg"",""sigi"":""028w2p4bt04y"",""ourl"":""https:\/\/s2s-image.s3.amazonaws.com\/accff2f211fe69fa0023e4d098a19685.jpg"",""ith"":""https:\/\/tse4.mm.bing.net\/th?id=OIP.rM_y8hH-afoAI-TQmKGWhQHaF-\u0026pid=Api\u0026P=0\u0026w=300\u0026h=300"",""rb"":"";_ylt=Awr93ry5MQNm3jkHWPaJzbkF;_ylu=c2VjA3NyBHNsawNpbWcEb2lkAzc3MTg3YmU5YjdkY2M0YjkxNjI0MDQ5OTM3OTU3YWY5BGdwb3MDMgRpdANiaW5n"",""rs"":0,""typ"":""""}",https://s2s-image.s3.amazonaws.com/724e7c47ccf5b26d712d0ceeebee5603.jpg,,https://www.google.com/search?q=Fine%20Health%20Adjustable%20Folding%20Sit%20Up%20Bench%20-%20Manufacturer%20Stock%20Image&source=lnms&tbm=isch&sa=X&ved=2ahUKEwi_sfHlpeb8AhUvhP0HHVD6B6oQ_AUoAnoECAEQBA&biw=1920&bih=1009&dpr=1,https://www.google.com/search?q=Fine%20Health%20Adjustable%20Folding%20Sit%20Up%20Bench%20-%20Manufacturer%20Stock%20Image&source=lnms&tbm=isch&sa=X&ved=2ahUKEwi_sfHlpeb8AhUvhP0HHVD6B6oQ_AUoAnoECAEQBA&biw=1920&bih=1009&dpr=1
Huawei Sport Bluetooth Headphones Lite Black,Brand New,1,0,0,480,480,Huawei%20Sport%20Bluetooth%20Headphones%20Lite%20Black%20-%20Manufacturer%20Stock%20Image,https://images.search.yahoo.com/search/images?p=Huawei%20Sport%20Bluetooth%20Headphones%20Lite%20Black%20-%20Manufacturer%20Stock%20Image,"{""tw"":""1364"",""th"":""1500"",""tc"":""0"",""rtc"":"""",""stc"":"""",""a"":""www.amazon.sa"",""s"":""52.5KB"",""w"":""1364"",""h"":""1500"",""hq"":false,""o"":"""",""c"":"""",""p"":false,""g"":"""",""sm"":"""",""is"":"""",""icMeta"":[],""rurl"":""https:\/\/www.amazon.sa\/-\/en\/Huawei-Sport-Bluetooth-Headset-Black\/dp\/B075THDT3M"",""sigr"":""_pY3l95eFcB7"",""hturl"":"""",""ad"":false,""alt"":""Huawei 
Sport lite Bluetooth Headset AM61, Black : Buy Online at Best Price in KSA 
- Souq is now 
..."",""rtl"":0,""iurl"":""https:\/\/m.media-amazon.com\/images\/I\/71XDQk9smEL._AC_SL1500_.jpg"",""sigi"":""Jo8HRZb5cSMa"",""ourl"":""https:\/\/m.media-amazon.com\/images\/I\/71XDQk9smEL._AC_SL1500_.jpg"",""ith"":""https:\/\/tse1.mm.bing.net\/th?id=OIP.IRRWnCi8lifM_tNhHtmRyAHaIJ\u0026pid=Api\u0026P=0\u0026w=300\u0026h=300"",""rb"":"";_ylt=Awr93ryaMgNmQhgI402JzbkF;_ylu=c2VjA3NyBHNsawNpbWcEb2lkAzRiOGNmMTFiOGQyMzQ0ODc5ODQyZjU1MmRjMWE5NjNiBGdwb3MDMQRpdANiaW5n"",""rs"":0,""typ"":""""}",https://m.media-amazon.com/images/I/71XDQk9smEL._AC_SL1500_.jpg,,https://www.google.com/search?q=Huawei%20Sport%20Bluetooth%20Headphones%20Lite%20Black%20-%20Manufacturer%20Stock%20Image&source=lnms&tbm=isch&sa=X&ved=2ahUKEwi_sfHlpeb8AhUvhP0HHVD6B6oQ_AUoAnoECAEQBA&biw=1920&bih=1009&dpr=1,https://www.google.com/search?q=Huawei%20Sport%20Bluetooth%20Headphones%20Lite%20Black%20-%20Manufacturer%20Stock%20Image&source=lnms&tbm=isch&sa=X&ved=2ahUKEwi_sfHlpeb8AhUvhP0HHVD6B6oQ_AUoAnoECAEQBA&biw=1920&bih=1009&dpr=1
Ryobi Impact Drill (13mm) (650W) PD650,Brand New,1,189,189,400,400,Ryobi%20Impact%20Drill%20%2813mm%29%20%28650W%29%20PD650%20-%20Manufacturer%20Stock%20Image,https://images.search.yahoo.com/search/images?p=Ryobi%20Impact%20Drill%20%2813mm%29%20%28650W%29%20PD650%20-%20Manufacturer%20Stock%20Image,Loading...,https://www.hardwareconnection.co.za/wp-content/uploads/2019/12/ryobi-impact-drill-pd-650-13mm-var-rev-650w-power-tools.jpg,,https://www.google.com/search?q=Ryobi%20Impact%20Drill%20%2813mm%29%20%28650W%29%20PD650%20-%20Manufacturer%20Stock%20Image&source=lnms&tbm=isch&sa=X&ved=2ahUKEwi_sfHlpeb8AhUvhP0HHVD6B6oQ_AUoAnoECAEQBA&biw=1920&bih=1009&dpr=1,https://www.google.com/search?q=Ryobi%20Impact%20Drill%20%2813mm%29%20%28650W%29%20PD650%20-%20Manufacturer%20Stock%20Image&source=lnms&tbm=isch&sa=X&ved=2ahUKEwi_sfHlpeb8AhUvhP0HHVD6B6oQ_AUoAnoECAEQBA&biw=1920&bih=1009&dpr=1
Samsung Galaxy SmartTag,Brand New,1,9,9,390,390,Samsung%20Galaxy%20SmartTag%20-%20Manufacturer%20Stock%20Image,https://images.search.yahoo.com/search/images?p=Samsung%20Galaxy%20SmartTag%20-%20Manufacturer%20Stock%20Image,"{""tw"":""2560"",""th"":""1707"",""tc"":""0"",""rtc"":"""",""stc"":"""",""a"":""news.samsung.com"",""s"":""251.7KB"",""w"":""2560"",""h"":""1707"",""hq"":false,""o"":"""",""c"":"""",""p"":false,""g"":"""",""sm"":"""",""is"":"""",""icMeta"":[],""rurl"":""https:\/\/news.samsung.com\/us\/introducing-the-new-galaxy-smarttag-plus\/"",""sigr"":""ielr082qBdb2"",""hturl"":"""",""ad"":false,""alt"":""[Update] 
Introducing the New Galaxy SmartTag+: The Smart Way to Find Lost Items - 
Samsung US 
..."",""rtl"":0,""iurl"":""https:\/\/img.us.news.samsung.com\/us\/wp-content\/uploads\/2021\/04\/07121624\/Galaxy-SmartTag_Product-image_high-res-1-scaled.jpg"",""sigi"":""z..ZXI_dBySZ"",""ourl"":""https:\/\/img.us.news.samsung.com\/us\/wp-content\/uploads\/2021\/04\/07121624\/Galaxy-SmartTag_Product-image_high-res-1-scaled.jpg"",""ith"":""https:\/\/tse3.mm.bing.net\/th?id=OIP.oCNAqghheMxn6IxF2TOqYQHaE8\u0026pid=Api\u0026P=0\u0026w=300\u0026h=300"",""rb"":"";_ylt=Awr9_TdsMQNmbq4I2yWJzbkF;_ylu=c2VjA3NyBHNsawNpbWcEb2lkAzllYzFiMzNmNTVlM2MyYzcyNjE4MTg2NWZjYzdkYWQ1BGdwb3MDMgRpdANiaW5n"",""rs"":0,""typ"":""""}",https://cellucity.co.za/wp-content/uploads/2023/10/Samsung-Galaxy-Smart-Tag-1-Pack-600x600.jpg,,https://www.google.com/search?q=Samsung%20Galaxy%20SmartTag%20-%20Manufacturer%20Stock%20Image&source=lnms&tbm=isch&sa=X&ved=2ahUKEwi_sfHlpeb8AhUvhP0HHVD6B6oQ_AUoAnoECAEQBA&biw=1920&bih=1009&dpr=1,https://www.google.com/search?q=Samsung%20Galaxy%20SmartTag%20-%20Manufacturer%20Stock%20Image&source=lnms&tbm=isch&sa=X&ved=2ahUKEwi_sfHlpeb8AhUvhP0HHVD6B6oQ_AUoAnoECAEQBA&biw=1920&bih=1009&dpr=1
Asics Men's OC Runner Lifestyle Shoes - Sunflower/Black - UK 11,New Unsealed,1,386,386,390,390,Asics%20Men%27s%20OC%20Runner%20Lifestyle%20Shoes%20-%20Sunflower%2FBlack%20-%20UK%2011%20-%20Manufacturer%20Stock%20Image,https://images.search.yahoo.com/search/images?p=Asics%20Men%27s%20OC%20Runner%20Lifestyle%20Shoes%20-%20Sunflower%2FBlack%20-%20UK%2011%20-%20Manufacturer%20Stock%20Image,"{""tw"":""992"",""th"":""618"",""tc"":""0"",""rtc"":"""",""stc"":"""",""a"":""www.idealo.de"",""s"":""165.4KB"",""w"":""992"",""h"":""618"",""hq"":false,""o"":"""",""c"":"""",""p"":false,""g"":"""",""sm"":"""",""is"":"""",""icMeta"":[],""rurl"":""https:\/\/www.idealo.de\/preisvergleich\/OffersOfProduct\/201829952_-oc-runner-sunflower-black-asics.html"",""sigr"":""Ls99JoG0Tqd8"",""hturl"":"""",""ad"":false,""alt"":""Asics 
Oc Runner sunflower\/black ab 70,00 \u20ac | Preisvergleich bei 
idealo.de"",""rtl"":0,""iurl"":""https:\/\/cdn.idealo.com\/folder\/Product\/201829\/9\/201829952\/s1_produktbild_max_1\/asics-oc-runner-sunflower-black.jpg"",""sigi"":""8h3nbF3XoKyn"",""ourl"":""https:\/\/cdn.idealo.com\/folder\/Product\/201829\/9\/201829952\/s1_produktbild_max_1\/asics-oc-runner-sunflower-black.jpg"",""ith"":""https:\/\/tse3.mm.bing.net\/th?id=OIP.Zj1I_54MRWmlknqldjnu-AHaEn\u0026pid=Api\u0026P=0\u0026w=300\u0026h=300"",""rb"":"";_ylt=Awrjff1MCANm5s8VUcqJzbkF;_ylu=c2VjA3NyBHNsawNpbWcEb2lkAzFhNDc4MzQwZGRjY2VmMTQ2MDk0YzM2YjI1Y2Q5NDQ3BGdwb3MDMgRpdANiaW5n"",""rs"":0,""typ"":""""}","https://assets.laboutiqueofficielle.com/w_1100,q_auto,f_auto/media/products/2022/01/06/asics_297888_1201A388_800_20220113T144332_02.jpg",,https://www.google.com/search?q=Asics%20Men%27s%20OC%20Runner%20Lifestyle%20Shoes%20-%20Sunflower%2FBlack%20-%20UK%2011%20-%20Manufacturer%20Stock%20Image&source=lnms&tbm=isch&sa=X&ved=2ahUKEwi_sfHlpeb8AhUvhP0HHVD6B6oQ_AUoAnoECAEQBA&biw=1920&bih=1009&dpr=1,https://www.google.com/search?q=Asics%20Men%27s%20OC%20Runner%20Lifestyle%20Shoes%20-%20Sunflower%2FBlack%20-%20UK%2011%20-%20Manufacturer%20Stock%20Image&source=lnms&tbm=isch&sa=X&ved=2ahUKEwi_sfHlpeb8AhUvhP0HHVD6B6oQ_AUoAnoECAEQBA&biw=1920&bih=1009&dpr=1
Defy 300w Hand Mixer,Brand New,5,55.5,277.5,380,1900,Defy%20300w%20Hand%20Mixer%20-%20Manufacturer%20Stock%20Image,https://images.search.yahoo.com/search/images?p=Defy%20300w%20Hand%20Mixer%20-%20Manufacturer%20Stock%20Image,"{""tw"":""1676"",""th"":""2048"",""tc"":""0"",""rtc"":"""",""stc"":"""",""a"":""theculinarium.co.za"",""s"":""139.5KB"",""w"":""1676"",""h"":""2048"",""hq"":false,""o"":"""",""c"":"""",""p"":false,""g"":"""",""sm"":"""",""is"":"""",""icMeta"":[],""rurl"":""https:\/\/theculinarium.co.za\/products\/defy-300w-hand-mixer-black"",""sigr"":""VSJCSa_zR_GX"",""hturl"":"""",""ad"":false,""alt"":""Defy 
300W Hand Mixer - Black \u2013 The 
Culinarium"",""rtl"":0,""iurl"":""https:\/\/theculinarium.co.za\/cdn\/shop\/products\/DefyHandMixerHM5040B_2048x2048.jpg?v=1668426625"",""sigi"":""lbfYZSwRxTDk"",""ourl"":""https:\/\/theculinarium.co.za\/cdn\/shop\/products\/DefyHandMixerHM5040B_2048x2048.jpg?v=1668426625"",""ith"":""https:\/\/tse1.mm.bing.net\/th?id=OIP.syCSoR_xpzDLKzL_9uqyxAHaJD\u0026pid=Api\u0026P=0\u0026w=300\u0026h=300"",""rb"":"";_ylt=Awr9_TdrMQNm5KEIezKJzbkF;_ylu=c2VjA3NyBHNsawNpbWcEb2lkAzcyNDQxNDE0NGE4OWZmYWQyOGI1N2Y3MmZkODU1N2NhBGdwb3MDMgRpdANiaW5n"",""rs"":0,""typ"":""""}",https://theculinarium.co.za/cdn/shop/products/DefyHandMixerHM5040B_2048x2048.jpg?v=1668426625,,https://www.google.com/search?q=Defy%20300w%20Hand%20Mixer%20-%20Manufacturer%20Stock%20Image&source=lnms&tbm=isch&sa=X&ved=2ahUKEwi_sfHlpeb8AhUvhP0HHVD6B6oQ_AUoAnoECAEQBA&biw=1920&bih=1009&dpr=1,https://www.google.com/search?q=Defy%20300w%20Hand%20Mixer%20-%20Manufacturer%20Stock%20Image&source=lnms&tbm=isch&sa=X&ved=2ahUKEwi_sfHlpeb8AhUvhP0HHVD6B6oQ_AUoAnoECAEQBA&biw=1920&bih=1009&dpr=1
Connex Smart WiFi 720P IP Camera Indoor,Brand New,3,50,150,380,1140,Connex%20Smart%20WiFi%20720P%20IP%20Camera%20Indoor%20-%20Manufacturer%20Stock%20Image,https://images.search.yahoo.com/search/images?p=Connex%20Smart%20WiFi%20720P%20IP%20Camera%20Indoor%20-%20Manufacturer%20Stock%20Image,"{""tw"":""1200"",""th"":""1200"",""tc"":""0"",""rtc"":"""",""stc"":"""",""a"":""www.showspace.co.za"",""s"":""291.7KB"",""w"":""1200"",""h"":""1200"",""hq"":false,""o"":"""",""c"":"""",""p"":false,""g"":"""",""sm"":"""",""is"":"""",""icMeta"":[],""rurl"":""https:\/\/www.showspace.co.za\/product\/connex-connect-smart-wifi-720p-ptz-ip-camera-auto-track-indoor\/"",""sigr"":""_TJVvJkp.LMc"",""hturl"":"""",""ad"":false,""alt"":""Connex 
Connect Smart WiFi 720P PTZ IP Camera Auto track Indoor - 
Showspace"",""rtl"":0,""iurl"":""https:\/\/www.showspace.co.za\/wp-content\/uploads\/2021\/10\/cc-c2005-smart-wifi-720p-ptz-ip-camera-auto-track-indoor-4-4.jpg"",""sigi"":""PSxkuF9_vWPX"",""ourl"":""https:\/\/www.showspace.co.za\/wp-content\/uploads\/2021\/10\/cc-c2005-smart-wifi-720p-ptz-ip-camera-auto-track-indoor-4-4.jpg"",""ith"":""https:\/\/tse2.mm.bing.net\/th?id=OIP.VMYLVIsfgNzhhWwbP14tlgHaHa\u0026pid=Api\u0026P=0\u0026w=300\u0026h=300"",""rb"":"";_ylt=Awr9.4dzMQNm2xoa3A.JzbkF;_ylu=c2VjA3NyBHNsawNpbWcEb2lkAzc2ZThkOGY3NmFkYjgwODUyZWQ3NTA2NTEyZDMzNTYwBGdwb3MDNARpdANiaW5n"",""rs"":0,""typ"":""""}",https://www.makro.co.za/sys-master/images/h18/hc2/11006633148446/silo-MIN_437867_EAA_large,,https://www.google.com/search?q=Connex%20Smart%20WiFi%20720P%20IP%20Camera%20Indoor%20-%20Manufacturer%20Stock%20Image&source=lnms&tbm=isch&sa=X&ved=2ahUKEwi_sfHlpeb8AhUvhP0HHVD6B6oQ_AUoAnoECAEQBA&biw=1920&bih=1009&dpr=1,https://www.google.com/search?q=Connex%20Smart%20WiFi%20720P%20IP%20Camera%20Indoor%20-%20Manufacturer%20Stock%20Image&source=lnms&tbm=isch&sa=X&ved=2ahUKEwi_sfHlpeb8AhUvhP0HHVD6B6oQ_AUoAnoECAEQBA&biw=1920&bih=1009&dpr=1
Bravecto Chewy Tablet for X-Large Dog - (>40-56Kg),Brand New,2,0.5,1,370,740,Bravecto%20Chewy%20Tablet%20for%20X-Large%20Dog%20-%20%28%3E40-56Kg%29%20-%20Manufacturer%20Stock%20Image,https://images.search.yahoo.com/search/images?p=Bravecto%20Chewy%20Tablet%20for%20X-Large%20Dog%20-%20%28%3E40-56Kg%29%20-%20Manufacturer%20Stock%20Image,,https://www.petheaven.co.za/media/catalog/product/cache/1/image/650x/040ec09b1e35df139433887a97daa66f/b/r/bravecto_x-large_dog_40-56kg_chewable_tick_flea_tablet-buy-online-south-africa.png,,https://www.google.com/search?q=Bravecto%20Chewy%20Tablet%20for%20X-Large%20Dog%20-%20%28%3E40-56Kg%29%20-%20Manufacturer%20Stock%20Image&source=lnms&tbm=isch&sa=X&ved=2ahUKEwi_sfHlpeb8AhUvhP0HHVD6B6oQ_AUoAnoECAEQBA&biw=1920&bih=1009&dpr=1,https://www.google.com/search?q=Bravecto%20Chewy%20Tablet%20for%20X-Large%20Dog%20-%20%28%3E40-56Kg%29%20-%20Manufacturer%20Stock%20Image&source=lnms&tbm=isch&sa=X&ved=2ahUKEwi_sfHlpeb8AhUvhP0HHVD6B6oQ_AUoAnoECAEQBA&biw=1920&bih=1009&dpr=1
Cricut Watercolor Markers 9pc,Brand New,1,1,1,370,370,Cricut%20Watercolor%20Markers%209pc%20-%20Manufacturer%20Stock%20Image,https://images.search.yahoo.com/search/images?p=Cricut%20Watercolor%20Markers%209pc%20-%20Manufacturer%20Stock%20Image,"{""tw"":""1536"",""th"":""1536"",""tc"":""0"",""rtc"":"""",""stc"":"""",""a"":""bonblom.co.za"",""s"":""273.1KB"",""w"":""1536"",""h"":""1536"",""hq"":false,""o"":"""",""c"":"""",""p"":false,""g"":"""",""sm"":"""",""is"":"""",""icMeta"":[],""rurl"":""https:\/\/bonblom.co.za\/product\/cricut-watercolor-markers-9pc\/"",""sigr"":""wzVHQAxyHvyx"",""hturl"":"""",""ad"":false,""alt"":""Cricut 
Watercolor Markers 9pc - BonBlom 
Online"",""rtl"":0,""iurl"":""https:\/\/bonblom.co.za\/wp-content\/uploads\/2022\/09\/2009979.4-1536x1536.jpg"",""sigi"":"".2cpQjpdmAFF"",""ourl"":""https:\/\/bonblom.co.za\/wp-content\/uploads\/2022\/09\/2009979.4-1536x1536.jpg"",""ith"":""https:\/\/tse2.mm.bing.net\/th?id=OIP.s-Md5u6f5H3mOKMDHO8lLAHaHa\u0026pid=Api\u0026P=0\u0026w=300\u0026h=300"",""rb"":"";_ylt=Awrjff1uMQNmJtEZ1xOJzbkF;_ylu=c2VjA3NyBHNsawNpbWcEb2lkAzY2ZDE2NTc3NTU2Y2MyODQ3ODQzMGYyNmU1OWYwNjQ2BGdwb3MDMQRpdANiaW5n"",""rs"":0,""typ"":""""}",https://bonblom.co.za/wp-content/uploads/2022/09/2009979.1.jpg,,https://www.google.com/search?q=Cricut%20Watercolor%20Markers%209pc%20-%20Manufacturer%20Stock%20Image&source=lnms&tbm=isch&sa=X&ved=2ahUKEwi_sfHlpeb8AhUvhP0HHVD6B6oQ_AUoAnoECAEQBA&biw=1920&bih=1009&dpr=1,https://www.google.com/search?q=Cricut%20Watercolor%20Markers%209pc%20-%20Manufacturer%20Stock%20Image&source=lnms&tbm=isch&sa=X&ved=2ahUKEwi_sfHlpeb8AhUvhP0HHVD6B6oQ_AUoAnoECAEQBA&biw=1920&bih=1009&dpr=1
MEDALIST CONTROL SKULL SKATEBOARD,Brand New,1,29.95,29.95,350,350,MEDALIST%20CONTROL%20SKULL%20SKATEBOARD%20-%20Manufacturer%20Stock%20Image,https://images.search.yahoo.com/search/images?p=MEDALIST%20CONTROL%20SKULL%20SKATEBOARD%20-%20Manufacturer%20Stock%20Image,"{""tw"":""1000"",""th"":""1000"",""tc"":""0"",""rtc"":"""",""stc"":"""",""a"":""www.nativeskatestore.co.uk"",""s"":""45.6KB"",""w"":""1000"",""h"":""1000"",""hq"":false,""o"":"""",""c"":"""",""p"":false,""g"":"""",""sm"":"""",""is"":"""",""icMeta"":[],""rurl"":""https:\/\/www.nativeskatestore.co.uk\/skateboards-c7\/complete-skateboards-c17\/skull-complete-skateboard-8-0-p40779"",""sigr"":""ZuvsHlfbHt2F"",""hturl"":"""",""ad"":false,""alt"":""Tricks 
Skateboards Skull Complete Skateboard - 8.0\u0026quot; - SKATEBOARDS from 
Native Skate Store 
UK"",""rtl"":0,""iurl"":""https:\/\/www.nativeskatestore.co.uk\/images\/skull-complete-skateboard-8-0-p40779-100566_image.jpg"",""sigi"":""wru0kALQrD4w"",""ourl"":""https:\/\/www.nativeskatestore.co.uk\/images\/skull-complete-skateboard-8-0-p40779-100566_image.jpg"",""ith"":""https:\/\/tse2.mm.bing.net\/th?id=OIP.dD4SRDSyN6RE_uOvlh2ncAHaHa\u0026pid=Api\u0026P=0\u0026w=300\u0026h=300"",""rb"":"";_ylt=Awr9_TdvMQNmS.cHZMGJzbkF;_ylu=c2VjA3NyBHNsawNpbWcEb2lkA2ZjM2QzZjRhNmNhMWNlNWYzZWRmMmE5YmFmNmNiNzNmBGdwb3MDMQRpdANiaW5n"",""rs"":0,""typ"":""""}",https://ci3.googleusercontent.com/meips/ADKq_NYGOS9Ag6jZD8DohmrXzcxH_r7KUAUnrG0F0hQ8P3VUilZs0ygM5AUq98-VR-zs1ZC77EoTaWJOLrgAayDiPwypQMSmQwUMdXCIjsZ5k-RLbQD5CXWAAqq79KW94E9Jvt5XUBV380lKTuOP0lDYgqAL-Vq_Qn52ASDSbi2qGgcWrWZfw08y8iWT=s0-d-e1-ft#http://image.tfgmedia.co.za/image/1/process//750x750?source=http://cdn.tfgmedia.co.za/13/ProductImages/59293089.jpg,,https://www.google.com/search?q=MEDALIST%20CONTROL%20SKULL%20SKATEBOARD%20-%20Manufacturer%20Stock%20Image&source=lnms&tbm=isch&sa=X&ved=2ahUKEwi_sfHlpeb8AhUvhP0HHVD6B6oQ_AUoAnoECAEQBA&biw=1920&bih=1009&dpr=1,https://www.google.com/search?q=MEDALIST%20CONTROL%20SKULL%20SKATEBOARD%20-%20Manufacturer%20Stock%20Image&source=lnms&tbm=isch&sa=X&ved=2ahUKEwi_sfHlpeb8AhUvhP0HHVD6B6oQ_AUoAnoECAEQBA&biw=1920&bih=1009&dpr=1
VOLKANO MAMBA SERIES BLUETOOTH SPEAKER,Brand New,1,69,69,350,350,VOLKANO%20MAMBA%20SERIES%20BLUETOOTH%20SPEAKER%20-%20Manufacturer%20Stock%20Image,https://images.search.yahoo.com/search/images?p=VOLKANO%20MAMBA%20SERIES%20BLUETOOTH%20SPEAKER%20-%20Manufacturer%20Stock%20Image,"{""tw"":""1000"",""th"":""1000"",""tc"":""0"",""rtc"":"""",""stc"":"""",""a"":""www.kitchenstuffplus.com"",""s"":""119.0KB"",""w"":""1000"",""h"":""1000"",""hq"":false,""o"":"""",""c"":"""",""p"":false,""g"":"""",""sm"":"""",""is"":"""",""icMeta"":[],""rurl"":""https:\/\/www.kitchenstuffplus.com\/volkano-mamba-wireless-bluetooth-speaker-black-1544"",""sigr"":""twdx7UdrQi1T"",""hturl"":"""",""ad"":false,""alt"":""Volkano 
Mamba Wireless Bluetooth Speaker (Black) | Kitchen Stuff 
Plus"",""rtl"":0,""iurl"":""https:\/\/www.kitchenstuffplus.com\/media\/catalog\/product\/1\/5\/1544_10000_volkano-mamba-black-wireless-bluetooth-speaker_r9p3mdzbwtnwaiv2.jpg?width=1000\u0026height=1000\u0026canvas=1000,1000\u0026optimize=high\u0026fit=bounds"",""sigi"":""AaOE0ckpZQCN"",""ourl"":""https:\/\/www.kitchenstuffplus.com\/media\/catalog\/product\/1\/5\/1544_10000_volkano-mamba-black-wireless-bluetooth-speaker_r9p3mdzbwtnwaiv2.jpg?width=1000\u0026height=1000\u0026canvas=1000,1000\u0026optimize=high\u0026fit=bounds"",""ith"":""https:\/\/tse4.mm.bing.net\/th?id=OIP.WNfFfdfCwwutWy5-qBwUzAHaHa\u0026pid=Api\u0026P=0\u0026w=300\u0026h=300"",""rb"":"";_ylt=Awrjff1yMQNmIWgYsBKJzbkF;_ylu=c2VjA3NyBHNsawNpbWcEb2lkAzMxYTE4ODE0YmYwYWJmOGFiYmEzMTVmNDIwMGM5OTg2BGdwb3MDMwRpdANiaW5n"",""rs"":0,""typ"":""""}","https://www.kitchenstuffplus.com/media/catalog/product/1/5/1544_10000_volkano-mamba-black-wireless-bluetooth-speaker_r9p3mdzbwtnwaiv2.jpg?width=1000u0026height=1000u0026canvas=1000,1000u0026optimize=highu0026fit=bounds",,https://www.google.com/search?q=VOLKANO%20MAMBA%20SERIES%20BLUETOOTH%20SPEAKER%20-%20Manufacturer%20Stock%20Image&source=lnms&tbm=isch&sa=X&ved=2ahUKEwi_sfHlpeb8AhUvhP0HHVD6B6oQ_AUoAnoECAEQBA&biw=1920&bih=1009&dpr=1,https://www.google.com/search?q=VOLKANO%20MAMBA%20SERIES%20BLUETOOTH%20SPEAKER%20-%20Manufacturer%20Stock%20Image&source=lnms&tbm=isch&sa=X&ved=2ahUKEwi_sfHlpeb8AhUvhP0HHVD6B6oQ_AUoAnoECAEQBA&biw=1920&bih=1009&dpr=1
PANDA Premium Wireless Foldable On-Ear Headphones ST99 Black,Brand New,1,59,59,350,350,PANDA%20Premium%20Wireless%20Foldable%20On-Ear%20Headphones%20ST99%20Black%20-%20Manufacturer%20Stock%20Image,https://images.search.yahoo.com/search/images?p=PANDA%20Premium%20Wireless%20Foldable%20On-Ear%20Headphones%20ST99%20Black%20-%20Manufacturer%20Stock%20Image,"{""tw"":""800"",""th"":""800"",""tc"":""0"",""rtc"":"""",""stc"":"""",""a"":""www.cellfixer.co.za"",""s"":""19.4KB"",""w"":""800"",""h"":""800"",""hq"":false,""o"":"""",""c"":"""",""p"":false,""g"":"""",""sm"":"""",""is"":"""",""icMeta"":[],""rurl"":""https:\/\/www.cellfixer.co.za\/products\/premium-wireless-foldable-on-ear-headphones-black"",""sigr"":""b3mqQ.GaevIx"",""hturl"":"""",""ad"":false,""alt"":""Premium 
Wireless Foldable On-Ear ST99 Headphones - Black | Cell 
Fixer\u00ae"",""rtl"":0,""iurl"":""http:\/\/www.cellfixer.co.za\/cdn\/shop\/files\/1695290007.4426_1024x1024.jpg?v=1695411826"",""sigi"":""f9jseEngjOI7"",""ourl"":""http:\/\/www.cellfixer.co.za\/cdn\/shop\/files\/1695290007.4426_1024x1024.jpg?v=1695411826"",""ith"":""https:\/\/tse3.mm.bing.net\/th?id=OIP.r__zAydCtg0KwOzo1aiwKQHaHa\u0026pid=Api\u0026P=0\u0026w=300\u0026h=300"",""rb"":"";_ylt=Awrjff06KANmKCAZoheJzbkF;_ylu=c2VjA3NyBHNsawNpbWcEb2lkAzQ4ZGJiOWMyOTM1ZGI5MDM1ZWVlNjZjZmIwMzdlNjY5BGdwb3MDMgRpdANiaW5n"",""rs"":0,""typ"":""""}","https://odo-cdn.imgix.net/catalog/product/169/529/1695290007.3945.jpeg?auto=compress,format&w=800&h=800&bg=fff&fit=fill",,https://www.google.com/search?q=PANDA%20Premium%20Wireless%20Foldable%20On-Ear%20Headphones%20ST99%20Black%20-%20Manufacturer%20Stock%20Image&source=lnms&tbm=isch&sa=X&ved=2ahUKEwi_sfHlpeb8AhUvhP0HHVD6B6oQ_AUoAnoECAEQBA&biw=1920&bih=1009&dpr=1,https://www.google.com/search?q=PANDA%20Premium%20Wireless%20Foldable%20On-Ear%20Headphones%20ST99%20Black%20-%20Manufacturer%20Stock%20Image&source=lnms&tbm=isch&sa=X&ved=2ahUKEwi_sfHlpeb8AhUvhP0HHVD6B6oQ_AUoAnoECAEQBA&biw=1920&bih=1009&dpr=1
@HOME KNIFE BLOCK SET GOLD,Brand New,1,45,45,350,350,%40HOME%20KNIFE%20BLOCK%20SET%20GOLD%20-%20Manufacturer%20Stock%20Image,https://images.search.yahoo.com/search/images?p=%40HOME%20KNIFE%20BLOCK%20SET%20GOLD%20-%20Manufacturer%20Stock%20Image,"{""tw"":""1014"",""th"":""1500"",""tc"":""0"",""rtc"":"""",""stc"":"""",""a"":""www.amazon.com"",""s"":""147.2KB"",""w"":""1014"",""h"":""1500"",""hq"":false,""o"":"""",""c"":"""",""p"":false,""g"":"""",""sm"":"""",""is"":"""",""icMeta"":[],""rurl"":""https:\/\/www.amazon.com\/McCook%C2%AE-Kitchen-Pieces-Titanium-Sharpener\/dp\/B09Z6RDXWT"",""sigr"":""1kyM1snUkhDH"",""hturl"":"""",""ad"":false,""alt"":""Amazon.com: 
McCook\u00ae MC69G Kitchen Knife Sets,20 Pieces Luxury Golden Titanium 
Knives Block Set 
..."",""rtl"":0,""iurl"":""https:\/\/m.media-amazon.com\/images\/I\/81+ldDlDJjL._AC_SL1500_.jpg"",""sigi"":""0i2txO0cqA5g"",""ourl"":""https:\/\/m.media-amazon.com\/images\/I\/81+ldDlDJjL._AC_SL1500_.jpg"",""ith"":""https:\/\/tse3.mm.bing.net\/th?id=OIP.GnKW-He6aPDaUZmIfBTgQAHaK9\u0026pid=Api\u0026P=0\u0026w=300\u0026h=300"",""rb"":"";_ylt=Awrjff1uMQNmUJkZZkOJzbkF;_ylu=c2VjA3NyBHNsawNpbWcEb2lkA2U5ZDA3ODU3MzFiN2RmNzMzNzEyMGRiZWRmZDMxNzFmBGdwb3MDMgRpdANiaW5n"",""rs"":0,""typ"":""""}",https://ci3.googleusercontent.com/meips/ADKq_NZsg2QdhwN3yvEkjms4T0quKbdExFD_42i59tP4e0ZDGci0SfBD62JgyCKvT9Q3rWupekmv-fl_-TLnnS1AFg4NTthmWUSQ8yjR_RMAHBwZnS9lGcRLTcrapL4J_rq0yNx-nrax9Tr4e4G15Zx8pwkzFdtgnZ-7NT5WnZvNeE1Q9xi-j28oifzN=s0-d-e1-ft#http://image.tfgmedia.co.za/image/1/process//750x750?source=http://cdn.tfgmedia.co.za/15/ProductImages/18035903.jpg,,https://www.google.com/search?q=%40HOME%20KNIFE%20BLOCK%20SET%20GOLD%20-%20Manufacturer%20Stock%20Image&source=lnms&tbm=isch&sa=X&ved=2ahUKEwi_sfHlpeb8AhUvhP0HHVD6B6oQ_AUoAnoECAEQBA&biw=1920&bih=1009&dpr=1,https://www.google.com/search?q=%40HOME%20KNIFE%20BLOCK%20SET%20GOLD%20-%20Manufacturer%20Stock%20Image&source=lnms&tbm=isch&sa=X&ved=2ahUKEwi_sfHlpeb8AhUvhP0HHVD6B6oQ_AUoAnoECAEQBA&biw=1920&bih=1009&dpr=1
"Bort Screwdriver, Mini Screwdriver and Bits Set / DIY Tool Kit (43 Piece)",Brand New,1,225,225,320,320,Bort%20Screwdriver%2C%20Mini%20Screwdriver%20and%20Bits%20Set%20%2F%20DIY%20Tool%20Kit%20%2843%20Piece%29%20-%20Manufacturer%20Stock%20Image,https://images.search.yahoo.com/search/images?p=Bort%20Screwdriver%2C%20Mini%20Screwdriver%20and%20Bits%20Set%20%2F%20DIY%20Tool%20Kit%20%2843%20Piece%29%20-%20Manufacturer%20Stock%20Image,"{""tw"":""1024"",""th"":""1024"",""tc"":""0"",""rtc"":"""",""stc"":"""",""a"":""www.bort.co.za"",""s"":""143.1KB"",""w"":""1024"",""h"":""1024"",""hq"":false,""o"":"""",""c"":"""",""p"":false,""g"":"""",""sm"":"""",""is"":"""",""icMeta"":[],""rurl"":""https:\/\/www.bort.co.za\/product\/bort-screwdriver-mini-screwdriver-and-bits-set-diy-tool-kit-43-piece\/"",""sigr"":"".BcxYmE2VbKp"",""hturl"":"""",""ad"":false,""alt"":""Bort 
- Screwdriver, Mini Screwdriver and Bits Set \/ DIY Tool Kit - 43 Piece - 
Bort - South 
Africa"",""rtl"":0,""iurl"":""https:\/\/www.bort.co.za\/wp-content\/uploads\/2021\/04\/1-5-1024x1024.jpg"",""sigi"":""DdEbMTWCLuOu"",""ourl"":""https:\/\/www.bort.co.za\/wp-content\/uploads\/2021\/04\/1-5-1024x1024.jpg"",""ith"":""https:\/\/tse1.mm.bing.net\/th?id=OIP.lRDJPasKaE9UDv1C_ye6_AHaHa\u0026pid=Api\u0026P=0\u0026w=300\u0026h=300"",""rb"":"";_ylt=Awr9_Tf0CANmfOkE8auJzbkF;_ylu=c2VjA3NyBHNsawNpbWcEb2lkAzA2ZTJlOWQ2ZWNmMDgxMjBiYjM0MjFlNTViMmE5MTI3BGdwb3MDMQRpdANiaW5n"",""rs"":0,""typ"":""""}",https://www.bort.co.za/wp-content/uploads/2021/04/5-3-768x768.jpg,,https://www.google.com/search?q=Bort%20Screwdriver%2C%20Mini%20Screwdriver%20and%20Bits%20Set%20%2F%20DIY%20Tool%20Kit%20%2843%20Piece%29%20-%20Manufacturer%20Stock%20Image&source=lnms&tbm=isch&sa=X&ved=2ahUKEwi_sfHlpeb8AhUvhP0HHVD6B6oQ_AUoAnoECAEQBA&biw=1920&bih=1009&dpr=1,https://www.google.com/search?q=Bort%20Screwdriver%2C%20Mini%20Screwdriver%20and%20Bits%20Set%20%2F%20DIY%20Tool%20Kit%20%2843%20Piece%29%20-%20Manufacturer%20Stock%20Image&source=lnms&tbm=isch&sa=X&ved=2ahUKEwi_sfHlpeb8AhUvhP0HHVD6B6oQ_AUoAnoECAEQBA&biw=1920&bih=1009&dpr=1
Russell Hobbs 200W Hand Mixer Duo,Brand New,1,50,50,320,320,Russell%20Hobbs%20200W%20Hand%20Mixer%20Duo%20-%20Manufacturer%20Stock%20Image,https://images.search.yahoo.com/search/images?p=Russell%20Hobbs%20200W%20Hand%20Mixer%20Duo%20-%20Manufacturer%20Stock%20Image,"{""tw"":""524"",""th"":""650"",""tc"":""0"",""rtc"":"""",""stc"":"""",""a"":""www.smartprice.co.za"",""s"":""50.0KB"",""w"":""524"",""h"":""650"",""hq"":false,""o"":"""",""c"":"""",""p"":false,""g"":"""",""sm"":"""",""is"":"""",""icMeta"":[],""rurl"":""https:\/\/www.smartprice.co.za\/offer\/594273\/russell-hobbs-200w-satin-hand-mixer.html"",""sigr"":""HD6D1zWytgpq"",""hturl"":"""",""ad"":false,""alt"":""Compare 
Prices | Russell Hobbs - 200W Satin Hand Mixer 
Duo"",""rtl"":0,""iurl"":""https:\/\/www.smartprice.co.za\/product-images\/huge\/594273-Russell-Hobbs--200W-Satin.jpg"",""sigi"":""Xr3fJxsN4jsi"",""ourl"":""https:\/\/www.smartprice.co.za\/product-images\/huge\/594273-Russell-Hobbs--200W-Satin.jpg"",""ith"":""https:\/\/tse1.mm.bing.net\/th?id=OIP.i4RPy2zxdXNiHP_Sc6I5RwHaJL\u0026pid=Api\u0026P=0\u0026w=300\u0026h=300"",""rb"":"";_ylt=Awrjbo9wMQNm0oEZWV6JzbkF;_ylu=c2VjA3NyBHNsawNpbWcEb2lkAzRiOWE3N2ZmYzUzMWIzNDNjY2JhYTA1NDEzZWU5OTk0BGdwb3MDMgRpdANiaW5n"",""rs"":0,""typ"":""""}",https://www.smartprice.co.za/product-images/huge/594273-Russell-Hobbs--200W-Satin.jpg,,https://www.google.com/search?q=Russell%20Hobbs%20200W%20Hand%20Mixer%20Duo%20-%20Manufacturer%20Stock%20Image&source=lnms&tbm=isch&sa=X&ved=2ahUKEwi_sfHlpeb8AhUvhP0HHVD6B6oQ_AUoAnoECAEQBA&biw=1920&bih=1009&dpr=1,https://www.google.com/search?q=Russell%20Hobbs%20200W%20Hand%20Mixer%20Duo%20-%20Manufacturer%20Stock%20Image&source=lnms&tbm=isch&sa=X&ved=2ahUKEwi_sfHlpeb8AhUvhP0HHVD6B6oQ_AUoAnoECAEQBA&biw=1920&bih=1009&dpr=1
Casals - 400W Jigsaw With Trigger Lock 55mm,Brand New,5,99,495,300,1500,Casals%20-%20400W%20Jigsaw%20With%20Trigger%20Lock%2055mm%20-%20Manufacturer%20Stock%20Image,https://images.search.yahoo.com/search/images?p=Casals%20-%20400W%20Jigsaw%20With%20Trigger%20Lock%2055mm%20-%20Manufacturer%20Stock%20Image,"{""tw"":""2096"",""th"":""1680"",""tc"":""0"",""rtc"":"""",""stc"":"""",""a"":""www.creativehousewares.co.za"",""s"":""147.3KB"",""w"":""2096"",""h"":""1680"",""hq"":false,""o"":"""",""c"":"""",""p"":false,""g"":"""",""sm"":"""",""is"":"""",""icMeta"":[],""rurl"":""https:\/\/www.creativehousewares.co.za\/products\/casals-jigsaw-with-trigger-lock-plastic-red-55mm-400w\/SA400"",""sigr"":""hQc6n7kNifoX"",""hturl"":"""",""ad"":false,""alt"":""Casals 
Jigsaw With Trigger Lock Plastic Red 55Mm 400W SA400 | Creative 
Housewares"",""rtl"":0,""iurl"":""https:\/\/www.creativehousewares.co.za\/siteitems\/images\/products\/SA400\/SA400-large.jpg"",""sigi"":""frXfE8S2txWK"",""ourl"":""https:\/\/www.creativehousewares.co.za\/siteitems\/images\/products\/SA400\/SA400-large.jpg"",""ith"":""https:\/\/tse2.mm.bing.net\/th?id=OIP.l6VN3NGQ7zlNmndirkD-2QHaF7\u0026pid=Api\u0026P=0\u0026w=300\u0026h=300"",""rb"":"";_ylt=Awrjbo.9MQNmR9oZkhOJzbkF;_ylu=c2VjA3NyBHNsawNpbWcEb2lkAzIxNmJjODMzNWQ0NjA3NDc4NzEwODcxYzkxM2JiMzBlBGdwb3MDMgRpdANiaW5n"",""rs"":0,""typ"":""""}",https://www.4home.co.za/images/stories/virtuemart/product/Casals%20Jigsaw%20With%20Trigger%20Lock%20Plastic%20Red%2055mm%20400W%20(SA400).jpg,,https://www.google.com/search?q=Casals%20-%20400W%20Jigsaw%20With%20Trigger%20Lock%2055mm%20-%20Manufacturer%20Stock%20Image&source=lnms&tbm=isch&sa=X&ved=2ahUKEwi_sfHlpeb8AhUvhP0HHVD6B6oQ_AUoAnoECAEQBA&biw=1920&bih=1009&dpr=1,https://www.google.com/search?q=Casals%20-%20400W%20Jigsaw%20With%20Trigger%20Lock%2055mm%20-%20Manufacturer%20Stock%20Image&source=lnms&tbm=isch&sa=X&ved=2ahUKEwi_sfHlpeb8AhUvhP0HHVD6B6oQ_AUoAnoECAEQBA&biw=1920&bih=1009&dpr=1
Dubery Stylish Vintage Polarized Sunglasses - Black - C01,Brand New,6,10,60,300,1800,Dubery%20Stylish%20Vintage%20Polarized%20Sunglasses%20-%20Black%20-%20C01%20-%20Manufacturer%20Stock%20Image,https://images.search.yahoo.com/search/images?p=Dubery%20Stylish%20Vintage%20Polarized%20Sunglasses%20-%20Black%20-%20C01%20-%20Manufacturer%20Stock%20Image,"{""tw"":""800"",""th"":""800"",""tc"":""0"",""rtc"":"""",""stc"":"""",""a"":""www.takealot.com"",""s"":""22.5KB"",""w"":""800"",""h"":""800"",""hq"":false,""o"":"""",""c"":"""",""p"":false,""g"":"""",""sm"":"""",""is"":"""",""icMeta"":[],""rurl"":""https:\/\/www.takealot.com\/dubery-s-vintage-polorized-sunglasses-black\/PLID73055078"",""sigr"":""SeGqYICujND5"",""hturl"":"""",""ad"":false,""alt"":""Dubery\u0026#39;s 
Vintage Polorized Sunglasses - Black | Shop Today. Get it Tomorrow! | 
takealot.com"",""rtl"":0,""iurl"":""https:\/\/media.takealot.com\/covers_images\/5c076f4f836b47a8a7540c665076c56c\/s-zoom.file"",""sigi"":""LFgF5DLAhlTt"",""ourl"":""https:\/\/media.takealot.com\/covers_images\/5c076f4f836b47a8a7540c665076c56c\/s-zoom.file"",""ith"":""https:\/\/tse1.mm.bing.net\/th?id=OIP.akT-Ww7_h8-RdvrErlgI6AHaHa\u0026pid=Api\u0026P=0\u0026w=300\u0026h=300"",""rb"":"";_ylt=Awr93rzyJwNmC98FCpiJzbkF;_ylu=c2VjA3NyBHNsawNpbWcEb2lkA2FkZmE4NTRiZDEwMWI3MDc3NzRiZTk4YzhiZWE3NWM5BGdwb3MDMQRpdANiaW5n"",""rs"":0,""typ"":""""}",https://media.takealot.com/covers_images/1c790ff237bf4321aaee46bef5309a85/s-fb.file,,https://www.google.com/search?q=Dubery%20Stylish%20Vintage%20Polarized%20Sunglasses%20-%20Black%20-%20C01%20-%20Manufacturer%20Stock%20Image&source=lnms&tbm=isch&sa=X&ved=2ahUKEwi_sfHlpeb8AhUvhP0HHVD6B6oQ_AUoAnoECAEQBA&biw=1920&bih=1009&dpr=1,https://www.google.com/search?q=Dubery%20Stylish%20Vintage%20Polarized%20Sunglasses%20-%20Black%20-%20C01%20-%20Manufacturer%20Stock%20Image&source=lnms&tbm=isch&sa=X&ved=2ahUKEwi_sfHlpeb8AhUvhP0HHVD6B6oQ_AUoAnoECAEQBA&biw=1920&bih=1009&dpr=1
PHILIPS EASYSPEED STEAM IRON 2100W,Brand New,1,45,45,300,300,PHILIPS%20EASYSPEED%20STEAM%20IRON%202100W%20-%20Manufacturer%20Stock%20Image,https://images.search.yahoo.com/search/images?p=PHILIPS%20EASYSPEED%20STEAM%20IRON%202100W%20-%20Manufacturer%20Stock%20Image,"{""tw"":""1250"",""th"":""1276"",""tc"":""0"",""rtc"":"""",""stc"":"""",""a"":""www.philips.com"",""s"":""38.0KB"",""w"":""1250"",""h"":""1276"",""hq"":false,""o"":"""",""c"":"""",""p"":false,""g"":"""",""sm"":"""",""is"":"""",""icMeta"":[],""rurl"":""https:\/\/www.philips.com\/c-p\/GC1742_46\/easyspeed-steam-iron"",""sigr"":""EVMmSBEppTNi"",""hturl"":"""",""ad"":false,""alt"":""EasySpeed 
Steam iron GC1742\/46 | 
Philips"",""rtl"":0,""iurl"":""https:\/\/images.philips.com\/is\/image\/philipsconsumer\/bbbc73ddde7e4365aa3aad2600f42850?$jpglarge$\u0026wid=1250"",""sigi"":""CAc9YraCmF0f"",""ourl"":""https:\/\/images.philips.com\/is\/image\/philipsconsumer\/bbbc73ddde7e4365aa3aad2600f42850?$jpglarge$\u0026wid=1250"",""ith"":""https:\/\/tse4.mm.bing.net\/th?id=OIP.AH-nnfQulUS1CpCNCkS52QHaHj\u0026pid=Api\u0026P=0\u0026w=300\u0026h=300"",""rb"":"";_ylt=AwrOo.NwMQNmfpoYXWGJzbkF;_ylu=c2VjA3NyBHNsawNpbWcEb2lkAzc2NmIzNjgxZTVlZTQwYTE5NTlkY2JmOWNlNmZmYjFhBGdwb3MDMgRpdANiaW5n"",""rs"":0,""typ"":""""}",https://ci3.googleusercontent.com/meips/ADKq_NZZMiXfzdt2IvLmUswBmK0MTUaUwpS_XbXGv_0yVfZQmYo7B62aOCI17_zH844hBUBsUdFiGBbejios2eRb4xiYTX_-F6UW2BOpey6YSCF3V-pu0mdmZIraBD9qYD3zqyLOwDS1kZmDZejejix8VUEx0s6vAeo5iPSlhNDe-uE4WmAgeQw9KTsZ=s0-d-e1-ft#http://image.tfgmedia.co.za/image/1/process//750x750?source=http://cdn.tfgmedia.co.za/15/ProductImages/18040686.jpg,,https://www.google.com/search?q=PHILIPS%20EASYSPEED%20STEAM%20IRON%202100W%20-%20Manufacturer%20Stock%20Image&source=lnms&tbm=isch&sa=X&ved=2ahUKEwi_sfHlpeb8AhUvhP0HHVD6B6oQ_AUoAnoECAEQBA&biw=1920&bih=1009&dpr=1,https://www.google.com/search?q=PHILIPS%20EASYSPEED%20STEAM%20IRON%202100W%20-%20Manufacturer%20Stock%20Image&source=lnms&tbm=isch&sa=X&ved=2ahUKEwi_sfHlpeb8AhUvhP0HHVD6B6oQ_AUoAnoECAEQBA&biw=1920&bih=1009&dpr=1
UV Sterilizer with Wireless Charging,Brand New,3,0,0,300,900,UV%20Sterilizer%20with%20Wireless%20Charging%20-%20Manufacturer%20Stock%20Image,https://images.search.yahoo.com/search/images?p=UV%20Sterilizer%20with%20Wireless%20Charging%20-%20Manufacturer%20Stock%20Image,"{""tw"":""1200"",""th"":""1200"",""tc"":""0"",""rtc"":"""",""stc"":"""",""a"":""www.walmart.ca"",""s"":""120.7KB"",""w"":""1200"",""h"":""1200"",""hq"":false,""o"":"""",""c"":"""",""p"":false,""g"":"""",""sm"":"""",""is"":"""",""icMeta"":[],""rurl"":""https:\/\/www.walmart.ca\/en\/ip\/2-In-1-UV-Sterilizer-Wireless-Charger-15W-QI-Charger-Face-Mask-Disinfection-Box-Case-Earbuds-Laptop-Sterilizing\/PRD6V3KJL4U4SWX"",""sigr"":""BlFPYvJAkNlX"",""hturl"":"""",""ad"":false,""alt"":""2-In-1 
UV Sterilizer Wireless Charger 15W QI Charger Face Mask Disinfection Box 
Case Earbuds 
..."",""rtl"":0,""iurl"":""https:\/\/i5.walmartimages.com\/asr\/7c4c742a-c6c2-4208-a8d8-84c211343fa2.4d58c3844a69c1c7725325ac09edef0b.jpeg"",""sigi"":""lceYQmzrccA6"",""ourl"":""https:\/\/i5.walmartimages.com\/asr\/7c4c742a-c6c2-4208-a8d8-84c211343fa2.4d58c3844a69c1c7725325ac09edef0b.jpeg"",""ith"":""https:\/\/tse4.mm.bing.net\/th?id=OIP.kS7Xx2Z74SM5up1wlzo76gHaHa\u0026pid=Api\u0026P=0\u0026w=300\u0026h=300"",""rb"":"";_ylt=Awr9_TdxMQNmPBsIKKKJzbkF;_ylu=c2VjA3NyBHNsawNpbWcEb2lkA2JkZmRmNmFmN2MzYTQ2ZDRjNWFjZmI4NGQ1ODFkYjc2BGdwb3MDMgRpdANiaW5n"",""rs"":0,""typ"":""""}",https://images.samsung.com/is/image/samsung/za-uv-sterilizer-with-wireless-charging-gp-tou020sabww-white-284356792?$720_576_JPG$,,https://www.google.com/search?q=UV%20Sterilizer%20with%20Wireless%20Charging%20-%20Manufacturer%20Stock%20Image&source=lnms&tbm=isch&sa=X&ved=2ahUKEwi_sfHlpeb8AhUvhP0HHVD6B6oQ_AUoAnoECAEQBA&biw=1920&bih=1009&dpr=1,https://www.google.com/search?q=UV%20Sterilizer%20with%20Wireless%20Charging%20-%20Manufacturer%20Stock%20Image&source=lnms&tbm=isch&sa=X&ved=2ahUKEwi_sfHlpeb8AhUvhP0HHVD6B6oQ_AUoAnoECAEQBA&biw=1920&bih=1009&dpr=1
7 Piece Food Storage Containers - White Lid,Brand New,1,50,50,250,250,7%20Piece%20Food%20Storage%20Containers%20-%20White%20Lid%20-%20Manufacturer%20Stock%20Image,https://images.search.yahoo.com/search/images?p=7%20Piece%20Food%20Storage%20Containers%20-%20White%20Lid%20-%20Manufacturer%20Stock%20Image,"{""tw"":""2000"",""th"":""2000"",""tc"":""0"",""rtc"":"""",""stc"":"""",""a"":""www.desertcart.co.za"",""s"":""479.4KB"",""w"":""2000"",""h"":""2000"",""hq"":false,""o"":"""",""c"":"""",""p"":false,""g"":"""",""sm"":"""",""is"":"""",""icMeta"":[],""rurl"":""https:\/\/www.desertcart.co.za\/products\/110813037-chefs-path-airtight-food-storage-container-set-7-pc-set-labels-kitchen-pantry-organization-containers-bpa-free-clear-plastic-canisters-for-flour-cereal-with-improved-lids"",""sigr"":""pWcGjGKzRd6_"",""hturl"":"""",""ad"":false,""alt"":""Chef\u0026#39;s 
Path Airtight Food Storage Containers Set - 7 PC Set - Labels - For Kitchen 
Pantry 
..."",""rtl"":0,""iurl"":""https:\/\/images-na.ssl-images-amazon.com\/images\/I\/81ndw%2B0icPL.jpg"",""sigi"":""FFv9d16gAa92"",""ourl"":""https:\/\/images-na.ssl-images-amazon.com\/images\/I\/81ndw%2B0icPL.jpg"",""ith"":""https:\/\/tse4.mm.bing.net\/th?id=OIP.zq9gDI8YGGgJmvKSK2mHkgHaHa\u0026pid=Api\u0026P=0\u0026w=300\u0026h=300"",""rb"":"";_ylt=Awr9.4e7MQNmKwIZmO.JzbkF;_ylu=c2VjA3NyBHNsawNpbWcEb2lkA2I0MmE4MTE0YWYxMzA4YjUwOTBlODEyYTAxODM5ZmViBGdwb3MDMgRpdANiaW5n"",""rs"":0,""typ"":""""}",https://bargainbabe.com/wp-content/uploads/2020/12/containers.jpg,,https://www.google.com/search?q=7%20Piece%20Food%20Storage%20Containers%20-%20White%20Lid%20-%20Manufacturer%20Stock%20Image&source=lnms&tbm=isch&sa=X&ved=2ahUKEwi_sfHlpeb8AhUvhP0HHVD6B6oQ_AUoAnoECAEQBA&biw=1920&bih=1009&dpr=1,https://www.google.com/search?q=7%20Piece%20Food%20Storage%20Containers%20-%20White%20Lid%20-%20Manufacturer%20Stock%20Image&source=lnms&tbm=isch&sa=X&ved=2ahUKEwi_sfHlpeb8AhUvhP0HHVD6B6oQ_AUoAnoECAEQBA&biw=1920&bih=1009&dpr=1
LOGITECH M185 WIRELESS MOUSE Black,Brand New,1,0,0,225,225,LOGITECH%20M185%20WIRELESS%20MOUSE%20Black%20-%20Manufacturer%20Stock%20Image,https://images.search.yahoo.com/search/images?p=LOGITECH%20M185%20WIRELESS%20MOUSE%20Black%20-%20Manufacturer%20Stock%20Image,"{""tw"":""1001"",""th"":""1000"",""tc"":""0"",""rtc"":"""",""stc"":"""",""a"":""macrotronics.net"",""s"":""57.9KB"",""w"":""1001"",""h"":""1000"",""hq"":false,""o"":"""",""c"":"""",""p"":false,""g"":"""",""sm"":"""",""is"":"""",""icMeta"":[],""rurl"":""https:\/\/macrotronics.net\/product_info.php\/logitech-m185-wireless-compact-mouse-black-910-002235-p-17585"",""sigr"":""xiIfFaTnuADO"",""hturl"":"""",""ad"":false,""alt"":""Logitech 
M185 Wireless compact mouse black - 910-002235 - Mice- Macrotronics - 
Computer 
Store"",""rtl"":0,""iurl"":""https:\/\/macrotronics.net\/images\/logitech-m185-3-large.jpg"",""sigi"":""ch1LzqKO.a6n"",""ourl"":""https:\/\/macrotronics.net\/images\/logitech-m185-3-large.jpg"",""ith"":""https:\/\/tse3.mm.bing.net\/th?id=OIP.CWfrj3pr_BSgmMfcs28vPgHaHZ\u0026pid=Api\u0026P=0\u0026w=300\u0026h=300"",""rb"":"";_ylt=Awrjff1wMQNmO8cZAyKJzbkF;_ylu=c2VjA3NyBHNsawNpbWcEb2lkAzBiNDBkMmEzNGI2ZWExNGExMDBiMDlhZGE0MmIzODBkBGdwb3MDMQRpdANiaW5n"",""rs"":0,""typ"":""""}",https://www.gomicrocity.com/assets/img/products/mouses/images/mouwirlogm185_910002235.png,,https://www.google.com/search?q=LOGITECH%20M185%20WIRELESS%20MOUSE%20Black%20-%20Manufacturer%20Stock%20Image&source=lnms&tbm=isch&sa=X&ved=2ahUKEwi_sfHlpeb8AhUvhP0HHVD6B6oQ_AUoAnoECAEQBA&biw=1920&bih=1009&dpr=1,https://www.google.com/search?q=LOGITECH%20M185%20WIRELESS%20MOUSE%20Black%20-%20Manufacturer%20Stock%20Image&source=lnms&tbm=isch&sa=X&ved=2ahUKEwi_sfHlpeb8AhUvhP0HHVD6B6oQ_AUoAnoECAEQBA&biw=1920&bih=1009&dpr=1
Cricut Joy Starter Tool Set,Brand New,1,1,1,200,200,Cricut%20Joy%20Starter%20Tool%20Set%20-%20Manufacturer%20Stock%20Image,https://images.search.yahoo.com/search/images?p=Cricut%20Joy%20Starter%20Tool%20Set%20-%20Manufacturer%20Stock%20Image,"{""tw"":""1440"",""th"":""1440"",""tc"":""0"",""rtc"":"""",""stc"":"""",""a"":""www.michaels.com"",""s"":""251.9KB"",""w"":""1440"",""h"":""1440"",""hq"":false,""o"":"""",""c"":"""",""p"":false,""g"":"""",""sm"":"""",""is"":"""",""icMeta"":[],""rurl"":""https:\/\/www.michaels.com\/product\/cricut-joy-machine-rainbow-permanent-vinyl-joy-starter-tool-set-and-transfer-tape-bundle-152726968062951437"",""sigr"":""8wQ5wwtjwmLT"",""hturl"":"""",""ad"":false,""alt"":""Cricut 
Joy Machine Rainbow Permanent Vinyl, Joy Starter Tool Set, and Transfer 
Tape Bundle 
..."",""rtl"":0,""iurl"":""https:\/\/static.platform.michaels.com\/-2c-uat\/216174848561931745.jpeg"",""sigi"":""6ZjVAY10ic7t"",""ourl"":""https:\/\/static.platform.michaels.com\/-2c-uat\/216174848561931745.jpeg"",""ith"":""https:\/\/tse2.mm.bing.net\/th?id=OIP.pf9pjHHf6B94wi8QQ2i07gHaHa\u0026pid=Api\u0026P=0\u0026w=300\u0026h=300"",""rb"":"";_ylt=Awr9_TduMQNmOsgI6wuJzbkF;_ylu=c2VjA3NyBHNsawNpbWcEb2lkAzFjNTJiMTU5M2YxNGZlYWM4ZTY5Y2M1MWIzZmViZmUyBGdwb3MDMQRpdANiaW5n"",""rs"":0,""typ"":""""}",https://shop.scrapbookstudio.co.za/13806-large_default/cricut-joy-starter-tool-set.jpg,,https://www.google.com/search?q=Cricut%20Joy%20Starter%20Tool%20Set%20-%20Manufacturer%20Stock%20Image&source=lnms&tbm=isch&sa=X&ved=2ahUKEwi_sfHlpeb8AhUvhP0HHVD6B6oQ_AUoAnoECAEQBA&biw=1920&bih=1009&dpr=1,https://www.google.com/search?q=Cricut%20Joy%20Starter%20Tool%20Set%20-%20Manufacturer%20Stock%20Image&source=lnms&tbm=isch&sa=X&ved=2ahUKEwi_sfHlpeb8AhUvhP0HHVD6B6oQ_AUoAnoECAEQBA&biw=1920&bih=1009&dpr=1
Sunflex Ultimate Frisbee,Brand New,3,19,57,180,540,Sunflex%20Ultimate%20Frisbee%20-%20Manufacturer%20Stock%20Image,https://images.search.yahoo.com/search/images?p=Sunflex%20Ultimate%20Frisbee%20-%20Manufacturer%20Stock%20Image,"{""tw"":""718"",""th"":""480"",""tc"":""0"",""rtc"":"""",""stc"":"""",""a"":""www.sunflex-sport.com"",""s"":""167.1KB"",""w"":""718"",""h"":""480"",""hq"":false,""o"":"""",""c"":"""",""p"":false,""g"":"""",""sm"":"""",""is"":"""",""icMeta"":[],""rurl"":""https:\/\/www.sunflex-sport.com\/en\/products\/table-tennis\/sunflex-bats\/sunflex-ultimate-c55_10344"",""sigr"":""aoRFqAcVKvWj"",""hturl"":"""",""ad"":false,""alt"":""sunflex 
ULTIMATE 
C55"",""rtl"":0,""iurl"":""https:\/\/www.sunflex-sport.com\/userdir\/gallery2\/detail\/10344_ULTIMATE_C55_(6).jpg"",""sigi"":""U63O32i0Mki3"",""ourl"":""https:\/\/www.sunflex-sport.com\/userdir\/gallery2\/detail\/10344_ULTIMATE_C55_(6).jpg"",""ith"":""https:\/\/tse3.mm.bing.net\/th?id=OIP.XNA9RAtMN6m6uEm3jpgdGgHaE8\u0026pid=Api\u0026P=0\u0026w=300\u0026h=300"",""rb"":"";_ylt=Awrjbo9sMQNmu4MZDWKJzbkF;_ylu=c2VjA3NyBHNsawNpbWcEb2lkAzhlOTU0YmFjZTMyNmUwZTNkOWM0ZWNiMzY4Y2Y2MTQzBGdwb3MDMgRpdANiaW5n"",""rs"":0,""typ"":""""}",https://www.sunflex-sport.com/userdir/gallery2/detail/81100_Ultimate_wei%C3%9F.jpg,,https://www.google.com/search?q=Sunflex%20Ultimate%20Frisbee%20-%20Manufacturer%20Stock%20Image&source=lnms&tbm=isch&sa=X&ved=2ahUKEwi_sfHlpeb8AhUvhP0HHVD6B6oQ_AUoAnoECAEQBA&biw=1920&bih=1009&dpr=1,https://www.google.com/search?q=Sunflex%20Ultimate%20Frisbee%20-%20Manufacturer%20Stock%20Image&source=lnms&tbm=isch&sa=X&ved=2ahUKEwi_sfHlpeb8AhUvhP0HHVD6B6oQ_AUoAnoECAEQBA&biw=1920&bih=1009&dpr=1
Port Designs 90W HP Notebook Adapter,Brand New,1,50,50,160,160,Port%20Designs%2090W%20HP%20Notebook%20Adapter%20-%20Manufacturer%20Stock%20Image,https://images.search.yahoo.com/search/images?p=Port%20Designs%2090W%20HP%20Notebook%20Adapter%20-%20Manufacturer%20Stock%20Image,"{""tw"":""1000"",""th"":""1000"",""tc"":""0"",""rtc"":"""",""stc"":"""",""a"":""www.bonanza.com"",""s"":""131.8KB"",""w"":""1000"",""h"":""1000"",""hq"":false,""o"":"""",""c"":"""",""p"":false,""g"":"""",""sm"":"""",""is"":"""",""icMeta"":[],""rurl"":""https:\/\/www.bonanza.com\/listings\/Genuine-HP-1HU30AA-90W-Notebook-Travel-AC-Adapter-w-USB-Port-4-5mm-to-7-4mm-Con\/750119473"",""sigr"":""pqsWad_dQ1fB"",""hturl"":"""",""ad"":false,""alt"":""Genuine 
HP 1HU30AA 90W Notebook Travel AC Adapter w\/USB Port \u00264.5mm to 7.4mm 
Con - Laptop Power 
..."",""rtl"":0,""iurl"":""https:\/\/images.bonanzastatic.com\/afu\/images\/c405\/a32b\/7469_8279649559\/26682.jpg"",""sigi"":""_6dmvf0EzKYd"",""ourl"":""https:\/\/images.bonanzastatic.com\/afu\/images\/c405\/a32b\/7469_8279649559\/26682.jpg"",""ith"":""https:\/\/tse3.mm.bing.net\/th?id=OIP.vuoJW4_8XIrGyQ4Q1vvFOAHaHa\u0026pid=Api\u0026P=0\u0026w=300\u0026h=300"",""rb"":"";_ylt=Awr9.4dyMQNmKwIZ8OmJzbkF;_ylu=c2VjA3NyBHNsawNpbWcEb2lkA2MzYWUyYjE1NjI0YWI4M2UwYjg5YmQyOGFmYWMyNDRhBGdwb3MDMgRpdANiaW5n"",""rs"":0,""typ"":""""}",https://images.bonanzastatic.com/afu/images/c405/a32b/7469_8279649559/26682.jpg,,https://www.google.com/search?q=Port%20Designs%2090W%20HP%20Notebook%20Adapter%20-%20Manufacturer%20Stock%20Image&source=lnms&tbm=isch&sa=X&ved=2ahUKEwi_sfHlpeb8AhUvhP0HHVD6B6oQ_AUoAnoECAEQBA&biw=1920&bih=1009&dpr=1,https://www.google.com/search?q=Port%20Designs%2090W%20HP%20Notebook%20Adapter%20-%20Manufacturer%20Stock%20Image&source=lnms&tbm=isch&sa=X&ved=2ahUKEwi_sfHlpeb8AhUvhP0HHVD6B6oQ_AUoAnoECAEQBA&biw=1920&bih=1009&dpr=1
Port Designs 90W Lenovo Notebook Adapter,Brand New,1,50,50,160,160,Port%20Designs%2090W%20Lenovo%20Notebook%20Adapter%20-%20Manufacturer%20Stock%20Image,https://images.search.yahoo.com/search/images?p=Port%20Designs%2090W%20Lenovo%20Notebook%20Adapter%20-%20Manufacturer%20Stock%20Image,"{""tw"":""378"",""th"":""376"",""tc"":""0"",""rtc"":"""",""stc"":"""",""a"":""www.laptopdirect.co.za"",""s"":""15.5KB"",""w"":""378"",""h"":""376"",""hq"":false,""o"":"""",""c"":"""",""p"":false,""g"":"""",""sm"":"""",""is"":"""",""icMeta"":[],""rurl"":""https:\/\/www.laptopdirect.co.za\/Port-900007-LE-p-223339.php"",""sigr"":""bBuIcf0n6wyE"",""hturl"":"""",""ad"":false,""alt"":""900007-LE 
Port Designs 90W Notebooks Adapter for Lenovo | Laptop 
Direct"",""rtl"":0,""iurl"":""https:\/\/www.laptopdirect.co.za\/phpThumb\/phpThumb.php?src=b64_aHR0cDovL3d3dy5jb214LmNvLnphL2kvcG9ydC85MDAwMDctbGVfMS5qcGcmdz00MDAmaD00MDA="",""sigi"":""xY6cP5Z4msc7"",""ourl"":""https:\/\/www.laptopdirect.co.za\/phpThumb\/phpThumb.php?src=b64_aHR0cDovL3d3dy5jb214LmNvLnphL2kvcG9ydC85MDAwMDctbGVfMS5qcGcmdz00MDAmaD00MDA="",""ith"":""https:\/\/tse2.mm.bing.net\/th?id=OIP.-_Ukn6kXAfymFcXp_HW85AAAAA\u0026pid=Api\u0026P=0\u0026w=300\u0026h=300"",""rb"":"";_ylt=Awrjbo9zMQNm2.IYf9iJzbkF;_ylu=c2VjA3NyBHNsawNpbWcEb2lkA2I1ZmIyN2IwNTRjMGQzOTlkYTMwN2JlM2I1MzRjYjkwBGdwb3MDMgRpdANiaW5n"",""rs"":0,""typ"":""""}",https://www.battery-adapters.com/images/Lenovo-20V-4.5A-Fangg.jpg,,https://www.google.com/search?q=Port%20Designs%2090W%20Lenovo%20Notebook%20Adapter%20-%20Manufacturer%20Stock%20Image&source=lnms&tbm=isch&sa=X&ved=2ahUKEwi_sfHlpeb8AhUvhP0HHVD6B6oQ_AUoAnoECAEQBA&biw=1920&bih=1009&dpr=1,https://www.google.com/search?q=Port%20Designs%2090W%20Lenovo%20Notebook%20Adapter%20-%20Manufacturer%20Stock%20Image&source=lnms&tbm=isch&sa=X&ved=2ahUKEwi_sfHlpeb8AhUvhP0HHVD6B6oQ_AUoAnoECAEQBA&biw=1920&bih=1009&dpr=1
Port Designs 90W Acer/Toshiba Notebook Adapter,Brand New,1,40,40,160,160,Port%20Designs%2090W%20Acer%2FToshiba%20Notebook%20Adapter%20-%20Manufacturer%20Stock%20Image,https://images.search.yahoo.com/search/images?p=Port%20Designs%2090W%20Acer%2FToshiba%20Notebook%20Adapter%20-%20Manufacturer%20Stock%20Image,"{""tw"":""360"",""th"":""371"",""tc"":""0"",""rtc"":"""",""stc"":"""",""a"":""www.laptopdirect.co.za"",""s"":""15.0KB"",""w"":""360"",""h"":""371"",""hq"":false,""o"":"""",""c"":"""",""p"":false,""g"":"""",""sm"":"""",""is"":"""",""icMeta"":[],""rurl"":""https:\/\/www.laptopdirect.co.za\/Port-900007-ACTO-p-244718.php"",""sigr"":""xNzllOpY0oyL"",""hturl"":"""",""ad"":false,""alt"":""900007-ACTO 
Port Designs 90W Notebook Adapter for Acer and Toshiba | Laptop 
Direct"",""rtl"":0,""iurl"":""https:\/\/www.laptopdirect.co.za\/phpThumb\/phpThumb.php?src=b64_aHR0cDovL3d3dy5jb214LmNvLnphL2kvcG9ydC85MDAwMDctYWN0b18xLmpwZyZ3PTQwMCZoPTQwMA=="",""sigi"":""D7y69eplnYMQ"",""ourl"":""https:\/\/www.laptopdirect.co.za\/phpThumb\/phpThumb.php?src=b64_aHR0cDovL3d3dy5jb214LmNvLnphL2kvcG9ydC85MDAwMDctYWN0b18xLmpwZyZ3PTQwMCZoPTQwMA=="",""ith"":""https:\/\/tse1.mm.bing.net\/th?id=OIP._7tStum9ybAEfIQdA5AhegAAAA\u0026pid=Api\u0026P=0\u0026w=300\u0026h=300"",""rb"":"";_ylt=Awr9_TdFMgNmLk8H2F2JzbkF;_ylu=c2VjA3NyBHNsawNpbWcEb2lkAzRjYTZkNTgxNjdiNmZhZDNmOTZlYTM5YWMwMTRkNzFmBGdwb3MDMgRpdANiaW5n"",""rs"":0,""typ"":""""}",https://www.bhphotovideo.com/images/images2500x2500/toshiba_pa5035u_1aca_90w_global_ac_1038465.jpg,,https://www.google.com/search?q=Port%20Designs%2090W%20Acer%2FToshiba%20Notebook%20Adapter%20-%20Manufacturer%20Stock%20Image&source=lnms&tbm=isch&sa=X&ved=2ahUKEwi_sfHlpeb8AhUvhP0HHVD6B6oQ_AUoAnoECAEQBA&biw=1920&bih=1009&dpr=1,https://www.google.com/search?q=Port%20Designs%2090W%20Acer%2FToshiba%20Notebook%20Adapter%20-%20Manufacturer%20Stock%20Image&source=lnms&tbm=isch&sa=X&ved=2ahUKEwi_sfHlpeb8AhUvhP0HHVD6B6oQ_AUoAnoECAEQBA&biw=1920&bih=1009&dpr=1
Dell 90w 19.5 4.62A Big Pin Generic Charger/Adapter,Brand New,1,2,2,160,160,Dell%2090w%2019.5%204.62A%20Big%20Pin%20Generic%20Charger%2FAdapter%20-%20Manufacturer%20Stock%20Image,https://images.search.yahoo.com/search/images?p=Dell%2090w%2019.5%204.62A%20Big%20Pin%20Generic%20Charger%2FAdapter%20-%20Manufacturer%20Stock%20Image,,https://media.takealot.com/covers_tsins/61982881/61982881-1-pdpxl.png,,https://www.google.com/search?q=Dell%2090w%2019.5%204.62A%20Big%20Pin%20Generic%20Charger%2FAdapter%20-%20Manufacturer%20Stock%20Image&source=lnms&tbm=isch&sa=X&ved=2ahUKEwi_sfHlpeb8AhUvhP0HHVD6B6oQ_AUoAnoECAEQBA&biw=1920&bih=1009&dpr=1,https://www.google.com/search?q=Dell%2090w%2019.5%204.62A%20Big%20Pin%20Generic%20Charger%2FAdapter%20-%20Manufacturer%20Stock%20Image&source=lnms&tbm=isch&sa=X&ved=2ahUKEwi_sfHlpeb8AhUvhP0HHVD6B6oQ_AUoAnoECAEQBA&biw=1920&bih=1009&dpr=1
Omega Dry and Steam Teflon Soleplate (1200W) Iron - TS-12A6,Brand New,1,2,2,150,150,Omega%20Dry%20and%20Steam%20Teflon%20Soleplate%20%281200W%29%20Iron%20-%20TS-12A6%20-%20Manufacturer%20Stock%20Image,https://images.search.yahoo.com/search/images?p=Omega%20Dry%20and%20Steam%20Teflon%20Soleplate%20%281200W%29%20Iron%20-%20TS-12A6%20-%20Manufacturer%20Stock%20Image,"{""tw"":""1200"",""th"":""678"",""tc"":""0"",""rtc"":"""",""stc"":"""",""a"":""www.takealot.com"",""s"":""328.4KB"",""w"":""1200"",""h"":""678"",""hq"":false,""o"":"""",""c"":"""",""p"":false,""g"":"""",""sm"":"""",""is"":"""",""icMeta"":[],""rurl"":""https:\/\/www.takealot.com\/omega-dry-and-steam-teflon-soleplate-1200w-iron-ts-12a6\/PLID73772662"",""sigr"":""QTObPSpnHivS"",""hturl"":"""",""ad"":false,""alt"":""Omega 
Dry and Steam Teflon Soleplate (1200W) Iron - TS-12A6 | Shop Today. Get it 
Tomorrow 
..."",""rtl"":0,""iurl"":""https:\/\/media.takealot.com\/covers_images\/53774dc3c8ac4a7bb6bd27d6eb44ac69\/s-zoom.file"",""sigi"":""65etRqiFVWJv"",""ourl"":""https:\/\/media.takealot.com\/covers_images\/53774dc3c8ac4a7bb6bd27d6eb44ac69\/s-zoom.file"",""ith"":""https:\/\/tse4.mm.bing.net\/th?id=OIP.vAYfSBeSF8GUqySITeZrpAHaEL\u0026pid=Api\u0026P=0\u0026w=300\u0026h=300"",""rb"":"";_ylt=Awrjff0qCANm588VDMmJzbkF;_ylu=c2VjA3NyBHNsawNpbWcEb2lkA2U1ODczYjRhMTZlYTA3M2FjZDFiNzgyZGJjY2NiYTA4BGdwb3MDMQRpdANiaW5n"",""rs"":0,""typ"":""""}",https://media.takealot.com/covers_images/53774dc3c8ac4a7bb6bd27d6eb44ac69/s-zoom.file,,https://www.google.com/search?q=Omega%20Dry%20and%20Steam%20Teflon%20Soleplate%20%281200W%29%20Iron%20-%20TS-12A6%20-%20Manufacturer%20Stock%20Image&source=lnms&tbm=isch&sa=X&ved=2ahUKEwi_sfHlpeb8AhUvhP0HHVD6B6oQ_AUoAnoECAEQBA&biw=1920&bih=1009&dpr=1,
Hi-Fly Fun Delta Conyne Kite,Brand New,7,99.9,699.3,130,910,Hi-Fly%20Fun%20Delta%20Conyne%20Kite%20-%20Manufacturer%20Stock%20Image,https://images.search.yahoo.com/search/images?p=Hi-Fly%20Fun%20Delta%20Conyne%20Kite%20-%20Manufacturer%20Stock%20Image,"{""tw"":""1956"",""th"":""1203"",""tc"":""0"",""rtc"":"""",""stc"":"""",""a"":""www.pinterest.com"",""s"":""182.2KB"",""w"":""1956"",""h"":""1203"",""hq"":false,""o"":"""",""c"":"""",""p"":false,""g"":"""",""sm"":"""",""is"":"""",""icMeta"":[],""rurl"":""https:\/\/www.pinterest.com\/pin\/543950461222450752\/"",""sigr"":""8j7w7IOk1ooI"",""hturl"":"""",""ad"":false,""alt"":""Into 
The Wind Alpine Delta Conyne Kite | Kite making, Kite, Kite 
shop"",""rtl"":0,""iurl"":""https:\/\/i.pinimg.com\/originals\/0d\/48\/6a\/0d486aa95f5012562ea26da5dd92d65f.jpg"",""sigi"":""i2e7NNBSevJX"",""ourl"":""https:\/\/i.pinimg.com\/originals\/0d\/48\/6a\/0d486aa95f5012562ea26da5dd92d65f.jpg"",""ith"":""https:\/\/tse3.mm.bing.net\/th?id=OIP.RtIVLIAX70K7olP25BkLJAHaEj\u0026pid=Api\u0026P=0\u0026w=300\u0026h=300"",""rb"":"";_ylt=Awr9.4duMQNmZukYUfOJzbkF;_ylu=c2VjA3NyBHNsawNpbWcEb2lkA2MxMDRlZTkxYTZjNThjZjQ3YzliMGNjNDFmOTE0NTI2BGdwb3MDMgRpdANiaW5n"",""rs"":0,""typ"":""""}",https://denkit.co.za/wp-content/uploads/2022/12/HFSL011-1.png,,https://www.google.com/search?q=Hi-Fly%20Fun%20Delta%20Conyne%20Kite%20-%20Manufacturer%20Stock%20Image&source=lnms&tbm=isch&sa=X&ved=2ahUKEwi_sfHlpeb8AhUvhP0HHVD6B6oQ_AUoAnoECAEQBA&biw=1920&bih=1009&dpr=1,https://www.google.com/search?q=Hi-Fly%20Fun%20Delta%20Conyne%20Kite%20-%20Manufacturer%20Stock%20Image&source=lnms&tbm=isch&sa=X&ved=2ahUKEwi_sfHlpeb8AhUvhP0HHVD6B6oQ_AUoAnoECAEQBA&biw=1920&bih=1009&dpr=1
Otima 24 Piece Lock Box Combo,Brand New,12,15,180,125,1500,Otima%2024%20Piece%20Lock%20Box%20Combo%20-%20Manufacturer%20Stock%20Image,https://images.search.yahoo.com/search/images?p=Otima%2024%20Piece%20Lock%20Box%20Combo%20-%20Manufacturer%20Stock%20Image,"{""tw"":""800"",""th"":""800"",""tc"":""0"",""rtc"":"""",""stc"":"""",""a"":""bubblesplastics.co.za"",""s"":""36.7KB"",""w"":""800"",""h"":""800"",""hq"":false,""o"":"""",""c"":"""",""p"":false,""g"":"""",""sm"":"""",""is"":"""",""icMeta"":[],""rurl"":""https:\/\/bubblesplastics.co.za\/products\/otima-mega-lock-box-24pack"",""sigr"":""Jg1L7VNxTtw7"",""hturl"":"""",""ad"":false,""alt"":""Otima 
Utility Container Mega Lock Box 24pack 
Set"",""rtl"":0,""iurl"":""https:\/\/bubblesplastics.co.za\/cdn\/shop\/products\/72975-1_800x.jpg?v=1670957085"",""sigi"":""04BcJY8Al5kx"",""ourl"":""https:\/\/bubblesplastics.co.za\/cdn\/shop\/products\/72975-1_800x.jpg?v=1670957085"",""ith"":""https:\/\/tse1.mm.bing.net\/th?id=OIP.x73o-Me8sh_sBbjwrJD7PAHaHa\u0026pid=Api\u0026P=0\u0026w=300\u0026h=300"",""rb"":"";_ylt=Awr9_TdvMQNmzbkIHxuJzbkF;_ylu=c2VjA3NyBHNsawNpbWcEb2lkAzI2MjA0ZDNjZDlmNjNjMzAwMGNkODNjODAxYWI3Yzg5BGdwb3MDMgRpdANiaW5n"",""rs"":0,""typ"":""""}",https://bubblesplastics.co.za/cdn/shop/products/72975-1_800x.jpg?v=1670957085,,https://www.google.com/search?q=Otima%2024%20Piece%20Lock%20Box%20Combo%20-%20Manufacturer%20Stock%20Image&source=lnms&tbm=isch&sa=X&ved=2ahUKEwi_sfHlpeb8AhUvhP0HHVD6B6oQ_AUoAnoECAEQBA&biw=1920&bih=1009&dpr=1,https://www.google.com/search?q=Otima%2024%20Piece%20Lock%20Box%20Combo%20-%20Manufacturer%20Stock%20Image&source=lnms&tbm=isch&sa=X&ved=2ahUKEwi_sfHlpeb8AhUvhP0HHVD6B6oQ_AUoAnoECAEQBA&biw=1920&bih=1009&dpr=1
Sunflex Tauchstabe Tropical Wave Diving Sticks,Brand New,3,19,57,90,270,Sunflex%20Tauchstabe%20Tropical%20Wave%20Diving%20Sticks%20-%20Manufacturer%20Stock%20Image,https://images.search.yahoo.com/search/images?p=Sunflex%20Tauchstabe%20Tropical%20Wave%20Diving%20Sticks%20-%20Manufacturer%20Stock%20Image,Loading...,https://media.capeunionmart.co.za/i/capeunionmart/101130013_C00_1?$zoom$,,https://www.google.com/search?q=Sunflex%20Tauchstabe%20Tropical%20Wave%20Diving%20Sticks%20-%20Manufacturer%20Stock%20Image&source=lnms&tbm=isch&sa=X&ved=2ahUKEwi_sfHlpeb8AhUvhP0HHVD6B6oQ_AUoAnoECAEQBA&biw=1920&bih=1009&dpr=1,https://www.google.com/search?q=Sunflex%20Tauchstabe%20Tropical%20Wave%20Diving%20Sticks%20-%20Manufacturer%20Stock%20Image&source=lnms&tbm=isch&sa=X&ved=2ahUKEwi_sfHlpeb8AhUvhP0HHVD6B6oQ_AUoAnoECAEQBA&biw=1920&bih=1009&dpr=1
Sunflex Circle Foam Boom-a-Rang,Brand New,3,19,57,90,270,Sunflex%20Circle%20Foam%20Boom-a-Rang%20-%20Manufacturer%20Stock%20Image,https://images.search.yahoo.com/search/images?p=Sunflex%20Circle%20Foam%20Boom-a-Rang%20-%20Manufacturer%20Stock%20Image,"{""tw"":""1200"",""th"":""1092"",""tc"":""0"",""rtc"":"""",""stc"":"""",""a"":""onlinekids.dk"",""s"":""180.9KB"",""w"":""1200"",""h"":""1092"",""hq"":false,""o"":"""",""c"":"""",""p"":false,""g"":"""",""sm"":"""",""is"":"""",""icMeta"":[],""rurl"":""https:\/\/onlinekids.dk\/shop\/1176-sunflex\/28028-sunflex-foldbar-boomerang-circle\/"",""sigr"":""zKTi4HYAFDZs"",""hturl"":"""",""ad"":false,""alt"":""Sunflex 
Foldbar Boomerang, Circle - Sunflex - 
Onlinekids.dk"",""rtl"":0,""iurl"":""https:\/\/sw10261.sfstatic.io\/upload_dir\/shop\/Maerker\/Sunflex\/Udendoersleg\/SF-74471.jpg"",""sigi"":""fDKJSHw6wk1z"",""ourl"":""https:\/\/sw10261.sfstatic.io\/upload_dir\/shop\/Maerker\/Sunflex\/Udendoersleg\/SF-74471.jpg"",""ith"":""https:\/\/tse2.mm.bing.net\/th?id=OIP.XZ4TYvmVzfaYgehZMMiRugHaGv\u0026pid=Api\u0026P=0\u0026w=300\u0026h=300"",""rb"":"";_ylt=Awr9_TdvMQNmK84IXwWJzbkF;_ylu=c2VjA3NyBHNsawNpbWcEb2lkA2YzZjE2ODIxYWEzNmNhODczNThjN2Q2NmIyMDk0ZmNjBGdwb3MDMgRpdANiaW5n"",""rs"":0,""typ"":""""}",https://www.sunflex-sport.com/userdir/product/large/74470_Cassini_Neoremix_Illusion_main.jpg,,https://www.google.com/search?q=Sunflex%20Circle%20Foam%20Boom-a-Rang%20-%20Manufacturer%20Stock%20Image&source=lnms&tbm=isch&sa=X&ved=2ahUKEwi_sfHlpeb8AhUvhP0HHVD6B6oQ_AUoAnoECAEQBA&biw=1920&bih=1009&dpr=1,https://www.google.com/search?q=Sunflex%20Circle%20Foam%20Boom-a-Rang%20-%20Manufacturer%20Stock%20Image&source=lnms&tbm=isch&sa=X&ved=2ahUKEwi_sfHlpeb8AhUvhP0HHVD6B6oQ_AUoAnoECAEQBA&biw=1920&bih=1009&dpr=1
Sunflex Night Fly Frisbee,Brand New,3,19,57,90,270,Sunflex%20Night%20Fly%20Frisbee%20-%20Manufacturer%20Stock%20Image,https://images.search.yahoo.com/search/images?p=Sunflex%20Night%20Fly%20Frisbee%20-%20Manufacturer%20Stock%20Image,"{""tw"":""1200"",""th"":""800"",""tc"":""0"",""rtc"":"""",""stc"":"""",""a"":""www.sunflex-sport.com"",""s"":""175.8KB"",""w"":""1200"",""h"":""800"",""hq"":false,""o"":"""",""c"":"""",""p"":false,""g"":"""",""sm"":"""",""is"":"""",""icMeta"":[],""rurl"":""https:\/\/www.sunflex-sport.com\/en\/products\/funsport\/frisbee---flying-disc"",""sigr"":""ciK9GWkelkZV"",""hturl"":"""",""ad"":false,""alt"":""Frisbee 
\/ Flying Disc - sunflex 
sport"",""rtl"":0,""iurl"":""https:\/\/www.sunflex-sport.com\/userdir\/product\/large\/74762_Venus_Action_Pro_image.jpg"",""sigi"":""V0JE2BhJMFMH"",""ourl"":""https:\/\/www.sunflex-sport.com\/userdir\/product\/large\/74762_Venus_Action_Pro_image.jpg"",""ith"":""https:\/\/tse2.mm.bing.net\/th?id=OIP.chzYxVMjsZe8qtrs4nrqhQHaE8\u0026pid=Api\u0026P=0\u0026w=300\u0026h=300"",""rb"":"";_ylt=Awrjbo9tMQNmnRgZ6aKJzbkF;_ylu=c2VjA3NyBHNsawNpbWcEb2lkAzMwNDlmMWUxMjUzNjUxZWM4ZjY2YzNmMzA1YWUxZjRkBGdwb3MDMQRpdANiaW5n"",""rs"":0,""typ"":""""}",https://www.sunflex-sport.com/userdir/product/large/80164_NightFly.jpg,,https://www.google.com/search?q=Sunflex%20Night%20Fly%20Frisbee%20-%20Manufacturer%20Stock%20Image&source=lnms&tbm=isch&sa=X&ved=2ahUKEwi_sfHlpeb8AhUvhP0HHVD6B6oQ_AUoAnoECAEQBA&biw=1920&bih=1009&dpr=1,https://www.google.com/search?q=Sunflex%20Night%20Fly%20Frisbee%20-%20Manufacturer%20Stock%20Image&source=lnms&tbm=isch&sa=X&ved=2ahUKEwi_sfHlpeb8AhUvhP0HHVD6B6oQ_AUoAnoECAEQBA&biw=1920&bih=1009&dpr=1
Sunflex Catch Ball,Brand New,2,19,38,90,180,Sunflex%20Catch%20Ball%20-%20Manufacturer%20Stock%20Image,https://images.search.yahoo.com/search/images?p=Sunflex%20Catch%20Ball%20-%20Manufacturer%20Stock%20Image,"{""tw"":""930"",""th"":""620"",""tc"":""0"",""rtc"":"""",""stc"":"""",""a"":""www.jumbo.ch"",""s"":""142.0KB"",""w"":""930"",""h"":""620"",""hq"":false,""o"":"""",""c"":"""",""p"":false,""g"":"""",""sm"":"""",""is"":"""",""icMeta"":[],""rurl"":""https:\/\/www.jumbo.ch\/de\/hobby-sport\/freizeit-ballsport\/outdoor-spiele\/sunflex-mini-sure-catch-ball-set-assortiert\/p\/6958549"",""sigr"":""gnl65idRXjXa"",""hturl"":"""",""ad"":false,""alt"":""Sunflex 
Mini Sure Catch-Ball-Set ASSORTIERT kaufen bei 
JUMBO"",""rtl"":0,""iurl"":""https:\/\/www.jumbo.ch\/img\/products\/930Wx620H\/6958549_003.jpg?_=1659462272752"",""sigi"":""zUIe3.wvT3ag"",""ourl"":""https:\/\/www.jumbo.ch\/img\/products\/930Wx620H\/6958549_003.jpg?_=1659462272752"",""ith"":""https:\/\/tse1.mm.bing.net\/th?id=OIP.KB06ftNkUTrPqzGShoXV4gHaE8\u0026pid=Api\u0026P=0\u0026w=300\u0026h=300"",""rb"":"";_ylt=Awrjff1rMQNm9s0ZpRiJzbkF;_ylu=c2VjA3NyBHNsawNpbWcEb2lkA2I4NGZhNzBhY2VlMzNlNDUxMTE2Y2FhZWMzOGY0MDY1BGdwb3MDMgRpdANiaW5n"",""rs"":0,""typ"":""""}",https://ci3.googleusercontent.com/meips/ADKq_Nb3rxGvgtg9m8gfM-09bVJ6xk3yzS75v1oUbOmDPKdQiv6FfHQYSaE4XbAf1nqiMglLyArhqytoNMae2t4H2s7UXg16sRzTOYgGYH3fFuFnu8V0V9_aOynNczTc51QiLwvK=s0-d-e1-ft#https://media.capeunionmart.co.za/i/capeunionmart/122486_0000_1?$small_PROD$,,https://www.google.com/search?q=Sunflex%20Catch%20Ball%20-%20Manufacturer%20Stock%20Image&source=lnms&tbm=isch&sa=X&ved=2ahUKEwi_sfHlpeb8AhUvhP0HHVD6B6oQ_AUoAnoECAEQBA&biw=1920&bih=1009&dpr=1,https://www.google.com/search?q=Sunflex%20Catch%20Ball%20-%20Manufacturer%20Stock%20Image&source=lnms&tbm=isch&sa=X&ved=2ahUKEwi_sfHlpeb8AhUvhP0HHVD6B6oQ_AUoAnoECAEQBA&biw=1920&bih=1009&dpr=1
Sunflex Bowling Set Circus,Brand New,2,19,38,90,180,Sunflex%20Bowling%20Set%20Circus%20-%20Manufacturer%20Stock%20Image,https://images.search.yahoo.com/search/images?p=Sunflex%20Bowling%20Set%20Circus%20-%20Manufacturer%20Stock%20Image,"{""tw"":""650"",""th"":""650"",""tc"":""0"",""rtc"":"""",""stc"":"""",""a"":""www.leroymerlin.fr"",""s"":""68.4KB"",""w"":""650"",""h"":""650"",""hq"":false,""o"":"""",""c"":"""",""p"":false,""g"":"""",""sm"":"""",""is"":"""",""icMeta"":[],""rurl"":""https:\/\/www.leroymerlin.fr\/produits\/terrasse-jardin\/piscine\/jeu-de-piscine\/sunflex-bowling-set-circus-87903940.html"",""sigr"":"".dyeM47NhFjo"",""hturl"":"""",""ad"":false,""alt"":""SUNFLEX 
BOWLING SET CIRCUS | Leroy 
Merlin"",""rtl"":0,""iurl"":""https:\/\/media.adeo.com\/marketplace\/MKP\/87903940\/3a30ff4dfd5b8e2f22e8407ed1ca1f9a.jpeg?width=650\u0026height=650\u0026format=jpg\u0026quality=80\u0026fit=bounds"",""sigi"":""s.hVFGVSAvXk"",""ourl"":""https:\/\/media.adeo.com\/marketplace\/MKP\/87903940\/3a30ff4dfd5b8e2f22e8407ed1ca1f9a.jpeg?width=650\u0026height=650\u0026format=jpg\u0026quality=80\u0026fit=bounds"",""ith"":""https:\/\/tse2.mm.bing.net\/th?id=OIP.KZVPuadTeyHA5XmFoGQzQQHaHa\u0026pid=Api\u0026P=0\u0026w=300\u0026h=300"",""rb"":"";_ylt=AwrOo.NtMQNmnlIZZr6JzbkF;_ylu=c2VjA3NyBHNsawNpbWcEb2lkAzNkNDQ1OWU3M2E5OTEwOGRhM2QzMDNmMjllNGZlOWM1BGdwb3MDMQRpdANiaW5n"",""rs"":0,""typ"":""""}",https://media.adeo.com/marketplace/MKP/87903940/3a30ff4dfd5b8e2f22e8407ed1ca1f9a.jpeg?width=650u0026height=650u0026format=jpgu0026quality=80u0026fit=bounds,,https://www.google.com/search?q=Sunflex%20Bowling%20Set%20Circus%20-%20Manufacturer%20Stock%20Image&source=lnms&tbm=isch&sa=X&ved=2ahUKEwi_sfHlpeb8AhUvhP0HHVD6B6oQ_AUoAnoECAEQBA&biw=1920&bih=1009&dpr=1,https://www.google.com/search?q=Sunflex%20Bowling%20Set%20Circus%20-%20Manufacturer%20Stock%20Image&source=lnms&tbm=isch&sa=X&ved=2ahUKEwi_sfHlpeb8AhUvhP0HHVD6B6oQ_AUoAnoECAEQBA&biw=1920&bih=1009&dpr=1
Sunflex American Football Neoremix Illusion,Brand New,2,19,38,90,180,Sunflex%20American%20Football%20Neoremix%20Illusion%20-%20Manufacturer%20Stock%20Image,https://images.search.yahoo.com/search/images?p=Sunflex%20American%20Football%20Neoremix%20Illusion%20-%20Manufacturer%20Stock%20Image,"{""tw"":""1200"",""th"":""740"",""tc"":""0"",""rtc"":"""",""stc"":"""",""a"":""www.sunflex-sport.com"",""s"":""147.9KB"",""w"":""1200"",""h"":""740"",""hq"":false,""o"":"""",""c"":"""",""p"":false,""g"":"""",""sm"":"""",""is"":"""",""icMeta"":[],""rurl"":""https:\/\/www.sunflex-sport.com\/en\/products\/funsport\/neopren-neoremix\/sunflex-miniballs-neoremix-illusion_74455"",""sigr"":""NoAlrk6ZSz.o"",""hturl"":"""",""ad"":false,""alt"":""sunflex 
MINIBALLS NEOREMIX 
ILLUSION"",""rtl"":0,""iurl"":""https:\/\/www.sunflex-sport.com\/userdir\/product\/large\/74455_Minibaelle_Neoremix_Illusion_Football.jpg"",""sigi"":""c58_ZZU0AxvG"",""ourl"":""https:\/\/www.sunflex-sport.com\/userdir\/product\/large\/74455_Minibaelle_Neoremix_Illusion_Football.jpg"",""ith"":""https:\/\/tse4.mm.bing.net\/th?id=OIP.RrggVyjevE8yQ7sEF0go5QHaEk\u0026pid=Api\u0026P=0\u0026w=300\u0026h=300"",""rb"":"";_ylt=Awrjff1zMQNmHrwZICOJzbkF;_ylu=c2VjA3NyBHNsawNpbWcEb2lkA2JjYmNmMzM4OWM3MGIzNzljMjg1Y2E0ZWRjMDhkMTZkBGdwb3MDMQRpdANiaW5n"",""rs"":0,""typ"":""""}",https://www.sunflex-sport.com/userdir/product/large/74455_Minibaelle_Neoremix_Illusion_Football.jpg,,https://www.google.com/search?q=Sunflex%20American%20Football%20Neoremix%20Illusion%20-%20Manufacturer%20Stock%20Image&source=lnms&tbm=isch&sa=X&ved=2ahUKEwi_sfHlpeb8AhUvhP0HHVD6B6oQ_AUoAnoECAEQBA&biw=1920&bih=1009&dpr=1,https://www.google.com/search?q=Sunflex%20American%20Football%20Neoremix%20Illusion%20-%20Manufacturer%20Stock%20Image&source=lnms&tbm=isch&sa=X&ved=2ahUKEwi_sfHlpeb8AhUvhP0HHVD6B6oQ_AUoAnoECAEQBA&biw=1920&bih=1009&dpr=1
Amplify Blues Series Earphones White & Rose Gold,Brand New,1,29,29,90,90,Amplify%20Blues%20Series%20Earphones%20White%20%26%20Rose%20Gold%20-%20Manufacturer%20Stock%20Image,https://images.search.yahoo.com/search/images?p=Amplify%20Blues%20Series%20Earphones%20White%20%26%20Rose%20Gold%20-%20Manufacturer%20Stock%20Image,"{""tw"":""600"",""th"":""600"",""tc"":""0"",""rtc"":"""",""stc"":"""",""a"":""matrixwarehouse.co.za"",""s"":"" 
9.0KB"",""w"":""600"",""h"":""600"",""hq"":false,""o"":"""",""c"":"""",""p"":false,""g"":"""",""sm"":"""",""is"":"""",""icMeta"":[],""rurl"":""https:\/\/matrixwarehouse.co.za\/product\/amplify-blues-series-earphones-white-rose-gold\/"",""sigr"":""1muMAfPYo.rN"",""hturl"":"""",""ad"":false,""alt"":""Amplify 
Blues Series Earphones - White\/Rose Gold | Matrix Warehouse 
Computers"",""rtl"":0,""iurl"":""https:\/\/matrixwarehouse.co.za\/wp-content\/uploads\/2023\/05\/amplify-blues-series-earphones-white-rose-gold.jpg"",""sigi"":""dpRIiVAGENu2"",""ourl"":""https:\/\/matrixwarehouse.co.za\/wp-content\/uploads\/2023\/05\/amplify-blues-series-earphones-white-rose-gold.jpg"",""ith"":""https:\/\/tse3.mm.bing.net\/th?id=OIP.Eg6ROgw1lIkWP5rStRq9RAHaHa\u0026pid=Api\u0026P=0\u0026w=300\u0026h=300"",""rb"":"";_ylt=Awrjbo9lMgNmhdEZwSaJzbkF;_ylu=c2VjA3NyBHNsawNpbWcEb2lkAzM2MDlmMjdlYjQyOTg0MzcwMzdhNzIwYzA0YjBiNTEyBGdwb3MDMQRpdANiaW5n"",""rs"":0,""typ"":""""}",https://matrixwarehouse.co.za/wp-content/uploads/2023/05/amplify-blues-series-earphones-white-rose-gold.jpg,,https://www.google.com/search?q=Amplify%20Blues%20Series%20Earphones%20White%20%26%20Rose%20Gold%20-%20Manufacturer%20Stock%20Image&source=lnms&tbm=isch&sa=X&ved=2ahUKEwi_sfHlpeb8AhUvhP0HHVD6B6oQ_AUoAnoECAEQBA&biw=1920&bih=1009&dpr=1,https://www.google.com/search?q=Amplify%20Blues%20Series%20Earphones%20White%20%26%20Rose%20Gold%20-%20Manufacturer%20Stock%20Image&source=lnms&tbm=isch&sa=X&ved=2ahUKEwi_sfHlpeb8AhUvhP0HHVD6B6oQ_AUoAnoECAEQBA&biw=1920&bih=1009&dpr=1
Sunflex Baseball Bat and Ball,Brand New,1,19,19,90,90,Sunflex%20Baseball%20Bat%20and%20Ball%20-%20Manufacturer%20Stock%20Image,https://images.search.yahoo.com/search/images?p=Sunflex%20Baseball%20Bat%20and%20Ball%20-%20Manufacturer%20Stock%20Image,"{""tw"":""492"",""th"":""615"",""tc"":""0"",""rtc"":"""",""stc"":"""",""a"":""www.cataloguespecials.co.za"",""s"":""18.0KB"",""w"":""492"",""h"":""615"",""hq"":false,""o"":"""",""c"":"""",""p"":false,""g"":"""",""sm"":"""",""is"":"""",""icMeta"":[],""rurl"":""https:\/\/www.cataloguespecials.co.za\/stores\/cape-union-mart\/specials\/sunflex-baseball-bat-and-ball-offer-13214941\/"",""sigr"":""Br1N_RT4z9h4"",""hturl"":"""",""ad"":false,""alt"":""Sunflex 
baseball bat and ball offer at Cape Union 
Mart"",""rtl"":0,""iurl"":""https:\/\/img.offers-cdn.net\/assets\/uploads\/offers\/za\/13214941\/sunflex-baseball-bat-and-ball-large.jpeg"",""sigi"":""B1vAajaEpDSu"",""ourl"":""https:\/\/img.offers-cdn.net\/assets\/uploads\/offers\/za\/13214941\/sunflex-baseball-bat-and-ball-large.jpeg"",""ith"":""https:\/\/tse2.mm.bing.net\/th?id=OIP.IlQpXfSg_VrsmEwzFjfkVAHaJQ\u0026pid=Api\u0026P=0\u0026w=300\u0026h=300"",""rb"":"";_ylt=Awr9.4duMQNmDBQZg8uJzbkF;_ylu=c2VjA3NyBHNsawNpbWcEb2lkAzJmN2M2NWY0NmFiNWYwMTQ4YzZlNWVlMTExZWIzMzZiBGdwb3MDMQRpdANiaW5n"",""rs"":0,""typ"":""""}",https://img.offers-cdn.net/assets/uploads/offers/za/13214941/sunflex-baseball-bat-and-ball-large.jpeg,,https://www.google.com/search?q=Sunflex%20Baseball%20Bat%20and%20Ball%20-%20Manufacturer%20Stock%20Image&source=lnms&tbm=isch&sa=X&ved=2ahUKEwi_sfHlpeb8AhUvhP0HHVD6B6oQ_AUoAnoECAEQBA&biw=1920&bih=1009&dpr=1,https://www.google.com/search?q=Sunflex%20Baseball%20Bat%20and%20Ball%20-%20Manufacturer%20Stock%20Image&source=lnms&tbm=isch&sa=X&ved=2ahUKEwi_sfHlpeb8AhUvhP0HHVD6B6oQ_AUoAnoECAEQBA&biw=1920&bih=1009&dpr=1
Sunflex boom-a-rang,Brand New,1,19,19,90,90,Sunflex%20boom-a-rang%20-%20Manufacturer%20Stock%20Image,https://images.search.yahoo.com/search/images?p=Sunflex%20boom-a-rang%20-%20Manufacturer%20Stock%20Image,"{""tw"":""1200"",""th"":""981"",""tc"":""0"",""rtc"":"""",""stc"":"""",""a"":""www.sunflex-sport.com"",""s"":""248.3KB"",""w"":""1200"",""h"":""981"",""hq"":false,""o"":"""",""c"":"""",""p"":false,""g"":"""",""sm"":"""",""is"":"""",""icMeta"":[],""rurl"":""https:\/\/www.sunflex-sport.com\/de\/produkte-funsport-frisbee---wurfscheiben\/sunflex-boom-a-rang-fun_74005"",""sigr"":""X_3UfLWpDqG5"",""hturl"":"""",""ad"":false,""alt"":""sunflex 
Boom-A-Rang 
FUN"",""rtl"":0,""iurl"":""https:\/\/www.sunflex-sport.com\/userdir\/product\/large\/74005_Boom_a_Rang.jpg"",""sigi"":""4Uezc58Hs_P0"",""ourl"":""https:\/\/www.sunflex-sport.com\/userdir\/product\/large\/74005_Boom_a_Rang.jpg"",""ith"":""https:\/\/tse2.mm.bing.net\/th?id=OIP.HsXb8WMU-dMgpe4AgwBn9AHaGD\u0026pid=Api\u0026P=0\u0026w=300\u0026h=300"",""rb"":"";_ylt=AwrOo.NrMQNm3MgYREWJzbkF;_ylu=c2VjA3NyBHNsawNpbWcEb2lkA2UwN2FjMWM2OGI3NzE1ZTllMDhhYWYwYjA3MzQ2NDAyBGdwb3MDMQRpdANiaW5n"",""rs"":0,""typ"":""""}",https://www.sunflex-sport.com/userdir/product/large/74005_Boom_a_Rang.jpg,,https://www.google.com/search?q=Sunflex%20boom-a-rang%20-%20Manufacturer%20Stock%20Image&source=lnms&tbm=isch&sa=X&ved=2ahUKEwi_sfHlpeb8AhUvhP0HHVD6B6oQ_AUoAnoECAEQBA&biw=1920&bih=1009&dpr=1,https://www.google.com/search?q=Sunflex%20boom-a-rang%20-%20Manufacturer%20Stock%20Image&source=lnms&tbm=isch&sa=X&ved=2ahUKEwi_sfHlpeb8AhUvhP0HHVD6B6oQ_AUoAnoECAEQBA&biw=1920&bih=1009&dpr=1
Sunflex Kickboard Fireworks,Brand New,1,19,19,90,90,Sunflex%20Kickboard%20Fireworks%20-%20Manufacturer%20Stock%20Image,https://images.search.yahoo.com/search/images?p=Sunflex%20Kickboard%20Fireworks%20-%20Manufacturer%20Stock%20Image,"{""tw"":""809"",""th"":""1200"",""tc"":""0"",""rtc"":"""",""stc"":"""",""a"":""www.sunflex-sport.com"",""s"":""137.8KB"",""w"":""809"",""h"":""1200"",""hq"":false,""o"":"""",""c"":"""",""p"":false,""g"":"""",""sm"":"""",""is"":"""",""icMeta"":[],""rurl"":""https:\/\/www.sunflex-sport.com\/en\/products\/funsport\/neopren-fireworks"",""sigr"":""t6q5AeyBUBNc"",""hturl"":"""",""ad"":false,""alt"":""Neopren 
Fireworks - sunflex 
sport"",""rtl"":0,""iurl"":""https:\/\/www.sunflex-sport.com\/userdir\/product\/large\/74839_fireworks_Schwimmbrett_pink_front.jpg"",""sigi"":""MsiFkHgtfaj9"",""ourl"":""https:\/\/www.sunflex-sport.com\/userdir\/product\/large\/74839_fireworks_Schwimmbrett_pink_front.jpg"",""ith"":""https:\/\/tse3.mm.bing.net\/th?id=OIP.hSRlJgFV9rMBpI6r1N3aHQHaK_\u0026pid=Api\u0026P=0\u0026w=300\u0026h=300"",""rb"":"";_ylt=Awr9_TdtMQNmp7QIQh.JzbkF;_ylu=c2VjA3NyBHNsawNpbWcEb2lkA2UzMzZjMzlmM2I2NmM5MDVmZjhiODBkNWRkMWY4YWU5BGdwb3MDMQRpdANiaW5n"",""rs"":0,""typ"":""""}",https://www.sunflex-sport.com/userdir/product/large/74839_fireworks_Schwimmbrett_pink_front.jpg,,https://www.google.com/search?q=Sunflex%20Kickboard%20Fireworks%20-%20Manufacturer%20Stock%20Image&source=lnms&tbm=isch&sa=X&ved=2ahUKEwi_sfHlpeb8AhUvhP0HHVD6B6oQ_AUoAnoECAEQBA&biw=1920&bih=1009&dpr=1,https://www.google.com/search?q=Sunflex%20Kickboard%20Fireworks%20-%20Manufacturer%20Stock%20Image&source=lnms&tbm=isch&sa=X&ved=2ahUKEwi_sfHlpeb8AhUvhP0HHVD6B6oQ_AUoAnoECAEQBA&biw=1920&bih=1009&dpr=1
Sunflex Tauchringe Tropical Tiki Diving Rings,Brand New,1,19,19,90,90,Sunflex%20Tauchringe%20Tropical%20Tiki%20Diving%20Rings%20-%20Manufacturer%20Stock%20Image,https://images.search.yahoo.com/search/images?p=Sunflex%20Tauchringe%20Tropical%20Tiki%20Diving%20Rings%20-%20Manufacturer%20Stock%20Image,"{""tw"":""1500"",""th"":""1500"",""tc"":""0"",""rtc"":"""",""stc"":"""",""a"":""www.amazon.com"",""s"":""299.0KB"",""w"":""1500"",""h"":""1500"",""hq"":false,""o"":"""",""c"":"""",""p"":false,""g"":"""",""sm"":"""",""is"":"""",""icMeta"":[],""rurl"":""https:\/\/www.amazon.com\/Sunflex-Tropical-Neoprene-Waterproof-Resistant\/dp\/B084T5LVTB"",""sigr"":""YrlL0.rlEdZE"",""hturl"":"""",""ad"":false,""alt"":""Amazon.com: 
Sunflex Tropical Tiki Diving Rings | Neoprene Weighted Swimming Pool Game | 
Pack of 
..."",""rtl"":0,""iurl"":""https:\/\/m.media-amazon.com\/images\/I\/81lxTioBENL._AC_SL1500_.jpg"",""sigi"":""7MflAyFVNS9r"",""ourl"":""https:\/\/m.media-amazon.com\/images\/I\/81lxTioBENL._AC_SL1500_.jpg"",""ith"":""https:\/\/tse3.mm.bing.net\/th?id=OIP.-FroaiXKzBBEBIzJSkHQWQHaHa\u0026pid=Api\u0026P=0\u0026w=300\u0026h=300"",""rb"":"";_ylt=Awr9_Tf1MQNmcW0If12JzbkF;_ylu=c2VjA3NyBHNsawNpbWcEb2lkA2UyNzkyN2FjOTgyYjVjMzQ3OTJiMTBiZGMzMWZjN2FmBGdwb3MDMgRpdANiaW5n"",""rs"":0,""typ"":""""}",https://m.media-amazon.com/images/I/81lxTioBENL._AC_SL1500_.jpg,,https://www.google.com/search?q=Sunflex%20Tauchringe%20Tropical%20Tiki%20Diving%20Rings%20-%20Manufacturer%20Stock%20Image&source=lnms&tbm=isch&sa=X&ved=2ahUKEwi_sfHlpeb8AhUvhP0HHVD6B6oQ_AUoAnoECAEQBA&biw=1920&bih=1009&dpr=1,https://www.google.com/search?q=Sunflex%20Tauchringe%20Tropical%20Tiki%20Diving%20Rings%20-%20Manufacturer%20Stock%20Image&source=lnms&tbm=isch&sa=X&ved=2ahUKEwi_sfHlpeb8AhUvhP0HHVD6B6oQ_AUoAnoECAEQBA&biw=1920&bih=1009&dpr=1
Sunflex Catchit Tropical ,Brand New,1,19,19,90,90,Sunflex%20Catchit%20Tropical%20%20-%20Manufacturer%20Stock%20Image,https://images.search.yahoo.com/search/images?p=Sunflex%20Catchit%20Tropical%20%20-%20Manufacturer%20Stock%20Image,"{""tw"":""960"",""th"":""586"",""tc"":""0"",""rtc"":"""",""stc"":"""",""a"":""www.otto.de"",""s"":""133.6KB"",""w"":""960"",""h"":""586"",""hq"":false,""o"":"""",""c"":"""",""p"":false,""g"":"""",""sm"":"""",""is"":"""",""icMeta"":[],""rurl"":""https:\/\/www.otto.de\/p\/sunflex-wurfscheibe-catchit-tropical-tiki-S0I5M0BG\/"",""sigr"":""nSOSrlELwOjF"",""hturl"":"""",""ad"":false,""alt"":""Sunflex 
Wurfscheibe Catchit Tropical 
Tiki"",""rtl"":0,""iurl"":""https:\/\/i.otto.de\/i\/otto\/8f025c6b-2f83-58a8-b760-e85e42104062\/sunflex-wurfscheibe-catchit-tropical-tiki.jpg?$formatz$"",""sigi"":""eOfp1h_S7SU2"",""ourl"":""https:\/\/i.otto.de\/i\/otto\/8f025c6b-2f83-58a8-b760-e85e42104062\/sunflex-wurfscheibe-catchit-tropical-tiki.jpg?$formatz$"",""ith"":""https:\/\/tse1.mm.bing.net\/th?id=OIP.VBggJGpZq-q661wasrXOJAHaEh\u0026pid=Api\u0026P=0\u0026w=300\u0026h=300"",""rb"":"";_ylt=Awr9.4dtMQNmB4IZ8YSJzbkF;_ylu=c2VjA3NyBHNsawNpbWcEb2lkAzJjNDJlYzVlYTJjMjA3ZDAzMjhlYmNiZmVkZmU3OWQ3BGdwb3MDMQRpdANiaW5n"",""rs"":0,""typ"":""""}",https://i.otto.de/i/otto/8f025c6b-2f83-58a8-b760-e85e42104062/sunflex-wurfscheibe-catchit-tropical-tiki.jpg?$formatz$,,https://www.google.com/search?q=Sunflex%20Catchit%20Tropical%20%20-%20Manufacturer%20Stock%20Image&source=lnms&tbm=isch&sa=X&ved=2ahUKEwi_sfHlpeb8AhUvhP0HHVD6B6oQ_AUoAnoECAEQBA&biw=1920&bih=1009&dpr=1,https://www.google.com/search?q=Sunflex%20Catchit%20Tropical%20%20-%20Manufacturer%20Stock%20Image&source=lnms&tbm=isch&sa=X&ved=2ahUKEwi_sfHlpeb8AhUvhP0HHVD6B6oQ_AUoAnoECAEQBA&biw=1920&bih=1009&dpr=1
"SAMSUNG 64GB MICRO SD, EVO PLUS",Brand New,1,12,12,90,90,SAMSUNG%2064GB%20MICRO%20SD%2C%20EVO%20PLUS%20-%20Manufacturer%20Stock%20Image,https://images.search.yahoo.com/search/images?p=SAMSUNG%2064GB%20MICRO%20SD%2C%20EVO%20PLUS%20-%20Manufacturer%20Stock%20Image,"{""tw"":""892"",""th"":""684"",""tc"":""0"",""rtc"":"""",""stc"":"""",""a"":""www.samsung.com"",""s"":""65.1KB"",""w"":""892"",""h"":""684"",""hq"":false,""o"":"""",""c"":"""",""p"":false,""g"":"""",""sm"":"""",""is"":"""",""icMeta"":[],""rurl"":""https:\/\/www.samsung.com\/uk\/memory-storage\/evo-plus-microsd-card-with-sd-adapter-100\/MB-MC64GAEU\/"",""sigr"":""gs2R5NQEAzaH"",""hturl"":"""",""ad"":false,""alt"":""64GB 
EVO+ MicroSDXC Card with Adapter | Micro SD Card | Samsung 
UK"",""rtl"":0,""iurl"":""https:\/\/images.samsung.com\/is\/image\/samsung\/uk-evo-plus-microsd-card-with-sd-adapter-100-mb-mc64ga-eu-frontred-63687853?$PD_GALLERY_L_JPG$"",""sigi"":""OMah8apBmLJp"",""ourl"":""https:\/\/images.samsung.com\/is\/image\/samsung\/uk-evo-plus-microsd-card-with-sd-adapter-100-mb-mc64ga-eu-frontred-63687853?$PD_GALLERY_L_JPG$"",""ith"":""https:\/\/tse2.mm.bing.net\/th?id=OIP.wMjt0irVnbeEzm_ml_kR_wHaFr\u0026pid=Api\u0026P=0\u0026w=300\u0026h=300"",""rb"":"";_ylt=Awrjff1xMQNmF3wYpiOJzbkF;_ylu=c2VjA3NyBHNsawNpbWcEb2lkA2ZlY2QzMTRmZjQxMzhlOTIwY2QwZjI0M2RkZjBkYzVmBGdwb3MDMQRpdANiaW5n"",""rs"":0,""typ"":""""}",https://images.samsung.com/is/image/samsung/uk-evo-plus-microsd-card-with-sd-adapter-100-mb-mc64ga-eu-frontred-63687853?$PD_GALLERY_L_JPG$,,https://www.google.com/search?q=SAMSUNG%2064GB%20MICRO%20SD%2C%20EVO%20PLUS%20-%20Manufacturer%20Stock%20Image&source=lnms&tbm=isch&sa=X&ved=2ahUKEwi_sfHlpeb8AhUvhP0HHVD6B6oQ_AUoAnoECAEQBA&biw=1920&bih=1009&dpr=1,https://www.google.com/search?q=SAMSUNG%2064GB%20MICRO%20SD%2C%20EVO%20PLUS%20-%20Manufacturer%20Stock%20Image&source=lnms&tbm=isch&sa=X&ved=2ahUKEwi_sfHlpeb8AhUvhP0HHVD6B6oQ_AUoAnoECAEQBA&biw=1920&bih=1009&dpr=1
SANDISK 32GB C10 MICRO SD,Brand New,1,6,6,60,60,SANDISK%2032GB%20C10%20MICRO%20SD%20-%20Manufacturer%20Stock%20Image,https://images.search.yahoo.com/search/images?p=SANDISK%2032GB%20C10%20MICRO%20SD%20-%20Manufacturer%20Stock%20Image,"{""tw"":""2266"",""th"":""3000"",""tc"":""0"",""rtc"":"""",""stc"":"""",""a"":""www.walmart.com"",""s"":""513.8KB"",""w"":""2266"",""h"":""3000"",""hq"":false,""o"":"""",""c"":"""",""p"":false,""g"":"""",""sm"":"""",""is"":"""",""icMeta"":[],""rurl"":""https:\/\/www.walmart.com\/ip\/SanDisk-32GB-ImageMate-SDHC-UHS-1-Memory-Card-90MB-s-C10-U1-Full-HD-SD-Card-SDSDUNC-032G-AN6KN\/788661731"",""sigr"":""bN0.HvAwvGtd"",""hturl"":"""",""ad"":false,""alt"":""SanDisk 
32GB ImageMate SDHC UHS-1 Memory Card - 90MB\/s, C10, U1, Full HD, SD Card 
- SDSDUNC-032G 
..."",""rtl"":0,""iurl"":""https:\/\/i5.walmartimages.com\/asr\/31d09afd-c3dc-4cae-9ad7-68e1f21acba3_2.b43b882d33c235f2b62bbff8faf968f3.jpeg"",""sigi"":""wkV6C6ibxfHj"",""ourl"":""https:\/\/i5.walmartimages.com\/asr\/31d09afd-c3dc-4cae-9ad7-68e1f21acba3_2.b43b882d33c235f2b62bbff8faf968f3.jpeg"",""ith"":""https:\/\/tse2.mm.bing.net\/th?id=OIP.hWc_7_Sf-UtBY57C_PzGIAHaJz\u0026pid=Api\u0026P=0\u0026w=300\u0026h=300"",""rb"":"";_ylt=Awr9_TdtMQNmb7gIXBaJzbkF;_ylu=c2VjA3NyBHNsawNpbWcEb2lkAzJhNTljNmVhMWY3MDY2YTQzNjA4YjYyZTE1MDhmMDliBGdwb3MDMgRpdANiaW5n"",""rs"":0,""typ"":""""}",https://img.kentfaith.com/cache/catalog/products/us/04A00002R/04A00002R-1-1200x1200.jpg,,https://www.google.com/search?q=SANDISK%2032GB%20C10%20MICRO%20SD%20-%20Manufacturer%20Stock%20Image&source=lnms&tbm=isch&sa=X&ved=2ahUKEwi_sfHlpeb8AhUvhP0HHVD6B6oQ_AUoAnoECAEQBA&biw=1920&bih=1009&dpr=1,https://www.google.com/search?q=SANDISK%2032GB%20C10%20MICRO%20SD%20-%20Manufacturer%20Stock%20Image&source=lnms&tbm=isch&sa=X&ved=2ahUKEwi_sfHlpeb8AhUvhP0HHVD6B6oQ_AUoAnoECAEQBA&biw=1920&bih=1009&dpr=1
MRP Watch Combo,Brand New,40,5,200,50,2000,MRP%20Watch%20Combo%20-%20Manufacturer%20Stock%20Image,https://images.search.yahoo.com/search/images?p=MRP%20Watch%20Combo%20-%20Manufacturer%20Stock%20Image,,https://cdn.media.amplience.net/i/mrpricegroup/01_2728910256_SI_00?$preset$,,https://www.google.com/search?q=MRP%20Watch%20Combo%20-%20Manufacturer%20Stock%20Image&source=lnms&tbm=isch&sa=X&ved=2ahUKEwi_sfHlpeb8AhUvhP0HHVD6B6oQ_AUoAnoECAEQBA&biw=1920&bih=1009&dpr=1,https://www.google.com/search?q=MRP%20Watch%20Combo%20-%20Manufacturer%20Stock%20Image&source=lnms&tbm=isch&sa=X&ved=2ahUKEwi_sfHlpeb8AhUvhP0HHVD6B6oQ_AUoAnoECAEQBA&biw=1920&bih=1009&dpr=1
SANDISK 16GB MICRO SD,Brand New,9,6,54,40,360,SANDISK%2016GB%20MICRO%20SD%20-%20Manufacturer%20Stock%20Image,https://images.search.yahoo.com/search/images?p=SANDISK%2016GB%20MICRO%20SD%20-%20Manufacturer%20Stock%20Image,"{""tw"":""600"",""th"":""600"",""tc"":""0"",""rtc"":"""",""stc"":"""",""a"":""www.sportgps.com.au"",""s"":""40.7KB"",""w"":""600"",""h"":""600"",""hq"":false,""o"":"""",""c"":"""",""p"":false,""g"":"""",""sm"":"""",""is"":"""",""icMeta"":[],""rurl"":""https:\/\/www.sportgps.com.au\/16gb-sandisk-ultra-microsd-class-10.html"",""sigr"":""WWnJy9nOcE4k"",""hturl"":"""",""ad"":false,""alt"":""16GB 
SanDisk Ultra\u00ae microSDHC\u2122 UHS-I 
Card"",""rtl"":0,""iurl"":""https:\/\/www.sportgps.com.au\/media\/catalog\/product\/cache\/1\/image\/650x\/040ec09b1e35df139433887a97daa66f\/s\/a\/sandisk-ultra-16gb-1.jpg"",""sigi"":""1oGRFupH6UAR"",""ourl"":""https:\/\/www.sportgps.com.au\/media\/catalog\/product\/cache\/1\/image\/650x\/040ec09b1e35df139433887a97daa66f\/s\/a\/sandisk-ultra-16gb-1.jpg"",""ith"":""https:\/\/tse4.mm.bing.net\/th?id=OIP.XEpWVsOr59AVlkLx_WrJxAHaHa\u0026pid=Api\u0026P=0\u0026w=300\u0026h=300"",""rb"":"";_ylt=Awr9.4dsMQNmuugZmz2JzbkF;_ylu=c2VjA3NyBHNsawNpbWcEb2lkAzQ3ZTYwMDlmNTgxN2JjNzNiYmJhNmFkYzE0NzZjZGY1BGdwb3MDMQRpdANiaW5n"",""rs"":0,""typ"":""""}",https://www.sportgps.com.au/media/catalog/product/cache/1/image/650x/040ec09b1e35df139433887a97daa66f/s/a/sandisk-ultra-16gb-1.jpg,,https://www.google.com/search?q=SANDISK%2016GB%20MICRO%20SD%20-%20Manufacturer%20Stock%20Image&source=lnms&tbm=isch&sa=X&ved=2ahUKEwi_sfHlpeb8AhUvhP0HHVD6B6oQ_AUoAnoECAEQBA&biw=1920&bih=1009&dpr=1,https://www.google.com/search?q=SANDISK%2016GB%20MICRO%20SD%20-%20Manufacturer%20Stock%20Image&source=lnms&tbm=isch&sa=X&ved=2ahUKEwi_sfHlpeb8AhUvhP0HHVD6B6oQ_AUoAnoECAEQBA&biw=1920&bih=1009&dpr=1
SUPERBALIST LABEL Plain Rib Muscle Fit Crew Neck Tee - Black - Bulk Stock Available,Brand New,299,13.26073446,4694.3,30,8970,SUPERBALIST%20LABEL%20Plain%20Rib%20Muscle%20Fit%20Crew%20Neck%20Tee%20-%20Black%20-%20Bulk%20Stock%20Available%20-%20Manufacturer%20Stock%20Image,https://images.search.yahoo.com/search/images?p=SUPERBALIST%20LABEL%20Plain%20Rib%20Muscle%20Fit%20Crew%20Neck%20Tee%20-%20Black%20-%20Bulk%20Stock%20Available%20-%20Manufacturer%20Stock%20Image,"{""tw"":""798"",""th"":""1150"",""tc"":""0"",""rtc"":"""",""stc"":"""",""a"":""superbalist.com"",""s"":""114.2KB"",""w"":""798"",""h"":""1150"",""hq"":false,""o"":"""",""c"":"""",""p"":false,""g"":"""",""sm"":"""",""is"":"""",""icMeta"":[],""rurl"":""https:\/\/superbalist.com\/men\/tops\/t-shirts-vests\/2-pack-plain-rib-muscle-fit-crew-neck-tee-black-x2\/703175"",""sigr"":""QB90M.jJJ5r8"",""hturl"":"""",""ad"":false,""alt"":""2-pack 
plain rib muscle fit crew neck tee - black x2 Superbalist T-Shirts \u0026 
Vests | 
Superbalist.com"",""rtl"":0,""iurl"":""https:\/\/assets.superbalistcdn.co.za\/filters:quality(75):format(jpg)\/2273667\/original.jpg"",""sigi"":""nVxMoSFHgqpR"",""ourl"":""https:\/\/assets.superbalistcdn.co.za\/filters:quality(75):format(jpg)\/2273667\/original.jpg"",""ith"":""https:\/\/tse2.mm.bing.net\/th?id=OIP.8Rp6DPaAfVP9cTHieURnywHaKr\u0026pid=Api\u0026P=0\u0026w=300\u0026h=300"",""rb"":"";_ylt=Awr93rz3CANm_KIE9qyJzbkF;_ylu=c2VjA3NyBHNsawNpbWcEb2lkA2Y1ZjgyMzlmYTAzZDRlYjEyNDc2ZmMwZDM0M2RmZWE1BGdwb3MDMQRpdANiaW5n"",""rs"":0,""typ"":""""}",https://assets.superbalistcdn.co.za/filters:quality(75):format(jpg)/2273667/original.jpg,,https://www.google.com/search?q=SUPERBALIST%20LABEL%20Plain%20Rib%20Muscle%20Fit%20Crew%20Neck%20Tee%20-%20Black%20-%20Bulk%20Stock%20Available%20-%20Manufacturer%20Stock%20Image&source=lnms&tbm=isch&sa=X&ved=2ahUKEwi_sfHlpeb8AhUvhP0HHVD6B6oQ_AUoAnoECAEQBA&biw=1920&bih=1009&dpr=1,https://www.google.com/search?q=SUPERBALIST%20LABEL%20Plain%20Rib%20Muscle%20Fit%20Crew%20Neck%20Tee%20-%20Black%20-%20Bulk%20Stock%20Available%20-%20Manufacturer%20Stock%20Image&source=lnms&tbm=isch&sa=X&ved=2ahUKEwi_sfHlpeb8AhUvhP0HHVD6B6oQ_AUoAnoECAEQBA&biw=1920&bih=1009&dpr=1
Asus RT-AC58U AC1300 Gigabit Router,Brand New,1,650,650,650,650,Asus%20RT-AC58U%20AC1300%20Gigabit%20Router%20-%20Manufacturer%20Stock%20Image,https://images.search.yahoo.com/search/images?p=Asus%20RT-AC58U%20AC1300%20Gigabit%20Router%20-%20Manufacturer%20Stock%20Image,"{""tw"":""474"",""th"":""474"",""tc"":""0"",""rtc"":"""",""stc"":"""",""a"":""www.asus.com"",""s"":""159.9KB"",""w"":""474"",""h"":""474"",""hq"":false,""o"":"""",""c"":"""",""p"":false,""g"":"""",""sm"":"""",""is"":"""",""icMeta"":[],""rurl"":""https:\/\/www.asus.com\/bt\/networking-iot-servers\/wifi-routers\/asus-wifi-routers\/rt-ac58u-v3\/"",""sigr"":""TElTw9nDWxp2"",""hturl"":"""",""ad"":false,""alt"":""RT-AC58U 
V3\uff5cWiFi Routers\uff5cASUS 
Baltics"",""rtl"":0,""iurl"":""https:\/\/www.asus.com\/media\/global\/products\/yfo9x5kwxqxm7gnd\/P_setting_xxx_0_90_end_692.png"",""sigi"":""Yg8aAIpCNwRq"",""ourl"":""https:\/\/www.asus.com\/media\/global\/products\/yfo9x5kwxqxm7gnd\/P_setting_xxx_0_90_end_692.png"",""ith"":""https:\/\/tse1.mm.bing.net\/th?id=OIP.rJXl4O8Dr8vu-1iIOOTt5wAAAA\u0026pid=Api\u0026P=0\u0026w=300\u0026h=300"",""rb"":"";_ylt=Awr9.4dwMQNmqUEZdqqJzbkF;_ylu=c2VjA3NyBHNsawNpbWcEb2lkA2ZiY2Y5MzQzMTJmYmFkOTJiMDRiNTlmOTkyMmZkMWVlBGdwb3MDMgRpdANiaW5n"",""rs"":0,""typ"":""""}",https://www.asus.com/media/global/products/yfo9x5kwxqxm7gnd/P_setting_xxx_0_90_end_692.png,,https://www.google.com/search?q=Asus%20RT-AC58U%20AC1300%20Gigabit%20Router%20-%20Manufacturer%20Stock%20Image&source=lnms&tbm=isch&sa=X&ved=2ahUKEwi_sfHlpeb8AhUvhP0HHVD6B6oQ_AUoAnoECAEQBA&biw=1920&bih=1009&dpr=1,https://www.google.com/search?q=Asus%20RT-AC58U%20AC1300%20Gigabit%20Router%20-%20Manufacturer%20Stock%20Image&source=lnms&tbm=isch&sa=X&ved=2ahUKEwi_sfHlpeb8AhUvhP0HHVD6B6oQ_AUoAnoECAEQBA&biw=1920&bih=1009&dpr=1
Samsung 2.1Ch 200W Soundbar T450,Demo Unit,1,599,599,2200,2200,Samsung%202.1Ch%20200W%20Soundbar%20T450%20-%20Manufacturer%20Stock%20Image,https://images.search.yahoo.com/search/images?p=Samsung%202.1Ch%20200W%20Soundbar%20T450%20-%20Manufacturer%20Stock%20Image,"{""tw"":""1160"",""th"":""650"",""tc"":""0"",""rtc"":"""",""stc"":"""",""a"":""www.samsung.com"",""s"":""101.5KB"",""w"":""1160"",""h"":""650"",""hq"":false,""o"":"""",""c"":"""",""p"":false,""g"":"""",""sm"":"""",""is"":"""",""icMeta"":[],""rurl"":""https:\/\/www.samsung.com\/in\/audio-video\/soundbar-t450\/HW-T450XL\/"",""sigr"":""mXBuZOt_icEC"",""hturl"":"""",""ad"":false,""alt"":""Samsung 
Soundbar T450 200w 2.1Ch (Black) - Price, Reviews \u0026 Specs | Samsung 
India"",""rtl"":0,""iurl"":""https:\/\/images.samsung.com\/is\/image\/samsung\/in-feature---229026820?$FB_TYPE_G_ZOOM_JPG$"",""sigi"":""T7gII8n6U_uK"",""ourl"":""https:\/\/images.samsung.com\/is\/image\/samsung\/in-feature---229026820?$FB_TYPE_G_ZOOM_JPG$"",""ith"":""https:\/\/tse2.mm.bing.net\/th?id=OIP.LiLaavipKF_OUS7wy-DANQHaEJ\u0026pid=Api\u0026P=0\u0026w=300\u0026h=300"",""rb"":"";_ylt=AwrOo.NvMQNm8T8adAGJzbkF;_ylu=c2VjA3NyBHNsawNpbWcEb2lkAzM0MmRlOWJmN2U1NWNlMDA1ZjM3Y2IyNmU5MWNlYjhjBGdwb3MDMQRpdANiaW5n"",""rs"":0,""typ"":""""}",http://images.soundbarsi.com/l-m/hw-t450-200w-2-1-channel-bluetooth.jpg,,https://www.google.com/search?q=Samsung%202.1Ch%20200W%20Soundbar%20T450%20-%20Manufacturer%20Stock%20Image&source=lnms&tbm=isch&sa=X&ved=2ahUKEwi_sfHlpeb8AhUvhP0HHVD6B6oQ_AUoAnoECAEQBA&biw=1920&bih=1009&dpr=1,https://www.google.com/search?q=Samsung%202.1Ch%20200W%20Soundbar%20T450%20-%20Manufacturer%20Stock%20Image&source=lnms&tbm=isch&sa=X&ved=2ahUKEwi_sfHlpeb8AhUvhP0HHVD6B6oQ_AUoAnoECAEQBA&biw=1920&bih=1009&dpr=1
Forsining ENZO Automatic Mens Watch - Black/Silver,Brand New,3,174,522,900,2700,Forsining%20ENZO%20Automatic%20Mens%20Watch%20-%20Black%2FSilver%20-%20Manufacturer%20Stock%20Image,https://images.search.yahoo.com/search/images?p=Forsining%20ENZO%20Automatic%20Mens%20Watch%20-%20Black%2FSilver%20-%20Manufacturer%20Stock%20Image,,https://soullifestyle.co.za/cdn/shop/products/1-2022-02-25T110005.800_900x.png?v=1645779789,,https://www.google.com/search?q=Forsining%20ENZO%20Automatic%20Mens%20Watch%20-%20Black%2FSilver%20-%20Manufacturer%20Stock%20Image&source=lnms&tbm=isch&sa=X&ved=2ahUKEwi_sfHlpeb8AhUvhP0HHVD6B6oQ_AUoAnoECAEQBA&biw=1920&bih=1009&dpr=1,https://www.google.com/search?q=Forsining%20ENZO%20Automatic%20Mens%20Watch%20-%20Black%2FSilver%20-%20Manufacturer%20Stock%20Image&source=lnms&tbm=isch&sa=X&ved=2ahUKEwi_sfHlpeb8AhUvhP0HHVD6B6oQ_AUoAnoECAEQBA&biw=1920&bih=1009&dpr=1
Samsung 970 EVO Plus 500GB NVME Solid State Drive,Brand New,0,258,0,900,0,Samsung%20970%20EVO%20Plus%20500GB%20NVME%20Solid%20State%20Drive%20-%20Manufacturer%20Stock%20Image,https://images.search.yahoo.com/search/images?p=Samsung%20970%20EVO%20Plus%20500GB%20NVME%20Solid%20State%20Drive%20-%20Manufacturer%20Stock%20Image,"{""tw"":""4500"",""th"":""3000"",""tc"":""0"",""rtc"":"""",""stc"":"""",""a"":""www.samsung.com"",""s"":""2939.3KB"",""w"":""4500"",""h"":""3000"",""hq"":false,""o"":"""",""c"":"""",""p"":false,""g"":"""",""sm"":"""",""is"":"""",""icMeta"":[],""rurl"":""https:\/\/www.samsung.com\/us\/business\/computing\/memory-storage\/solid-state-drives\/ssd-970-evo-plus-nvme-m-2-500gb-mz-v7s500b-am\/"",""sigr"":""_W7CmhH9EeeG"",""hturl"":"""",""ad"":false,""alt"":""SSD 
970 EVO Plus NVMe\u00ae 500GB MZ-V7S500 | Samsung Business 
US"",""rtl"":0,""iurl"":""https:\/\/image-us.samsung.com\/SamsungUS\/home\/computing\/memory-and-storage\/solid-state-drives\/pdp\/mz-v75s500b-am\/MZ-V7S500BW_001_Front_Black.jpg"",""sigi"":""5av5Una2R9z1"",""ourl"":""https:\/\/image-us.samsung.com\/SamsungUS\/home\/computing\/memory-and-storage\/solid-state-drives\/pdp\/mz-v75s500b-am\/MZ-V7S500BW_001_Front_Black.jpg"",""ith"":""https:\/\/tse4.mm.bing.net\/th?id=OIP.3cCxCKgPT4O_C_F9DsJBfwHaE8\u0026pid=Api\u0026P=0\u0026w=300\u0026h=300"",""rb"":"";_ylt=Awr9_TecMgNmBHQG5BSJzbkF;_ylu=c2VjA3NyBHNsawNpbWcEb2lkAzc0NmU4OWJlNDMzNWNhZDg4YWU4ZDkwNDI3ODg0ZDU1BGdwb3MDMgRpdANiaW5n"",""rs"":0,""typ"":""""}",https://images.samsung.com/is/image/samsung/in-970-evoplus-nvme-m2-ssd-mz-v7s500bw-pkgrperspectiveblack-142279056?$PD_GALLERY_L_JPG$,,https://www.google.com/search?q=Samsung%20970%20EVO%20Plus%20500GB%20NVME%20Solid%20State%20Drive%20-%20Manufacturer%20Stock%20Image&source=lnms&tbm=isch&sa=X&ved=2ahUKEwi_sfHlpeb8AhUvhP0HHVD6B6oQ_AUoAnoECAEQBA&biw=1920&bih=1009&dpr=1,https://www.google.com/search?q=Samsung%20970%20EVO%20Plus%20500GB%20NVME%20Solid%20State%20Drive%20-%20Manufacturer%20Stock%20Image&source=lnms&tbm=isch&sa=X&ved=2ahUKEwi_sfHlpeb8AhUvhP0HHVD6B6oQ_AUoAnoECAEQBA&biw=1920&bih=1009&dpr=1
Intex Flying Disc Toss Game,Brand New,5,99.9,499.5,225,1125,Intex%20Flying%20Disc%20Toss%20Game%20-%20Manufacturer%20Stock%20Image,https://images.search.yahoo.com/search/images?p=Intex%20Flying%20Disc%20Toss%20Game%20-%20Manufacturer%20Stock%20Image,"{""tw"":1000,""th"":200,""ad"":true,""typ"":""ad""}",https://www.toys-shop.gr/197524-thickbox_default/np-flying-disc-toss-game-multi.jpg,,https://www.google.com/search?q=Intex%20Flying%20Disc%20Toss%20Game%20-%20Manufacturer%20Stock%20Image&source=lnms&tbm=isch&sa=X&ved=2ahUKEwi_sfHlpeb8AhUvhP0HHVD6B6oQ_AUoAnoECAEQBA&biw=1920&bih=1009&dpr=1,https://www.google.com/search?q=Intex%20Flying%20Disc%20Toss%20Game%20-%20Manufacturer%20Stock%20Image&source=lnms&tbm=isch&sa=X&ved=2ahUKEwi_sfHlpeb8AhUvhP0HHVD6B6oQ_AUoAnoECAEQBA&biw=1920&bih=1009&dpr=1
HISENSE E50 DUAL SIM,Brand New,1,499,499,1500,1500,HISENSE%20E50%20DUAL%20SIM%20-%20Manufacturer%20Stock%20Image,https://images.search.yahoo.com/search/images?p=HISENSE%20E50%20DUAL%20SIM%20-%20Manufacturer%20Stock%20Image,"{""tw"":""614"",""th"":""1049"",""tc"":""0"",""rtc"":"""",""stc"":"""",""a"":""www.skroutz.gr"",""s"":""217.4KB"",""w"":""614"",""h"":""1049"",""hq"":false,""o"":"""",""c"":"""",""p"":false,""g"":"""",""sm"":"""",""is"":"""",""icMeta"":[],""rurl"":""https:\/\/www.skroutz.gr\/s\/29261455\/Hisense-E50-Dual-SIM-4GB-64GB-Blue.html"",""sigr"":""q2iQhiuq3oSn"",""hturl"":"""",""ad"":false,""alt"":""Hisense 
E50 Dual SIM (4GB\/64GB) Blue | 
Skroutz.gr"",""rtl"":0,""iurl"":""https:\/\/b.scdn.gr\/images\/sku_main_images\/029261\/29261455\/20210603104344_hisense_e50_64gb_blue.jpeg"",""sigi"":""N5qa6Q4ITTya"",""ourl"":""https:\/\/b.scdn.gr\/images\/sku_main_images\/029261\/29261455\/20210603104344_hisense_e50_64gb_blue.jpeg"",""ith"":""https:\/\/tse4.mm.bing.net\/th?id=OIP.Nq0HHuE17dF2DNk_DFkGegHaMp\u0026pid=Api\u0026P=0\u0026w=300\u0026h=300"",""rb"":"";_ylt=Awrjbo9sMQNmoE0ZrH2JzbkF;_ylu=c2VjA3NyBHNsawNpbWcEb2lkAzk1ZDIxMDYxYjFmMjI3NGE1NmQ0YjU5OTZlMTM3YzkwBGdwb3MDMQRpdANiaW5n"",""rs"":0,""typ"":""""}",https://b.scdn.gr/images/sku_main_images/029261/29261455/20210603104344_hisense_e50_64gb_blue.jpeg,,https://www.google.com/search?q=HISENSE%20E50%20DUAL%20SIM%20-%20Manufacturer%20Stock%20Image&source=lnms&tbm=isch&sa=X&ved=2ahUKEwi_sfHlpeb8AhUvhP0HHVD6B6oQ_AUoAnoECAEQBA&biw=1920&bih=1009&dpr=1,https://www.google.com/search?q=HISENSE%20E50%20DUAL%20SIM%20-%20Manufacturer%20Stock%20Image&source=lnms&tbm=isch&sa=X&ved=2ahUKEwi_sfHlpeb8AhUvhP0HHVD6B6oQ_AUoAnoECAEQBA&biw=1920&bih=1009&dpr=1
Boden Stark 1000W Nutri Blender,Brand New,1,499,499,650,650,Boden%20Stark%201000W%20Nutri%20Blender%20-%20Manufacturer%20Stock%20Image,https://images.search.yahoo.com/search/images?p=Boden%20Stark%201000W%20Nutri%20Blender%20-%20Manufacturer%20Stock%20Image,"{""tw"":""1920"",""th"":""1704"",""tc"":""0"",""rtc"":"""",""stc"":"""",""a"":""www.but.fr"",""s"":""102.4KB"",""w"":""1920"",""h"":""1704"",""hq"":false,""o"":"""",""c"":"""",""p"":false,""g"":"""",""sm"":"""",""is"":"""",""icMeta"":[],""rurl"":""https:\/\/www.but.fr\/produits\/3760249890004\/Nutri-Blender-1000w-Full-Option-2-Bols-70cl-50cl-Et-2-Blocs-Lames.html"",""sigr"":""QB2I9Dre0dSz"",""hturl"":"""",""ad"":false,""alt"":""Nutri 
Blender 1000w Full Option 2 Bols 70cl + 50cl Et 2 Blocs Lames - Blender - 
Blender 
..."",""rtl"":0,""iurl"":""https:\/\/media.but.fr\/images_produits\/produit-zoom\/3760249890004_D.jpg"",""sigi"":""z7Aa3dxdgm_y"",""ourl"":""https:\/\/media.but.fr\/images_produits\/produit-zoom\/3760249890004_D.jpg"",""ith"":""https:\/\/tse1.mm.bing.net\/th?id=OIP.nZFjo036gz7kVzDfvJeLzwHaGk\u0026pid=Api\u0026P=0\u0026w=300\u0026h=300"",""rb"":"";_ylt=Awrjff1vMQNmAdEZ.xmJzbkF;_ylu=c2VjA3NyBHNsawNpbWcEb2lkA2RjMjdkZWI4ZTIyZTU1ZmNiYjliMzUxNGEyY2EyNWYxBGdwb3MDMQRpdANiaW5n"",""rs"":0,""typ"":""""}",https://3pmedia.leroymerlin.co.za/SOURCE/406e4edd670c4aed9e055e3ce9a4c1c3,,https://www.google.com/search?q=Boden%20Stark%201000W%20Nutri%20Blender%20-%20Manufacturer%20Stock%20Image&source=lnms&tbm=isch&sa=X&ved=2ahUKEwi_sfHlpeb8AhUvhP0HHVD6B6oQ_AUoAnoECAEQBA&biw=1920&bih=1009&dpr=1,https://www.google.com/search?q=Boden%20Stark%201000W%20Nutri%20Blender%20-%20Manufacturer%20Stock%20Image&source=lnms&tbm=isch&sa=X&ved=2ahUKEwi_sfHlpeb8AhUvhP0HHVD6B6oQ_AUoAnoECAEQBA&biw=1920&bih=1009&dpr=1
Huawei Back-Up 1TB Grey,Brand New,1,499,499,750,750,Huawei%20Back-Up%201TB%20Grey%20-%20Manufacturer%20Stock%20Image,https://images.search.yahoo.com/search/images?p=Huawei%20Back-Up%201TB%20Grey%20-%20Manufacturer%20Stock%20Image,"{""tw"":""1000"",""th"":""1000"",""tc"":""0"",""rtc"":"""",""stc"":"""",""a"":""www.sentriq.my"",""s"":""76.8KB"",""w"":""1000"",""h"":""1000"",""hq"":false,""o"":"""",""c"":"""",""p"":false,""g"":"""",""sm"":"""",""is"":"""",""icMeta"":[],""rurl"":""https:\/\/www.sentriq.my\/mobiles-tablets-electronics-accessories-1\/data-storage\/huawei-backup-storage-st310-s1-1tb-grey-colour-original"",""sigr"":""w6GIBeU2zVoC"",""hturl"":"""",""ad"":false,""alt"":""Huawei 
Backup Storage ST310-S1 (1TB) Grey Colour 
(Original)"",""rtl"":0,""iurl"":""https:\/\/www.sentriq.my\/image\/galex\/image\/cache\/data\/all_product_images\/product-3030\/ycu3WxyT1572919788-1000x1000.jpg"",""sigi"":""AbP6361CuKg_"",""ourl"":""https:\/\/www.sentriq.my\/image\/galex\/image\/cache\/data\/all_product_images\/product-3030\/ycu3WxyT1572919788-1000x1000.jpg"",""ith"":""https:\/\/tse2.mm.bing.net\/th?id=OIP.T5p-Y7_S7Z2rEQKWD-QurQHaHa\u0026pid=Api\u0026P=0\u0026w=300\u0026h=300"",""rb"":"";_ylt=Awr9_TdsMQNmM8oIWgOJzbkF;_ylu=c2VjA3NyBHNsawNpbWcEb2lkAzBhMjNmZjhmYzgzOGYwYmM1ZTg5YWVjMTcyNzI0YzgyBGdwb3MDMwRpdANiaW5n"",""rs"":0,""typ"":""""}",https://www.sentriq.my/image/galex/image/cache/data/all_product_images/product-3030/NxFpBIPr1602063600-1080x1080.png,,https://www.google.com/search?q=Huawei%20Back-Up%201TB%20Grey%20-%20Manufacturer%20Stock%20Image&source=lnms&tbm=isch&sa=X&ved=2ahUKEwi_sfHlpeb8AhUvhP0HHVD6B6oQ_AUoAnoECAEQBA&biw=1920&bih=1009&dpr=1,https://www.google.com/search?q=Huawei%20Back-Up%201TB%20Grey%20-%20Manufacturer%20Stock%20Image&source=lnms&tbm=isch&sa=X&ved=2ahUKEwi_sfHlpeb8AhUvhP0HHVD6B6oQ_AUoAnoECAEQBA&biw=1920&bih=1009&dpr=1
Quest Giant Wooden Tumble Tower Jenga,Brand New,7,69,483,350,2450,Quest%20Giant%20Wooden%20Tumble%20Tower%20Jenga%20-%20Manufacturer%20Stock%20Image,https://images.search.yahoo.com/search/images?p=Quest%20Giant%20Wooden%20Tumble%20Tower%20Jenga%20-%20Manufacturer%20Stock%20Image,,https://www.4home.co.za/images/stories/virtuemart/product/Quest-60Pc-Natural-Giant-Wooden-Tumble-Tower-(QT-1095-NT)-3.jpg,,https://www.google.com/search?q=Quest%20Giant%20Wooden%20Tumble%20Tower%20Jenga%20-%20Manufacturer%20Stock%20Image&source=lnms&tbm=isch&sa=X&ved=2ahUKEwi_sfHlpeb8AhUvhP0HHVD6B6oQ_AUoAnoECAEQBA&biw=1920&bih=1009&dpr=1,https://www.google.com/search?q=Quest%20Giant%20Wooden%20Tumble%20Tower%20Jenga%20-%20Manufacturer%20Stock%20Image&source=lnms&tbm=isch&sa=X&ved=2ahUKEwi_sfHlpeb8AhUvhP0HHVD6B6oQ_AUoAnoECAEQBA&biw=1920&bih=1009&dpr=1
Mellerware- Quantum Foldable Gas Heater,Brand New,1,469,469,1350,1350,Mellerware-%20Quantum%20Foldable%20Gas%20Heater%20-%20Manufacturer%20Stock%20Image,https://images.search.yahoo.com/search/images?p=Mellerware-%20Quantum%20Foldable%20Gas%20Heater%20-%20Manufacturer%20Stock%20Image,"{""tw"":""500"",""th"":""500"",""tc"":""0"",""rtc"":"""",""stc"":"""",""a"":""www.binuns.co.za"",""s"":""24.3KB"",""w"":""500"",""h"":""500"",""hq"":false,""o"":"""",""c"":"""",""p"":false,""g"":"""",""sm"":"""",""is"":"""",""icMeta"":[],""rurl"":""https:\/\/www.binuns.co.za\/appliances\/climate-control\/heaters\/quantum-foldable-3-panel-gas-heater.html"",""sigr"":""pEFQpTuAPsr7"",""hturl"":"""",""ad"":false,""alt"":""Mellerware 
Quantum Foldable 3 Panel Gas 
Heater"",""rtl"":0,""iurl"":""https:\/\/www.binuns.co.za\/pub\/media\/catalog\/product\/cache\/799a651c3fca985d81fca456cf736e07\/3\/5\/35420.jpg"",""sigi"":""XUdDdL7PxOIR"",""ourl"":""https:\/\/www.binuns.co.za\/pub\/media\/catalog\/product\/cache\/799a651c3fca985d81fca456cf736e07\/3\/5\/35420.jpg"",""ith"":""https:\/\/tse3.mm.bing.net\/th?id=OIP.ihgne2mPYtWyps4746GB5AHaHa\u0026pid=Api\u0026P=0\u0026w=300\u0026h=300"",""rb"":"";_ylt=Awrjbo9yMQNm8MIYJ.GJzbkF;_ylu=c2VjA3NyBHNsawNpbWcEb2lkA2VlOWViZWZmMzg1ZmE4NDhiMDI5YTMzN2I0NDViM2FjBGdwb3MDMgRpdANiaW5n"",""rs"":0,""typ"":""""}",https://www.binuns.co.za/pub/media/catalog/product/cache/799a651c3fca985d81fca456cf736e07/3/5/35420.jpg,,https://www.google.com/search?q=Mellerware-%20Quantum%20Foldable%20Gas%20Heater%20-%20Manufacturer%20Stock%20Image&source=lnms&tbm=isch&sa=X&ved=2ahUKEwi_sfHlpeb8AhUvhP0HHVD6B6oQ_AUoAnoECAEQBA&biw=1920&bih=1009&dpr=1,https://www.google.com/search?q=Mellerware-%20Quantum%20Foldable%20Gas%20Heater%20-%20Manufacturer%20Stock%20Image&source=lnms&tbm=isch&sa=X&ved=2ahUKEwi_sfHlpeb8AhUvhP0HHVD6B6oQ_AUoAnoECAEQBA&biw=1920&bih=1009&dpr=1
BACCARAT SABRE STEAK KNIFE 6PC,Brand New,10,45,450,180,1800,BACCARAT%20SABRE%20STEAK%20KNIFE%206PC%20-%20Manufacturer%20Stock%20Image,https://images.search.yahoo.com/search/images?p=BACCARAT%20SABRE%20STEAK%20KNIFE%206PC%20-%20Manufacturer%20Stock%20Image,"{""tw"":""828"",""th"":""828"",""tc"":""0"",""rtc"":"""",""stc"":"""",""a"":""www.robinskitchen.com.au"",""s"":""46.9KB"",""w"":""828"",""h"":""828"",""hq"":false,""o"":"""",""c"":"""",""p"":false,""g"":"""",""sm"":"""",""is"":"""",""icMeta"":[],""rurl"":""https:\/\/www.robinskitchen.com.au\/products\/baccarat-sabre-6-piece-steak-knife-set"",""sigr"":""ZSeYH6cxEdkV"",""hturl"":"""",""ad"":false,""alt"":""Baccarat 
SABRE 6 Piece Steak Knife Set - Robins 
Kitchen"",""rtl"":0,""iurl"":""https:\/\/cdn.shopify.com\/s\/files\/1\/0682\/2372\/9973\/products\/PCP-1024555_828x828.jpg?v=1681721052"",""sigi"":""7aw.K8KrQyU6"",""ourl"":""https:\/\/cdn.shopify.com\/s\/files\/1\/0682\/2372\/9973\/products\/PCP-1024555_828x828.jpg?v=1681721052"",""ith"":""https:\/\/tse3.mm.bing.net\/th?id=OIP.Zqo3g-w7ujh1PKSXAaIxAAHaHa\u0026pid=Api\u0026P=0\u0026w=300\u0026h=300"",""rb"":"";_ylt=Awrjff1vMQNmQmQYETCJzbkF;_ylu=c2VjA3NyBHNsawNpbWcEb2lkAzg4N2UyMGQ5ZjFlOTBlN2EyZmEyM2NlNGI3NTc3OTU3BGdwb3MDMgRpdANiaW5n"",""rs"":0,""typ"":""""}",https://cdn.shopify.com/s/files/1/0682/2372/9973/products/PCP-1024555_828x828.jpg?v=1681721052,,https://www.google.com/search?q=BACCARAT%20SABRE%20STEAK%20KNIFE%206PC%20-%20Manufacturer%20Stock%20Image&source=lnms&tbm=isch&sa=X&ved=2ahUKEwi_sfHlpeb8AhUvhP0HHVD6B6oQ_AUoAnoECAEQBA&biw=1920&bih=1009&dpr=1,https://www.google.com/search?q=BACCARAT%20SABRE%20STEAK%20KNIFE%206PC%20-%20Manufacturer%20Stock%20Image&source=lnms&tbm=isch&sa=X&ved=2ahUKEwi_sfHlpeb8AhUvhP0HHVD6B6oQ_AUoAnoECAEQBA&biw=1920&bih=1009&dpr=1
K-Way Sports Full Wrap Polarised Sunglasses,Brand New,3,149,447,300,900,K-Way%20Sports%20Full%20Wrap%20Polarised%20Sunglasses%20-%20Manufacturer%20Stock%20Image,https://images.search.yahoo.com/search/images?p=K-Way%20Sports%20Full%20Wrap%20Polarised%20Sunglasses%20-%20Manufacturer%20Stock%20Image,"{""tw"":""476"",""th"":""595"",""tc"":""0"",""rtc"":"""",""stc"":"""",""a"":""www.capeunionmart.co.za"",""s"":""11.4KB"",""w"":""476"",""h"":""595"",""hq"":false,""o"":"""",""c"":"""",""p"":false,""g"":"""",""sm"":"""",""is"":"""",""icMeta"":[],""rurl"":""https:\/\/www.capeunionmart.co.za\/products\/k-way-sports-full-wrap-sunglasses\/101535310-C01.html"",""sigr"":""CndG17HRnhUq"",""hturl"":"""",""ad"":false,""alt"":""K-Way 
Sports Full Wrap 
Sunglasses"",""rtl"":0,""iurl"":""https:\/\/media.capeunionmart.co.za\/i\/capeunionmart\/101535310_C01_2?$large_PROD$"",""sigi"":""p83kR4O6wh5v"",""ourl"":""https:\/\/media.capeunionmart.co.za\/i\/capeunionmart\/101535310_C01_2?$large_PROD$"",""ith"":""https:\/\/tse4.mm.bing.net\/th?id=OIP.otj7FZSXiz1zjtgjE4JczwHaJQ\u0026pid=Api\u0026P=0\u0026w=300\u0026h=300"",""rb"":"";_ylt=Awr9.4dzMQNmuREaWBuJzbkF;_ylu=c2VjA3NyBHNsawNpbWcEb2lkAzM2MjBkZTkzODRiMzc1YTdmMzUzNDhhY2I1MzUwZDM4BGdwb3MDMgRpdANiaW5n"",""rs"":0,""typ"":""""}",https://media.capeunionmart.co.za/i/capeunionmart/101535310_C01_2?$large_PROD$,,https://www.google.com/search?q=K-Way%20Sports%20Full%20Wrap%20Polarised%20Sunglasses%20-%20Manufacturer%20Stock%20Image&source=lnms&tbm=isch&sa=X&ved=2ahUKEwi_sfHlpeb8AhUvhP0HHVD6B6oQ_AUoAnoECAEQBA&biw=1920&bih=1009&dpr=1,https://www.google.com/search?q=K-Way%20Sports%20Full%20Wrap%20Polarised%20Sunglasses%20-%20Manufacturer%20Stock%20Image&source=lnms&tbm=isch&sa=X&ved=2ahUKEwi_sfHlpeb8AhUvhP0HHVD6B6oQ_AUoAnoECAEQBA&biw=1920&bih=1009&dpr=1
TP-LINK 5- Port Desktop Switch PoE,Brand New,1,417,417,420,420,TP-LINK%205-%20Port%20Desktop%20Switch%20PoE%20-%20Manufacturer%20Stock%20Image,https://images.search.yahoo.com/search/images?p=TP-LINK%205-%20Port%20Desktop%20Switch%20PoE%20-%20Manufacturer%20Stock%20Image,"{""tw"":""1000"",""th"":""667"",""tc"":""0"",""rtc"":"""",""stc"":"""",""a"":""www.thepcwholesale.com"",""s"":""266.7KB"",""w"":""1000"",""h"":""667"",""hq"":false,""o"":"""",""c"":"""",""p"":false,""g"":"""",""sm"":"""",""is"":"""",""icMeta"":[],""rurl"":""https:\/\/www.thepcwholesale.com\/product\/tp-linking-device-tl-sg1005p-5-port-gigabit-desktop-switch-with-4-port-poe-56w-poe-ps\/"",""sigr"":""xsA8Fj7xyR4b"",""hturl"":"""",""ad"":false,""alt"":""TL-SG1005P 
- $74 - TP-Linking Device TL-SG1005P 5-Port Gigabit Desktop Switch with 
4-Port PoE 
..."",""rtl"":0,""iurl"":""https:\/\/www.thepcwholesale.com\/wp-content\/uploads\/2021\/07\/79344094_8392321474.jpg"",""sigi"":""c415wooGzuHk"",""ourl"":""https:\/\/www.thepcwholesale.com\/wp-content\/uploads\/2021\/07\/79344094_8392321474.jpg"",""ith"":""https:\/\/tse1.mm.bing.net\/th?id=OIP.8fAfa6SCwJwzryImpIoRJwHaE8\u0026pid=Api\u0026P=0\u0026w=300\u0026h=300"",""rb"":"";_ylt=Awrjbo9xMQNmVvsXxaaJzbkF;_ylu=c2VjA3NyBHNsawNpbWcEb2lkA2Y1ZGEwNTIyZDNiOGQ5ZWM0OGY0MjE3YjMyYmM3OTgxBGdwb3MDMgRpdANiaW5n"",""rs"":0,""typ"":""""}",https://www.bondwell.com.fj/productimages/TL-SF1005P.jpg,,https://www.google.com/search?q=TP-LINK%205-%20Port%20Desktop%20Switch%20PoE%20-%20Manufacturer%20Stock%20Image&source=lnms&tbm=isch&sa=X&ved=2ahUKEwi_sfHlpeb8AhUvhP0HHVD6B6oQ_AUoAnoECAEQBA&biw=1920&bih=1009&dpr=1,https://www.google.com/search?q=TP-LINK%205-%20Port%20Desktop%20Switch%20PoE%20-%20Manufacturer%20Stock%20Image&source=lnms&tbm=isch&sa=X&ved=2ahUKEwi_sfHlpeb8AhUvhP0HHVD6B6oQ_AUoAnoECAEQBA&biw=1920&bih=1009&dpr=1
Doubleshock 4 PlayStation 4 Wireless Controller Generic,Brand New,7,39,273,275,1925,Doubleshock%204%20PlayStation%204%20Wireless%20Controller%20Generic%20-%20Manufacturer%20Stock%20Image,https://images.search.yahoo.com/search/images?p=Doubleshock%204%20PlayStation%204%20Wireless%20Controller%20Generic%20-%20Manufacturer%20Stock%20Image,Loading...,https://media.takealot.com/covers_images/c38f249a34304294b678a6d3fafb0c83/s-zoom.file,,https://www.google.com/search?q=Doubleshock%204%20PlayStation%204%20Wireless%20Controller%20Generic%20-%20Manufacturer%20Stock%20Image&source=lnms&tbm=isch&sa=X&ved=2ahUKEwi_sfHlpeb8AhUvhP0HHVD6B6oQ_AUoAnoECAEQBA&biw=1920&bih=1009&dpr=1,https://www.google.com/search?q=Doubleshock%204%20PlayStation%204%20Wireless%20Controller%20Generic%20-%20Manufacturer%20Stock%20Image&source=lnms&tbm=isch&sa=X&ved=2ahUKEwi_sfHlpeb8AhUvhP0HHVD6B6oQ_AUoAnoECAEQBA&biw=1920&bih=1009&dpr=1
PUMA MEN'S SLIPSTREAM GREY SNEAKER Size 9,Brand New,2,129.99,259.98,700,1400,PUMA%20MEN%27S%20SLIPSTREAM%20GREY%20SNEAKER%20Size%209%20-%20Manufacturer%20Stock%20Image,https://images.search.yahoo.com/search/images?p=PUMA%20MEN%27S%20SLIPSTREAM%20GREY%20SNEAKER%20Size%209%20-%20Manufacturer%20Stock%20Image,,https://http2.mlstatic.com/D_NQ_NP_2X_701501-MLA69122458737_042023-F.webp,,https://www.google.com/search?q=PUMA%20MEN%27S%20SLIPSTREAM%20GREY%20SNEAKER%20Size%209%20-%20Manufacturer%20Stock%20Image&source=lnms&tbm=isch&sa=X&ved=2ahUKEwi_sfHlpeb8AhUvhP0HHVD6B6oQ_AUoAnoECAEQBA&biw=1920&bih=1009&dpr=1,https://www.google.com/search?q=PUMA%20MEN%27S%20SLIPSTREAM%20GREY%20SNEAKER%20Size%209%20-%20Manufacturer%20Stock%20Image&source=lnms&tbm=isch&sa=X&ved=2ahUKEwi_sfHlpeb8AhUvhP0HHVD6B6oQ_AUoAnoECAEQBA&biw=1920&bih=1009&dpr=1
Logitech G413 Silver,Brand New,2,129,258,780,1560,Logitech%20G413%20Silver%20-%20Manufacturer%20Stock%20Image,https://images.search.yahoo.com/search/images?p=Logitech%20G413%20Silver%20-%20Manufacturer%20Stock%20Image,"{""tw"":""800"",""th"":""600"",""tc"":""0"",""rtc"":"""",""stc"":"""",""a"":""www.dreamwaretech.co.za"",""s"":""27.3KB"",""w"":""800"",""h"":""600"",""hq"":false,""o"":"""",""c"":"""",""p"":false,""g"":"""",""sm"":"""",""is"":"""",""icMeta"":[],""rurl"":""https:\/\/www.dreamwaretech.co.za\/p\/keyboards\/product\/logitech-g413-silver-mechanical-gaming-keyboard\/"",""sigr"":""S4BaZ6r4B3b_"",""hturl"":"""",""ad"":false,""alt"":""Logitech 
G413 Silver Mechanical Gaming Keyboard | Keyboards | Dreamware 
Technology"",""rtl"":0,""iurl"":""https:\/\/res.cloudinary.com\/dvv9fvblr\/image\/upload\/v1548082784\/h9hdfsh03liuaoy8ndrk.jpg"",""sigi"":""XD8Qgyh2qqNP"",""ourl"":""https:\/\/res.cloudinary.com\/dvv9fvblr\/image\/upload\/v1548082784\/h9hdfsh03liuaoy8ndrk.jpg"",""ith"":""https:\/\/tse1.mm.bing.net\/th?id=OIP.wHSbCngdNlJdDMbsUBfJSAHaFj\u0026pid=Api\u0026P=0\u0026w=300\u0026h=300"",""rb"":"";_ylt=Awrjff1rMQNm_fcWY0eJzbkF;_ylu=c2VjA3NyBHNsawNpbWcEb2lkAzczYTEzNzU5NGYxNzdlOGFhMTRkNjVkOTZlYzc2YWE5BGdwb3MDMQRpdANiaW5n"",""rs"":0,""typ"":""""}",https://res.cloudinary.com/dvv9fvblr/image/upload/v1548082784/h9hdfsh03liuaoy8ndrk.jpg,,https://www.google.com/search?q=Logitech%20G413%20Silver%20-%20Manufacturer%20Stock%20Image&source=lnms&tbm=isch&sa=X&ved=2ahUKEwi_sfHlpeb8AhUvhP0HHVD6B6oQ_AUoAnoECAEQBA&biw=1920&bih=1009&dpr=1,https://www.google.com/search?q=Logitech%20G413%20Silver%20-%20Manufacturer%20Stock%20Image&source=lnms&tbm=isch&sa=X&ved=2ahUKEwi_sfHlpeb8AhUvhP0HHVD6B6oQ_AUoAnoECAEQBA&biw=1920&bih=1009&dpr=1
Superfly Mini DC UPS 10000mah,Brand New,1,249,249,425,425,Superfly%20Mini%20DC%20UPS%2010000mah%20-%20Manufacturer%20Stock%20Image,https://images.search.yahoo.com/search/images?p=Superfly%20Mini%20DC%20UPS%2010000mah%20-%20Manufacturer%20Stock%20Image,"{""tw"":""700"",""th"":""700"",""tc"":""0"",""rtc"":"""",""stc"":"""",""a"":""accessorylab.co.za"",""s"":""26.5KB"",""w"":""700"",""h"":""700"",""hq"":false,""o"":"""",""c"":"""",""p"":false,""g"":"""",""sm"":"""",""is"":"""",""icMeta"":[],""rurl"":""https:\/\/accessorylab.co.za\/products\/superfly-mini-ups"",""sigr"":""dmLLRmGsAT3k"",""hturl"":"""",""ad"":false,""alt"":""SUPA 
FLY Mini DC UPS for Wi-Fi Routers - Buy Online \u2014 Accessory 
Lab"",""rtl"":0,""iurl"":""https:\/\/cdn.shopify.com\/s\/files\/1\/2199\/3011\/products\/SFUPS_3_x700.jpg?v=1653293428"",""sigi"":""aN9fP3LdECEl"",""ourl"":""https:\/\/cdn.shopify.com\/s\/files\/1\/2199\/3011\/products\/SFUPS_3_x700.jpg?v=1653293428"",""ith"":""https:\/\/tse3.mm.bing.net\/th?id=OIP.Da90a5p3Os7IidNiFy_0RwHaHa\u0026pid=Api\u0026P=0\u0026w=300\u0026h=300"",""rb"":"";_ylt=Awrjbo9vMQNmQWIYIy2JzbkF;_ylu=c2VjA3NyBHNsawNpbWcEb2lkAzljOTEyMTRhNzUxODRkN2NiMGZjNWY1YzNhYWFmN2YzBGdwb3MDMgRpdANiaW5n"",""rs"":0,""typ"":""""}",https://cdn.shopify.com/s/files/1/2199/3011/products/SFUPS_3_x700.jpg?v=1653293428,,https://www.google.com/search?q=Superfly%20Mini%20DC%20UPS%2010000mah%20-%20Manufacturer%20Stock%20Image&source=lnms&tbm=isch&sa=X&ved=2ahUKEwi_sfHlpeb8AhUvhP0HHVD6B6oQ_AUoAnoECAEQBA&biw=1920&bih=1009&dpr=1,https://www.google.com/search?q=Superfly%20Mini%20DC%20UPS%2010000mah%20-%20Manufacturer%20Stock%20Image&source=lnms&tbm=isch&sa=X&ved=2ahUKEwi_sfHlpeb8AhUvhP0HHVD6B6oQ_AUoAnoECAEQBA&biw=1920&bih=1009&dpr=1
Turtle Beach Recon 70X,Brand New,3,80,240,450,1350,Turtle%20Beach%20Recon%2070X%20-%20Manufacturer%20Stock%20Image,https://images.search.yahoo.com/search/images?p=Turtle%20Beach%20Recon%2070X%20-%20Manufacturer%20Stock%20Image,"{""tw"":""1600"",""th"":""1600"",""tc"":""0"",""rtc"":"""",""stc"":"""",""a"":""www.mightyape.com.au"",""s"":""122.9KB"",""w"":""1600"",""h"":""1600"",""hq"":false,""o"":"""",""c"":"""",""p"":false,""g"":"""",""sm"":"""",""is"":"""",""icMeta"":[],""rurl"":""https:\/\/www.mightyape.com.au\/product\/turtle-beach-ear-force-recon-70x-stereo-gaming-headset-pc-ps4-xbox-one\/30257965"",""sigr"":""I0tD6QiPyHro"",""hturl"":"""",""ad"":false,""alt"":""Turtle 
Beach Ear Force Recon 70X Stereo Gaming Headset | PC, PS4, Xbox One | 
In-Stock - Buy Now 
..."",""rtl"":0,""iurl"":""https:\/\/d3fa68hw0m2vcc.cloudfront.net\/b59\/213031960.jpeg"",""sigi"":"".6h06S1pNmW."",""ourl"":""https:\/\/d3fa68hw0m2vcc.cloudfront.net\/b59\/213031960.jpeg"",""ith"":""https:\/\/tse3.mm.bing.net\/th?id=OIP.dOVZ44nqxcJokaJBBfA7qgHaHa\u0026pid=Api\u0026P=0\u0026w=300\u0026h=300"",""rb"":"";_ylt=Awrjbo9sMQNmSNIZ_xmJzbkF;_ylu=c2VjA3NyBHNsawNpbWcEb2lkA2Y5NzQ0ZTcwZGNlZWRiOTZiMWExOTA5NzZkOTgxZTAxBGdwb3MDMwRpdANiaW5n"",""rs"":0,""typ"":""""}",https://d3fa68hw0m2vcc.cloudfront.net/b59/213031960.jpeg,,https://www.google.com/search?q=Turtle%20Beach%20Recon%2070X%20-%20Manufacturer%20Stock%20Image&source=lnms&tbm=isch&sa=X&ved=2ahUKEwi_sfHlpeb8AhUvhP0HHVD6B6oQ_AUoAnoECAEQBA&biw=1920&bih=1009&dpr=1,https://www.google.com/search?q=Turtle%20Beach%20Recon%2070X%20-%20Manufacturer%20Stock%20Image&source=lnms&tbm=isch&sa=X&ved=2ahUKEwi_sfHlpeb8AhUvhP0HHVD6B6oQ_AUoAnoECAEQBA&biw=1920&bih=1009&dpr=1
Adidas Evo S Sunglasses,Brand New,1,200,200,900,900,Adidas%20Evo%20S%20Sunglasses%20-%20Manufacturer%20Stock%20Image,https://images.search.yahoo.com/search/images?p=Adidas%20Evo%20S%20Sunglasses%20-%20Manufacturer%20Stock%20Image,,"https://res.cloudinary.com/www-flook-co-za/image/upload/c_fit,f_auto,q_auto:eco/v1/product-image/115382.jpg",,https://www.google.com/search?q=Adidas%20Evo%20S%20Sunglasses%20-%20Manufacturer%20Stock%20Image&source=lnms&tbm=isch&sa=X&ved=2ahUKEwi_sfHlpeb8AhUvhP0HHVD6B6oQ_AUoAnoECAEQBA&biw=1920&bih=1009&dpr=1,https://www.google.com/search?q=Adidas%20Evo%20S%20Sunglasses%20-%20Manufacturer%20Stock%20Image&source=lnms&tbm=isch&sa=X&ved=2ahUKEwi_sfHlpeb8AhUvhP0HHVD6B6oQ_AUoAnoECAEQBA&biw=1920&bih=1009&dpr=1
Adidas Zonyk Aero Sunglasses,Brand New,1,200,200,900,900,Adidas%20Zonyk%20Aero%20Sunglasses%20-%20Manufacturer%20Stock%20Image,https://images.search.yahoo.com/search/images?p=Adidas%20Zonyk%20Aero%20Sunglasses%20-%20Manufacturer%20Stock%20Image,"{""tw"":""550"",""th"":""550"",""tc"":""0"",""rtc"":"""",""stc"":"""",""a"":""www.occhialando.eu"",""s"":""18.5KB"",""w"":""550"",""h"":""550"",""hq"":false,""o"":"""",""c"":"""",""p"":false,""g"":"""",""sm"":"""",""is"":"""",""icMeta"":[],""rurl"":""https:\/\/www.occhialando.eu\/sunglasses\/adidas-zonyk-aero-pro-l-coal-reflective-vario-0ad05756700000l"",""sigr"":""4EDHdjKmArij"",""hturl"":"""",""ad"":false,""alt"":""Adidas 
ZONYK AERO PRO L Coal Reflective Vario 
0AD05756700000L"",""rtl"":0,""iurl"":""https:\/\/www.occhialando.eu\/image\/cache\/data\/prodotti\/sole\/Adidas\/Zonyk%20Aero%20Pro\/adidas-zonyk-aero-pro-l-coal-reflective-vario-0ad05756700000l-image-a-550x550w.jpg"",""sigi"":""Rq3eVbU.cxsd"",""ourl"":""https:\/\/www.occhialando.eu\/image\/cache\/data\/prodotti\/sole\/Adidas\/Zonyk%20Aero%20Pro\/adidas-zonyk-aero-pro-l-coal-reflective-vario-0ad05756700000l-image-a-550x550w.jpg"",""ith"":""https:\/\/tse4.mm.bing.net\/th?id=OIP.5_kXVtLa6NKvo8SpR698xQHaHa\u0026pid=Api\u0026P=0\u0026w=300\u0026h=300"",""rb"":"";_ylt=Awr9.4dtMQNmcacYgCyJzbkF;_ylu=c2VjA3NyBHNsawNpbWcEb2lkA2NhMjA0YTg2YzZhYWY4M2I4M2VkZjhlNTY1YTg3ZGY2BGdwb3MDMQRpdANiaW5n"",""rs"":0,""typ"":""""}",https://www.occhialando.eu/image/cache/data/prodotti/sole/Adidas/Zonyk%20Aero%20Pro/adidas-zonyk-aero-pro-l-coal-reflective-vario-0ad05756700000l-image-a-550x550w.jpg,,https://www.google.com/search?q=Adidas%20Zonyk%20Aero%20Sunglasses%20-%20Manufacturer%20Stock%20Image&source=lnms&tbm=isch&sa=X&ved=2ahUKEwi_sfHlpeb8AhUvhP0HHVD6B6oQ_AUoAnoECAEQBA&biw=1920&bih=1009&dpr=1,https://www.google.com/search?q=Adidas%20Zonyk%20Aero%20Sunglasses%20-%20Manufacturer%20Stock%20Image&source=lnms&tbm=isch&sa=X&ved=2ahUKEwi_sfHlpeb8AhUvhP0HHVD6B6oQ_AUoAnoECAEQBA&biw=1920&bih=1009&dpr=1
MEDALIST STEALTH 145MM BLACK/WHITE SCOOTER,Brand New,1,149.95,149.95,750,750,MEDALIST%20STEALTH%20145MM%20BLACK%2FWHITE%20SCOOTER%20-%20Manufacturer%20Stock%20Image,https://images.search.yahoo.com/search/images?p=MEDALIST%20STEALTH%20145MM%20BLACK%2FWHITE%20SCOOTER%20-%20Manufacturer%20Stock%20Image,"{""tw"":""180"",""th"":""306"",""tc"":""0"",""rtc"":"""",""stc"":"""",""a"":""www.cataloguespecials.co.za"",""s"":""11.6KB"",""w"":""180"",""h"":""306"",""hq"":false,""o"":"""",""c"":"""",""p"":false,""g"":"""",""sm"":"""",""is"":"""",""icMeta"":[],""rurl"":""https:\/\/www.cataloguespecials.co.za\/stores\/totalsports\/specials\/medalist-stealth-145mm-black-white-scooter-offer-2889754\/"",""sigr"":""_VTLfNsTKM1g"",""hturl"":"""",""ad"":false,""alt"":""Medalist 
Stealth 145mm Black\/White Scooter offer at 
Totalsports"",""rtl"":0,""iurl"":""https:\/\/img.offers-cdn.net\/assets\/uploads\/offers\/za\/2889754\/medalist-stealth-145mm-black-white-scooter-large.jpeg"",""sigi"":""yA6nchJwBRjt"",""ourl"":""https:\/\/img.offers-cdn.net\/assets\/uploads\/offers\/za\/2889754\/medalist-stealth-145mm-black-white-scooter-large.jpeg"",""ith"":""https:\/\/tse1.mm.bing.net\/th?id=OIP.Ej5i8a5Hjbd40jpP21KTFgAAAA\u0026pid=Api\u0026P=0\u0026w=300\u0026h=300"",""rb"":"";_ylt=Awr9.4dzMQNmLXUZq4uJzbkF;_ylu=c2VjA3NyBHNsawNpbWcEb2lkAzdkNTY2NjkwMGNlOTEyOGFjMDVhMTlmM2Y1ODA0MWQ1BGdwb3MDMgRpdANiaW5n"",""rs"":0,""typ"":""""}",https://img.offers-cdn.net/assets/uploads/offers/za/2889754/medalist-stealth-145mm-black-white-scooter-normal.jpeg,,https://www.google.com/search?q=MEDALIST%20STEALTH%20145MM%20BLACK%2FWHITE%20SCOOTER%20-%20Manufacturer%20Stock%20Image&source=lnms&tbm=isch&sa=X&ved=2ahUKEwi_sfHlpeb8AhUvhP0HHVD6B6oQ_AUoAnoECAEQBA&biw=1920&bih=1009&dpr=1,https://www.google.com/search?q=MEDALIST%20STEALTH%20145MM%20BLACK%2FWHITE%20SCOOTER%20-%20Manufacturer%20Stock%20Image&source=lnms&tbm=isch&sa=X&ved=2ahUKEwi_sfHlpeb8AhUvhP0HHVD6B6oQ_AUoAnoECAEQBA&biw=1920&bih=1009&dpr=1
Kanex USB-C HDMI 4K Adapter,Brand New,1,139,139,320,320,Kanex%20USB-C%20HDMI%204K%20Adapter%20-%20Manufacturer%20Stock%20Image,https://images.search.yahoo.com/search/images?p=Kanex%20USB-C%20HDMI%204K%20Adapter%20-%20Manufacturer%20Stock%20Image,"{""tw"":""1024"",""th"":""1024"",""tc"":""0"",""rtc"":"""",""stc"":"""",""a"":""www.iphonebutiken.se"",""s"":""142.4KB"",""w"":""1024"",""h"":""1024"",""hq"":false,""o"":"""",""c"":"""",""p"":false,""g"":"""",""sm"":"""",""is"":"""",""icMeta"":[],""rurl"":""https:\/\/www.iphonebutiken.se\/kanex-premium-usb-c-to-hdmi-4k-adapter-11682.html"",""sigr"":""K1XeLxxul6xI"",""hturl"":"""",""ad"":false,""alt"":""Kanex 
Premium USB-C to HDMI 4K 
Adapter"",""rtl"":0,""iurl"":""https:\/\/www.iphonebutiken.se\/files\/kanex-premium-usb-c-to-hdmi-4k-adapter-5.jpg"",""sigi"":""JCPcQybdHC2Y"",""ourl"":""https:\/\/www.iphonebutiken.se\/files\/kanex-premium-usb-c-to-hdmi-4k-adapter-5.jpg"",""ith"":""https:\/\/tse3.mm.bing.net\/th?id=OIP.E8Q1Q4nKrZKeDQTLVNRofgHaHa\u0026pid=Api\u0026P=0\u0026w=300\u0026h=300"",""rb"":"";_ylt=Awrjff1uMQNmutUZ6hqJzbkF;_ylu=c2VjA3NyBHNsawNpbWcEb2lkAzc1ZTIxM2Q2MDlmNTM3MWRhMTMwMWQ1Nzk5MjNiMDYzBGdwb3MDMQRpdANiaW5n"",""rs"":0,""typ"":""""}",https://c1.neweggimages.com/ProductImage/12-352-120-S01.jpg,,https://www.google.com/search?q=Kanex%20USB-C%20HDMI%204K%20Adapter%20-%20Manufacturer%20Stock%20Image&source=lnms&tbm=isch&sa=X&ved=2ahUKEwi_sfHlpeb8AhUvhP0HHVD6B6oQ_AUoAnoECAEQBA&biw=1920&bih=1009&dpr=1,https://www.google.com/search?q=Kanex%20USB-C%20HDMI%204K%20Adapter%20-%20Manufacturer%20Stock%20Image&source=lnms&tbm=isch&sa=X&ved=2ahUKEwi_sfHlpeb8AhUvhP0HHVD6B6oQ_AUoAnoECAEQBA&biw=1920&bih=1009&dpr=1
Sta-Soft 500ml Ultra Concentrate Fabric Softeners Ocean Fresh,Brand New,5,21.6,108,30,150,Sta-Soft%20500ml%20Ultra%20Concentrate%20Fabric%20Softeners%20Ocean%20Fresh%20-%20Manufacturer%20Stock%20Image,https://images.search.yahoo.com/search/images?p=Sta-Soft%20500ml%20Ultra%20Concentrate%20Fabric%20Softeners%20Ocean%20Fresh%20-%20Manufacturer%20Stock%20Image,"{""tw"":""600"",""th"":""600"",""tc"":""0"",""rtc"":"""",""stc"":"""",""a"":""www.sta-soft.co.za"",""s"":""91.8KB"",""w"":""600"",""h"":""600"",""hq"":false,""o"":"""",""c"":"""",""p"":false,""g"":"""",""sm"":"""",""is"":"""",""icMeta"":[],""rurl"":""https:\/\/www.sta-soft.co.za\/products\/stasoft-ultra-concentrate-ocean-fresh-500"",""sigr"":""OVn7ELetX1W0"",""hturl"":"""",""ad"":false,""alt"":""Sta-soft 
Ultra Concentrate Ocean Fresh 500ml | 
Sta-soft\u00ae"",""rtl"":0,""iurl"":""https:\/\/www.sta-soft.co.za\/content\/dam\/cp-sites\/home-care\/suavitel\/en_za\/products\/ultra-concentrate\/ultra-concentrate-ocean-fresh-500ml-thumbnail.jpg"",""sigi"":""r0ANVfKmhCWu"",""ourl"":""https:\/\/www.sta-soft.co.za\/content\/dam\/cp-sites\/home-care\/suavitel\/en_za\/products\/ultra-concentrate\/ultra-concentrate-ocean-fresh-500ml-thumbnail.jpg"",""ith"":""https:\/\/tse4.mm.bing.net\/th?id=OIP.jCOtpabWDafoes34w_LhOgHaHa\u0026pid=Api\u0026P=0\u0026w=300\u0026h=300"",""rb"":"";_ylt=Awr9_Tc7KANm2iAIQwWJzbkF;_ylu=c2VjA3NyBHNsawNpbWcEb2lkAzMzN2E3MzIyMWM0ZTZlN2M0NDIxMzFhYWMxZGU4MzE1BGdwb3MDMQRpdANiaW5n"",""rs"":0,""typ"":""""}",https://www.sta-soft.co.za/content/dam/cp-sites/home-care/suavitel/en_za/products/ultra-concentrate/ultra-concentrate-ocean-fresh-500ml-thumbnail.jpg,,https://www.google.com/search?q=Sta-Soft%20500ml%20Ultra%20Concentrate%20Fabric%20Softeners%20Ocean%20Fresh%20-%20Manufacturer%20Stock%20Image&source=lnms&tbm=isch&sa=X&ved=2ahUKEwi_sfHlpeb8AhUvhP0HHVD6B6oQ_AUoAnoECAEQBA&biw=1920&bih=1009&dpr=1,https://www.google.com/search?q=Sta-Soft%20500ml%20Ultra%20Concentrate%20Fabric%20Softeners%20Ocean%20Fresh%20-%20Manufacturer%20Stock%20Image&source=lnms&tbm=isch&sa=X&ved=2ahUKEwi_sfHlpeb8AhUvhP0HHVD6B6oQ_AUoAnoECAEQBA&biw=1920&bih=1009&dpr=1
Sunbeam - Garment Steamer - White -SGS-800,New Unsealed,1,106,106,190,190,Sunbeam%20-%20Garment%20Steamer%20-%20White%20-SGS-800%20-%20Manufacturer%20Stock%20Image,https://images.search.yahoo.com/search/images?p=Sunbeam%20-%20Garment%20Steamer%20-%20White%20-SGS-800%20-%20Manufacturer%20Stock%20Image,Loading...,https://www.marakeng.co.za/wp-content/uploads/2021/07/Sunbeam-Garment-Steamer-White.jpg,,https://www.google.com/search?q=Sunbeam%20-%20Garment%20Steamer%20-%20White%20-SGS-800%20-%20Manufacturer%20Stock%20Image&source=lnms&tbm=isch&sa=X&ved=2ahUKEwi_sfHlpeb8AhUvhP0HHVD6B6oQ_AUoAnoECAEQBA&biw=1920&bih=1009&dpr=1,https://www.google.com/search?q=Sunbeam%20-%20Garment%20Steamer%20-%20White%20-SGS-800%20-%20Manufacturer%20Stock%20Image&source=lnms&tbm=isch&sa=X&ved=2ahUKEwi_sfHlpeb8AhUvhP0HHVD6B6oQ_AUoAnoECAEQBA&biw=1920&bih=1009&dpr=1
Fab Habitat Outdoor Rug Cancun Blue,Brand New,1,100,100,900,900,Fab%20Habitat%20Outdoor%20Rug%20Cancun%20Blue%20-%20Manufacturer%20Stock%20Image,https://images.search.yahoo.com/search/images?p=Fab%20Habitat%20Outdoor%20Rug%20Cancun%20Blue%20-%20Manufacturer%20Stock%20Image,"{""tw"":""569"",""th"":""569"",""tc"":""0"",""rtc"":"""",""stc"":"""",""a"":""www.amazon.com"",""s"":""89.1KB"",""w"":""569"",""h"":""569"",""hq"":false,""o"":"""",""c"":"""",""p"":false,""g"":"""",""sm"":"""",""is"":"""",""icMeta"":[],""rurl"":""https:\/\/www.amazon.com\/Fab-Habitat-Reversible-Outdoor-Resistant\/dp\/B004HGCIKI"",""sigr"":""tYjtzYJqF012"",""hturl"":"""",""ad"":false,""alt"":""Amazon.com: 
Fab Habitat Outdoor Rug - Waterproof, Fade Resistant, Crease-Free - Premium 
Recycled 
..."",""rtl"":0,""iurl"":""https:\/\/m.media-amazon.com\/images\/I\/81JfHSrMaNL._AC_SX569_.jpg"",""sigi"":""Nh8KqSHaEPfI"",""ourl"":""https:\/\/m.media-amazon.com\/images\/I\/81JfHSrMaNL._AC_SX569_.jpg"",""ith"":""https:\/\/tse3.mm.bing.net\/th?id=OIP.MixdkSid1tdU1UrSdVUuwAHaHa\u0026pid=Api\u0026P=0\u0026w=300\u0026h=300"",""rb"":"";_ylt=AwrOo.NxMQNmkYoZC4qJzbkF;_ylu=c2VjA3NyBHNsawNpbWcEb2lkA2QyOGI0ZDllZTBjYzc4ZWY5NTgyNzJhMmZkNzc3YWY4BGdwb3MDMwRpdANiaW5n"",""rs"":0,""typ"":""""}",https://media.takealot.com/covers_tsins/55528153/55528153-3-pdpxl.jpg,,https://www.google.com/search?q=Fab%20Habitat%20Outdoor%20Rug%20Cancun%20Blue%20-%20Manufacturer%20Stock%20Image&source=lnms&tbm=isch&sa=X&ved=2ahUKEwi_sfHlpeb8AhUvhP0HHVD6B6oQ_AUoAnoECAEQBA&biw=1920&bih=1009&dpr=1,https://www.google.com/search?q=Fab%20Habitat%20Outdoor%20Rug%20Cancun%20Blue%20-%20Manufacturer%20Stock%20Image&source=lnms&tbm=isch&sa=X&ved=2ahUKEwi_sfHlpeb8AhUvhP0HHVD6B6oQ_AUoAnoECAEQBA&biw=1920&bih=1009&dpr=1
ASICS GEL-NIMBUS 21 Road Running Shoes - Pink size 4.5 uk,Brand New,0,1,0,,0,ASICS%20GEL-NIMBUS%2021%20Road%20Running%20Shoes%20-%20Pink%20size%204.5%20uk%20-%20Manufacturer%20Stock%20Image,https://images.search.yahoo.com/search/images?p=ASICS%20GEL-NIMBUS%2021%20Road%20Running%20Shoes%20-%20Pink%20size%204.5%20uk%20-%20Manufacturer%20Stock%20Image,"{""tw"":""1200"",""th"":""1200"",""tc"":""0"",""rtc"":"""",""stc"":"""",""a"":""www.runningwarehouse.com"",""s"":""137.2KB"",""w"":""1200"",""h"":""1200"",""hq"":false,""o"":"""",""c"":"""",""p"":false,""g"":"""",""sm"":"""",""is"":"""",""icMeta"":[],""rurl"":""https:\/\/www.runningwarehouse.com\/360view.html?pcode=AN21W05"",""sigr"":""3kjE1SYC888I"",""hturl"":"""",""ad"":false,""alt"":""ASICS 
Gel Nimbus 21 Women\u0026#39;s Shoes Baked Pink\/White 360\u00b0 View | 
Running 
Warehouse"",""rtl"":0,""iurl"":""https:\/\/img.runningwarehouse.com\/360\/AN21W05\/1.jpg"",""sigi"":""MKczVG02Bg9l"",""ourl"":""https:\/\/img.runningwarehouse.com\/360\/AN21W05\/1.jpg"",""ith"":""https:\/\/tse1.mm.bing.net\/th?id=OIP.r_ubqPVsUC5M-EgLvERAxgHaHa\u0026pid=Api\u0026P=0\u0026w=300\u0026h=300"",""rb"":"";_ylt=Awr93rzRBwNmgEgFSQ2JzbkF;_ylu=c2VjA3NyBHNsawNpbWcEb2lkA2MwNzZjNmIwODM2YTVhZWNiZGM0ODU0ZWUwMDRhNGZmBGdwb3MDMgRpdANiaW5n"",""rs"":0,""typ"":""""}",https://img.runningwarehouse.com/360/AN21W05/1.jpg,,https://www.google.com/search?q=ASICS%20GEL-NIMBUS%2021%20Road%20Running%20Shoes%20-%20Pink%20size%204.5%20uk%20-%20Manufacturer%20Stock%20Image&source=lnms&tbm=isch&sa=X&ved=2ahUKEwi_sfHlpeb8AhUvhP0HHVD6B6oQ_AUoAnoECAEQBA&biw=1920&bih=1009&dpr=1,https://www.google.com/search?q=ASICS%20GEL-NIMBUS%2021%20Road%20Running%20Shoes%20-%20Pink%20size%204.5%20uk%20-%20Manufacturer%20Stock%20Image&source=lnms&tbm=isch&sa=X&ved=2ahUKEwi_sfHlpeb8AhUvhP0HHVD6B6oQ_AUoAnoECAEQBA&biw=1920&bih=1009&dpr=1
MEDALIST SONIC 125MM GREEN SCOOTER,Brand New,1,99.95,99.95,550,550,MEDALIST%20SONIC%20125MM%20GREEN%20SCOOTER%20-%20Manufacturer%20Stock%20Image,https://images.search.yahoo.com/search/images?p=MEDALIST%20SONIC%20125MM%20GREEN%20SCOOTER%20-%20Manufacturer%20Stock%20Image,,https://mellowvelo.co.za/cdn/shop/products/Webpic_5bac5751-f63a-448b-9caa-4bc9f37c1899_1024x.png?v=1671788752,,https://www.google.com/search?q=MEDALIST%20SONIC%20125MM%20GREEN%20SCOOTER%20-%20Manufacturer%20Stock%20Image&source=lnms&tbm=isch&sa=X&ved=2ahUKEwi_sfHlpeb8AhUvhP0HHVD6B6oQ_AUoAnoECAEQBA&biw=1920&bih=1009&dpr=1,https://www.google.com/search?q=MEDALIST%20SONIC%20125MM%20GREEN%20SCOOTER%20-%20Manufacturer%20Stock%20Image&source=lnms&tbm=isch&sa=X&ved=2ahUKEwi_sfHlpeb8AhUvhP0HHVD6B6oQ_AUoAnoECAEQBA&biw=1920&bih=1009&dpr=1
Turtle Beach Elite Atlas PC Headset,Brand New,1,99,99,1950,1950,Turtle%20Beach%20Elite%20Atlas%20PC%20Headset%20-%20Manufacturer%20Stock%20Image,https://images.search.yahoo.com/search/images?p=Turtle%20Beach%20Elite%20Atlas%20PC%20Headset%20-%20Manufacturer%20Stock%20Image,"{""tw"":""1600"",""th"":""1600"",""tc"":""0"",""rtc"":"""",""stc"":"""",""a"":""www.mightyape.com.au"",""s"":""509.6KB"",""w"":""1600"",""h"":""1600"",""hq"":false,""o"":"""",""c"":"""",""p"":false,""g"":"""",""sm"":"""",""is"":"""",""icMeta"":[],""rurl"":""https:\/\/www.mightyape.com.au\/product\/turtle-beach-elite-atlas-pro-performance-gaming-headset-for-pc-pc\/28324803"",""sigr"":""lRDznBWh6zvp"",""hturl"":"""",""ad"":false,""alt"":""Turtle 
Beach Elite Atlas Pro Performance Gaming Headset for PC | PC | Buy Now | at 
Mighty Ape 
..."",""rtl"":0,""iurl"":""https:\/\/d3fa68hw0m2vcc.cloudfront.net\/f5f\/202969057.jpeg"",""sigi"":""J0ogW9Dg3a45"",""ourl"":""https:\/\/d3fa68hw0m2vcc.cloudfront.net\/f5f\/202969057.jpeg"",""ith"":""https:\/\/tse1.mm.bing.net\/th?id=OIP.84DXJytV1D0VDqOtA6r5uAHaHa\u0026pid=Api\u0026P=0\u0026w=300\u0026h=300"",""rb"":"";_ylt=Awr9_TdxMQNmK84IHwaJzbkF;_ylu=c2VjA3NyBHNsawNpbWcEb2lkAzE2NmRlYWM3YTY2MTI3ZGM1YWE4Mjg5MmYwOWYzNThiBGdwb3MDMgRpdANiaW5n"",""rs"":0,""typ"":""""}",https://d3fa68hw0m2vcc.cloudfront.net/10b/202969120.jpeg,,https://www.google.com/search?q=Turtle%20Beach%20Elite%20Atlas%20PC%20Headset%20-%20Manufacturer%20Stock%20Image&source=lnms&tbm=isch&sa=X&ved=2ahUKEwi_sfHlpeb8AhUvhP0HHVD6B6oQ_AUoAnoECAEQBA&biw=1920&bih=1009&dpr=1,https://www.google.com/search?q=Turtle%20Beach%20Elite%20Atlas%20PC%20Headset%20-%20Manufacturer%20Stock%20Image&source=lnms&tbm=isch&sa=X&ved=2ahUKEwi_sfHlpeb8AhUvhP0HHVD6B6oQ_AUoAnoECAEQBA&biw=1920&bih=1009&dpr=1
Trust - Ziva 4-in-1 Holiday Gaming Bundle,Brand New,1,99,99,300,300,Trust%20-%20Ziva%204-in-1%20Holiday%20Gaming%20Bundle%20-%20Manufacturer%20Stock%20Image,https://images.search.yahoo.com/search/images?p=Trust%20-%20Ziva%204-in-1%20Holiday%20Gaming%20Bundle%20-%20Manufacturer%20Stock%20Image,"{""tw"":""1485"",""th"":""800"",""tc"":""0"",""rtc"":"""",""stc"":"""",""a"":""www.trust.com"",""s"":""1053.4KB"",""w"":""1485"",""h"":""800"",""hq"":false,""o"":"""",""c"":"""",""p"":false,""g"":"""",""sm"":"""",""is"":"""",""icMeta"":[],""rurl"":""https:\/\/www.trust.com\/en\/product\/22199-ziva-4-in-1-gaming-bundle"",""sigr"":""HKMeDMl9lGzX"",""hturl"":"""",""ad"":false,""alt"":""Trust.com 
- Ziva 4-in-1 Gaming 
Bundle"",""rtl"":0,""iurl"":""https:\/\/d1gb7gicmr8iau.cloudfront.net\/fit-in\/1920x800\/Media\/Images\/Product\/Visual\/22199_pictures_product_visual_1.png"",""sigi"":""p0F59_gVoMKf"",""ourl"":""https:\/\/d1gb7gicmr8iau.cloudfront.net\/fit-in\/1920x800\/Media\/Images\/Product\/Visual\/22199_pictures_product_visual_1.png"",""ith"":""https:\/\/tse2.mm.bing.net\/th?id=OIP.ou_QmGkfcxljbYVR3c0KBQHaD_\u0026pid=Api\u0026P=0\u0026w=300\u0026h=300"",""rb"":"";_ylt=AwrOo.N0MQNmJWYZ_sOJzbkF;_ylu=c2VjA3NyBHNsawNpbWcEb2lkAzhhMDc0NmRmMDY2YTM1NDhhYmEwOGMyNjc4NzViYjVkBGdwb3MDMQRpdANiaW5n"",""rs"":0,""typ"":""""}",https://d1gb7gicmr8iau.cloudfront.net/fit-in/1920x800/Media/Images/Product/Visual/22199_pictures_product_visual_1.png,,https://www.google.com/search?q=Trust%20-%20Ziva%204-in-1%20Holiday%20Gaming%20Bundle%20-%20Manufacturer%20Stock%20Image&source=lnms&tbm=isch&sa=X&ved=2ahUKEwi_sfHlpeb8AhUvhP0HHVD6B6oQ_AUoAnoECAEQBA&biw=1920&bih=1009&dpr=1,https://www.google.com/search?q=Trust%20-%20Ziva%204-in-1%20Holiday%20Gaming%20Bundle%20-%20Manufacturer%20Stock%20Image&source=lnms&tbm=isch&sa=X&ved=2ahUKEwi_sfHlpeb8AhUvhP0HHVD6B6oQ_AUoAnoECAEQBA&biw=1920&bih=1009&dpr=1
Kingston 4GB 2666MHz DDR4 FURY Beast,Brand New,1,99,99,200,200,Kingston%204GB%202666MHz%20DDR4%20FURY%20Beast%20-%20Manufacturer%20Stock%20Image,https://images.search.yahoo.com/search/images?p=Kingston%204GB%202666MHz%20DDR4%20FURY%20Beast%20-%20Manufacturer%20Stock%20Image,"{""tw"":""1500"",""th"":""816"",""tc"":""0"",""rtc"":"""",""stc"":"""",""a"":""www.amazon.de"",""s"":""77.4KB"",""w"":""1500"",""h"":""816"",""hq"":false,""o"":"""",""c"":"""",""p"":false,""g"":"""",""sm"":"""",""is"":"""",""icMeta"":[],""rurl"":""https:\/\/www.amazon.de\/Kingston-2666MHz-Speicher-Einzelnes-KF426C16BB\/dp\/B097K48HZ9"",""sigr"":""hkcIxiVmZ4_t"",""hturl"":"""",""ad"":false,""alt"":""Kingston 
FURY Beast 4GB 2666MHz DDR4 CL16 Desktop Speicher Einzelnes Modul 
KF426C16BB\/4: Amazon 
..."",""rtl"":0,""iurl"":""https:\/\/m.media-amazon.com\/images\/I\/61meF+7A-xS._AC_SL1500_.jpg"",""sigi"":""MfgDnh5Iwmpt"",""ourl"":""https:\/\/m.media-amazon.com\/images\/I\/61meF+7A-xS._AC_SL1500_.jpg"",""ith"":""https:\/\/tse1.mm.bing.net\/th?id=OIP.0imkxuShCqVsaq8nlSh7GQHaEB\u0026pid=Api\u0026P=0\u0026w=300\u0026h=300"",""rb"":"";_ylt=Awr9_TdxMQNmeJwIGDCJzbkF;_ylu=c2VjA3NyBHNsawNpbWcEb2lkAzM3NTQ5MzQyNGIwMjFiM2Y5NWJiYTcyY2M1NDEyNWFhBGdwb3MDMQRpdANiaW5n"",""rs"":0,""typ"":""""}",https://m.media-amazon.com/images/I/61meF+7A-xS._AC_SL1500_.jpg,,https://www.google.com/search?q=Kingston%204GB%202666MHz%20DDR4%20FURY%20Beast%20-%20Manufacturer%20Stock%20Image&source=lnms&tbm=isch&sa=X&ved=2ahUKEwi_sfHlpeb8AhUvhP0HHVD6B6oQ_AUoAnoECAEQBA&biw=1920&bih=1009&dpr=1,https://www.google.com/search?q=Kingston%204GB%202666MHz%20DDR4%20FURY%20Beast%20-%20Manufacturer%20Stock%20Image&source=lnms&tbm=isch&sa=X&ved=2ahUKEwi_sfHlpeb8AhUvhP0HHVD6B6oQ_AUoAnoECAEQBA&biw=1920&bih=1009&dpr=1
Kingston 4GB 3200MHz DDR4 CL16 DIMM FURY Beast Black,Brand New,1,99,99,200,200,Kingston%204GB%203200MHz%20DDR4%20CL16%20DIMM%20FURY%20Beast%20Black%20-%20Manufacturer%20Stock%20Image,https://images.search.yahoo.com/search/images?p=Kingston%204GB%203200MHz%20DDR4%20CL16%20DIMM%20FURY%20Beast%20Black%20-%20Manufacturer%20Stock%20Image,"{""tw"":""1000"",""th"":""1000"",""tc"":""0"",""rtc"":"""",""stc"":"""",""a"":""www.mybest.my"",""s"":""306.0KB"",""w"":""1000"",""h"":""1000"",""hq"":false,""o"":"""",""c"":"""",""p"":false,""g"":"""",""sm"":"""",""is"":"""",""icMeta"":[],""rurl"":""https:\/\/www.mybest.my\/Ram\/kingston-hyperx-fury-beast-rgb-8gb-3200mhz-ddr4-cl16-dimm-fury-beast-black"",""sigr"":""YQdq_R4oaxWo"",""hturl"":"""",""ad"":false,""alt"":""KINGSTON 
HYPERX FURY BEAST RGB 3200MHZ DDR4 CL16 DIMM FURY 
BEAST"",""rtl"":0,""iurl"":""https:\/\/www.mybest.my\/image\/mybest\/image\/cache\/data\/all_product_images\/product-4088\/FURY%20D4%203200%2016GB%20RGB-1000x1000.png"",""sigi"":""BgGAUvNRW9g1"",""ourl"":""https:\/\/www.mybest.my\/image\/mybest\/image\/cache\/data\/all_product_images\/product-4088\/FURY%20D4%203200%2016GB%20RGB-1000x1000.png"",""ith"":""https:\/\/tse4.mm.bing.net\/th?id=OIP.r-mCPu1Dsxh1WvWMC95DOQHaHa\u0026pid=Api\u0026P=0\u0026w=300\u0026h=300"",""rb"":"";_ylt=Awr9_Td2JwNmjgUI.QyJzbkF;_ylu=c2VjA3NyBHNsawNpbWcEb2lkAzI4NDMwZDM4ODYwYmE3YjM4NWNhMmExODc2MTI5YWQ1BGdwb3MDMQRpdANiaW5n"",""rs"":0,""typ"":""""}",https://m.media-amazon.com/images/I/61meF+7A-xS._AC_SL1500_.jpg,,https://www.google.com/search?q=Kingston%204GB%203200MHz%20DDR4%20CL16%20DIMM%20FURY%20Beast%20Black%20-%20Manufacturer%20Stock%20Image&source=lnms&tbm=isch&sa=X&ved=2ahUKEwi_sfHlpeb8AhUvhP0HHVD6B6oQ_AUoAnoECAEQBA&biw=1920&bih=1009&dpr=1,https://www.google.com/search?q=Kingston%204GB%203200MHz%20DDR4%20CL16%20DIMM%20FURY%20Beast%20Black%20-%20Manufacturer%20Stock%20Image&source=lnms&tbm=isch&sa=X&ved=2ahUKEwi_sfHlpeb8AhUvhP0HHVD6B6oQ_AUoAnoECAEQBA&biw=1920&bih=1009&dpr=1
Sunflex Beach Ball Set ,Brand New,5,19,95,90,450,Sunflex%20Beach%20Ball%20Set%20%20-%20Manufacturer%20Stock%20Image,https://images.search.yahoo.com/search/images?p=Sunflex%20Beach%20Ball%20Set%20%20-%20Manufacturer%20Stock%20Image,"{""tw"":""599"",""th"":""960"",""tc"":""0"",""rtc"":"""",""stc"":"""",""a"":""www.otto.de"",""s"":""89.1KB"",""w"":""599"",""h"":""960"",""hq"":false,""o"":"""",""c"":"""",""p"":false,""g"":"""",""sm"":"""",""is"":"""",""icMeta"":[],""rurl"":""https:\/\/www.otto.de\/p\/sunflex-beachball-neopren-beachball-set-color-pro-S0I5M0DC\/"",""sigr"":""6hijqdCpnUnw"",""hturl"":"""",""ad"":false,""alt"":""Sunflex 
Beachball \u00bbNeopren Beachball Set Color 
Pro\u00ab"",""rtl"":0,""iurl"":""https:\/\/i.otto.de\/i\/otto\/cc47fa47-576a-59d8-9b13-98d015401440\/sunflex-beachball-neopren-beachball-set-color-pro.jpg?$formatz$"",""sigi"":""Op1s.aTqk0LP"",""ourl"":""https:\/\/i.otto.de\/i\/otto\/cc47fa47-576a-59d8-9b13-98d015401440\/sunflex-beachball-neopren-beachball-set-color-pro.jpg?$formatz$"",""ith"":""https:\/\/tse4.mm.bing.net\/th?id=OIP.NKebSplmIeaChEiwniscDAHaL3\u0026pid=Api\u0026P=0\u0026w=300\u0026h=300"",""rb"":"";_ylt=Awrjbo9tMQNmrB8YFZGJzbkF;_ylu=c2VjA3NyBHNsawNpbWcEb2lkAzJhZGJjYjc0NGI5YmMxM2U4MDE2MzVkMDYzNDA0MDNlBGdwb3MDMQRpdANiaW5n"",""rs"":0,""typ"":""""}",https://i.otto.de/i/otto/cc47fa47-576a-59d8-9b13-98d015401440/sunflex-beachball-neopren-beachball-set-color-pro.jpg?$formatz$,,https://www.google.com/search?q=Sunflex%20Beach%20Ball%20Set%20%20-%20Manufacturer%20Stock%20Image&source=lnms&tbm=isch&sa=X&ved=2ahUKEwi_sfHlpeb8AhUvhP0HHVD6B6oQ_AUoAnoECAEQBA&biw=1920&bih=1009&dpr=1,https://www.google.com/search?q=Sunflex%20Beach%20Ball%20Set%20%20-%20Manufacturer%20Stock%20Image&source=lnms&tbm=isch&sa=X&ved=2ahUKEwi_sfHlpeb8AhUvhP0HHVD6B6oQ_AUoAnoECAEQBA&biw=1920&bih=1009&dpr=1
VOLKANO EARPHONES SPORTS MOTION BT EA VK-1005-GRWT,Brand New,3,29,87,130,390,VOLKANO%20EARPHONES%20SPORTS%20MOTION%20BT%20EA%20VK-1005-GRWT%20-%20Manufacturer%20Stock%20Image,https://images.search.yahoo.com/search/images?p=VOLKANO%20EARPHONES%20SPORTS%20MOTION%20BT%20EA%20VK-1005-GRWT%20-%20Manufacturer%20Stock%20Image,"{""tw"":""800"",""th"":""800"",""tc"":""0"",""rtc"":"""",""stc"":"""",""a"":""www.geewiz.co.za"",""s"":""21.4KB"",""w"":""800"",""h"":""800"",""hq"":false,""o"":"""",""c"":"""",""p"":false,""g"":"""",""sm"":"""",""is"":"""",""icMeta"":[],""rurl"":""https:\/\/www.geewiz.co.za\/earphones\/64816-volkano-vk-1005-grwt-motion-grey-white-bluetooth-earphones.html"",""sigr"":""ele1WGHHpmVI"",""hturl"":"""",""ad"":false,""alt"":""Volkano 
VK-1005-GRWT Motion Grey \u0026 White Bluetooth Earphones - 
GeeWiz"",""rtl"":0,""iurl"":""https:\/\/www.geewiz.co.za\/79922-large_default\/volkano-vk-1005-grwt-motion-grey-white-bluetooth-earphones.jpg"",""sigi"":""d82uz14HGyJJ"",""ourl"":""https:\/\/www.geewiz.co.za\/79922-large_default\/volkano-vk-1005-grwt-motion-grey-white-bluetooth-earphones.jpg"",""ith"":""https:\/\/tse2.mm.bing.net\/th?id=OIP.lPZpXKCx_uXf7CMVk-xmZAHaHa\u0026pid=Api\u0026P=0\u0026w=300\u0026h=300"",""rb"":"";_ylt=Awr9_TdHMgNmnHYI9FyJzbkF;_ylu=c2VjA3NyBHNsawNpbWcEb2lkAzNiNTc1MTQzYzQyYzc2ZTVhMGUyY2NkMDI1YzE2MjBkBGdwb3MDMgRpdANiaW5n"",""rs"":0,""typ"":""""}",https://www.geewiz.co.za/79922-large_default/volkano-vk-1005-grwt-motion-grey-white-bluetooth-earphones.jpg,,https://www.google.com/search?q=VOLKANO%20EARPHONES%20SPORTS%20MOTION%20BT%20EA%20VK-1005-GRWT%20-%20Manufacturer%20Stock%20Image&source=lnms&tbm=isch&sa=X&ved=2ahUKEwi_sfHlpeb8AhUvhP0HHVD6B6oQ_AUoAnoECAEQBA&biw=1920&bih=1009&dpr=1,https://www.google.com/search?q=VOLKANO%20EARPHONES%20SPORTS%20MOTION%20BT%20EA%20VK-1005-GRWT%20-%20Manufacturer%20Stock%20Image&source=lnms&tbm=isch&sa=X&ved=2ahUKEwi_sfHlpeb8AhUvhP0HHVD6B6oQ_AUoAnoECAEQBA&biw=1920&bih=1009&dpr=1